Entidad,Municipio,Muertos,Hombre,Mujer,No Identificado,Fuente,Fecha
,,0,0,0,0,,2024-06-28
,,0,0,0,0,,2024-06-28
,,0,0,0,0,,2024-06-28
"Baja
California
(9)",Mexicali,1,1,0,0,La Voz de la Frontera,2024-06-28
,Tijuana,1,1,0,0,El Mexicano,2024-06-28
,Tijuana,1,1,0,0,La Jornada,2024-06-28
,Tijuana,1,1,0,0,Uniradio Informa,2024-06-28
,Tijuana,1,1,0,0,Uniradio Informa,2024-06-28
,Tijuana,1,1,0,0,Uniradio Informa,2024-06-28
,Tijuana,1,1,0,0,Uniradio Informa,2024-06-28
,Tijuana,1,1,0,0,Uniradio Informa,2024-06-28
,Tijuana,1,1,0,0,Uniradio Informa,2024-06-28
"Campeche
(1)",Calakmul,0,1,0,0,Canal 13 Mexico,2024-06-28
,,1,0,0,0,,2024-06-28
,,0,0,0,0,,2024-06-28
"Chiapas
(1)",Jiquipilas,0,1,0,0,Diario de Chiapas,2024-06-28
,,1,0,0,0,,2024-06-28
,,0,0,0,0,,2024-06-28
"Chihuahua
(9)","Hidalgo del
Parral",0,1,0,0,El Sol de Durango,2024-06-28
,,1,0,0,0,,2024-06-28
,,0,0,0,0,,2024-06-28
,Juarez,6,4,0,2,El Diario,2024-06-28
,Juarez,1,0,0,1,El Diario,2024-06-28
,Juarez,0,1,0,0,"El Diario de Ciudad
Juarez",2024-06-28
,,1,0,0,0,,2024-06-28
,,0,0,0,0,,2024-06-28
"Ciudad de
Mexico
(2)","Gustavo A.
Madero",0,0,1,0,La Prensa,2024-06-28
,,1,0,0,0,,2024-06-28
,,0,0,0,0,,2024-06-28
,"Gustavo A.
Madero",0,1,0,0,Twitter,2024-06-28
,,1,0,0,0,,2024-06-28
,,0,0,0,0,,2024-06-28
"Colima
(3)",Colima,1,1,0,0,Colima Noticias,2024-06-28
,Colima,1,0,1,0,Diario de Colima,2024-06-28
,Villa de Alvarez,1,1,0,0,Colima Noticias,2024-06-28
"Durango
(1)",Ocampo,0,1,0,0,El Monitor,2024-06-28
,,1,0,0,0,,2024-06-28
,,0,0,0,0,,2024-06-28
"Guanajuato
(11)","Apaseo el
Grande",0,0,0,1,Noventa Grados,2024-06-28
,,1,0,0,0,,2024-06-28
,,0,0,0,0,,2024-06-28
,Celaya,1,0,0,1,Periodico Correo,2024-06-28
,Celaya,3,3,0,0,Zona Franca,2024-06-28
,Celaya,1,1,0,0,Zona Franca,2024-06-28
,Irapuato,1,0,0,1,Zona Franca,2024-06-28
,Leon,2,1,1,0,El Sol de Leon,2024-06-28
,Salamanca,1,1,0,0,Periodico Correo,2024-06-28
,Salvatierra,1,1,0,0,Noventa Grados,2024-06-28
"Guerrero
(2)","Chilpancingo
de los Bravo",0,1,0,0,El Sol de Acapulco,2024-06-28
,,1,0,0,0,,2024-06-28
,,0,0,0,0,,2024-06-28
,"Iguala de la
Independencia",0,1,0,0,"Agencia de Noticias
Guerrero",2024-06-28
,,1,0,0,0,,2024-06-28
,,0,0,0,0,,2024-06-28
"Hidalgo
(1)",Tolcayuca,0,1,0,0,La Silla Rota,2024-06-28
,,1,0,0,0,,2024-06-28
,,0,0,0,0,,2024-06-28
"Jalisco
(1)",Guadalajara,0,1,0,0,Guardia Nocturna,2024-06-28
,,1,0,0,0,,2024-06-28
,,0,0,0,0,,2024-06-28
"Michoacan
de
Ocampo
(3)",Morelia,2,2,0,0,La Voz de Michoacan,2024-06-28
,Morelia,0,1,0,0,Mi Morelia,2024-06-28
,,1,0,0,0,,2024-06-28
,,0,0,0,0,,2024-06-28
"Morelos
(4)",Cuernavaca,1,1,0,0,El Sol de Cuernavaca,2024-06-28
,Jojutla,1,0,0,1,Noticias de Morelos,2024-06-28
,Temixco,1,1,0,0,Central de Noticias,2024-06-28
,Temixco,1,0,1,0,La Union,2024-06-28
"Nuevo
Leon
(2)","Cadereyta
Jimenez",0,1,0,0,El Porvenir,2024-06-28
,,1,0,0,0,,2024-06-28
,,0,0,0,0,,2024-06-28
,"General
Escobedo",0,1,0,0,Telediario,2024-06-28
,,1,0,0,0,,2024-06-28
,,0,0,0,0,,2024-06-28
"Oaxaca
(3)",Salina Cruz,1,1,0,0,La Onda Oaxaca,2024-06-28
,"San Mateo
Nejapam",0,0,1,0,RIOaxaca,2024-06-28
,,1,0,0,0,,2024-06-28
,,0,0,0,0,,2024-06-28
,"San Pedro
Mixtepec (22)",0,1,0,0,El Pinero de la Cuenca,2024-06-28
,,1,0,0,0,,2024-06-28
,,0,0,0,0,,2024-06-28
"Puebla
(1)",Puebla,0,1,0,0,El Sol de Puebla,2024-06-28
,,1,0,0,0,,2024-06-28
,,0,0,0,0,,2024-06-28
"San Luis
Potosi
(1)",Tanlajas,0,1,0,0,Pulso San Luis Potosi,2024-06-28
,,1,0,0,0,,2024-06-28
,,0,0,0,0,,2024-06-28
"Sinaloa
(1)",Culiacan,0,1,0,0,Debate,2024-06-28
,,1,0,0,0,,2024-06-28
,,0,0,0,0,,2024-06-28
"Sonora
(4)",Hermosillo,1,0,0,1,Proyecto Puente,2024-06-28
,"San Luis Rio
Colorado",0,2,0,0,Entorno Informativo,2024-06-28
,,2,0,0,0,,2024-06-28
,,0,0,0,0,,2024-06-28
,"San Luis Rio
Colorado",0,1,0,0,Radar Sonora,2024-06-28
,,1,0,0,0,,2024-06-28
,,0,0,0,0,,2024-06-28
"Tabasco
(6)",Cardenas,1,1,0,0,XEVA Noticias,2024-06-28
,Centro,1,1,0,0,El Heraldo de Tabasco,2024-06-28
,Comalcalco,1,1,0,0,El Heraldo de Tabasco,2024-06-28
,Huimanguillo,3,3,0,0,De Peso,2024-06-28
"Veracruz
de Ignacio","Hueyapan de
Ocampo",0,1,0,0,El Pinero de la Cuenca,2024-06-28
,,1,0,0,0,,2024-06-28
,,0,0,0,0,,2024-06-28
"de la Llave
(1)",,0,0,0,0,,2024-06-28
Totales:,,67,54,5,8,,2024-06-28
