Entidad,Municipio,Muertos,Hombre,Mujer,No Identificado,Fuente,Fecha
,,0,0,0,0,,2024-08-09
,,0,0,0,0,,2024-08-09
,,0,0,0,0,,2024-08-09
"Baja
California
(6)",Mexicali,1,1,0,0,Facebook,2024-08-09
,Tijuana,1,1,0,0,El Imparcial,2024-08-09
,Tijuana,1,1,0,0,Sintesis TV,2024-08-09
,Tijuana,1,1,0,0,Uniradio Informa,2024-08-09
,Tijuana,1,1,0,0,Uniradio Informa,2024-08-09
,Tijuana,1,1,0,0,Uniradio Informa,2024-08-09
"Chiapas
(2)",Pijijiapan,1,1,0,0,Facebook,2024-08-09
,Tapachula,1,0,1,0,Diario del Sur,2024-08-09
"Chihuahua
(8)",Chihuahua,1,1,0,0,La Opcion de Chihuahua,2024-08-09
,Juarez,2,2,0,0,AR Noticias,2024-08-09
,Juarez,1,1,0,0,AR Noticias,2024-08-09
,Juarez,1,1,0,0,La Opcion de Chihuahua,2024-08-09
,Juarez,2,2,0,0,La Opcion de Chihuahua,2024-08-09
,Juarez,1,1,0,0,La Opcion de Chihuahua,2024-08-09
"Ciudad de
Mexico
(1)","Miguel
Hidalgo",0,1,0,0,Infobae,2024-08-09
,,1,0,0,0,,2024-08-09
,,0,0,0,0,,2024-08-09
"Coahuila
de
Zaragoza
(1)",Muzquiz,0,0,1,0,El Sol de la Laguna,2024-08-09
,,1,0,0,0,,2024-08-09
,,0,0,0,0,,2024-08-09
"Colima
(3)",Colima,1,1,0,0,Colima Noticias,2024-08-09
,Cuauhtemoc,1,1,0,0,Colima Noticias,2024-08-09
,"Villa de
Alvarez",0,1,0,0,Colima Noticias,2024-08-09
,,1,0,0,0,,2024-08-09
,,0,0,0,0,,2024-08-09
"Guanajuato
(9)",Abasolo,1,1,0,0,Periodico Correo,2024-08-09
,Abasolo,1,0,1,0,Periodico Correo,2024-08-09
,Celaya,1,1,0,0,Periodico Correo,2024-08-09
,Celaya,4,4,0,0,Zona Franca,2024-08-09
,Irapuato,1,0,1,0,El Sol de Irapuato,2024-08-09
,"Jaral del
Progreso",0,1,0,0,El Sol de Salamanca,2024-08-09
,,1,0,0,0,,2024-08-09
,,0,0,0,0,,2024-08-09
"Guerrero
(2)","Acapulco de
Juarez",0,0,0,2,Quadratin Guerrero,2024-08-09
,,2,0,0,0,,2024-08-09
,,0,0,0,0,,2024-08-09
Jalisco,Guadalajara,1,1,0,0,Guardia Nocturna,2024-08-09
(10),"Lagos de
Moreno",0,1,0,0,Facebook,2024-08-09
,,1,0,0,0,,2024-08-09
,,0,0,0,0,,2024-08-09
,"San Pedro
Tlaquepaque",0,4,0,0,Milenio,2024-08-09
,,4,0,0,0,,2024-08-09
,,0,0,0,0,,2024-08-09
,"Tlajomulco
de Zuniga",0,0,0,1,Telediario,2024-08-09
,,1,0,0,0,,2024-08-09
,,0,0,0,0,,2024-08-09
,Tonala,2,2,0,0,Jalisco Rojo Oficial,2024-08-09
,Tonala,1,1,0,0,Twitter,2024-08-09
"Mexico
(4)",Otzolotepec,2,2,0,0,Quadratin Edomex,2024-08-09
,Xonacatlan,2,2,0,0,Facebook,2024-08-09
"Michoacan
de
Ocampo
(7)",Apatzingan,1,1,0,0,Noventa Grados,2024-08-09
,Chilchota,1,0,1,0,Red 113,2024-08-09
,Uruapan,3,0,0,3,La Voz de Michoacan,2024-08-09
,Zacapu,2,0,2,0,La Voz de Michoacan,2024-08-09
"Morelos
(1)",Cuautla,0,1,0,0,Diario de Morelos,2024-08-09
,,1,0,0,0,,2024-08-09
,,0,0,0,0,,2024-08-09
"Nayarit
(4)",Tepic,0,0,0,4,Nayarit Noticias,2024-08-09
,,4,0,0,0,,2024-08-09
,,0,0,0,0,,2024-08-09
"Nuevo
Leon
(1)",Juarez,0,1,0,0,Excelsior,2024-08-09
,,1,0,0,0,,2024-08-09
,,0,0,0,0,,2024-08-09
"Quintana
Roo
(3)",Solidaridad,1,0,1,0,Noticaribe,2024-08-09
,Solidaridad,0,2,0,0,"Novedades de Quintana
Roo",2024-08-09
,,2,0,0,0,,2024-08-09
,,0,0,0,0,,2024-08-09
"San Luis
Potosi
(1)","San Luis
Potosi",0,1,0,0,Pulso San Luis Potosi,2024-08-09
,,1,0,0,0,,2024-08-09
,,0,0,0,0,,2024-08-09
"Sonora
(2)",Hermosillo,1,1,0,0,Proyecto Puente,2024-08-09
,"San Luis Rio
Colorado",0,1,0,0,Tribuna de San Luis,2024-08-09
,,1,0,0,0,,2024-08-09
,,0,0,0,0,,2024-08-09
"Tabasco
(4)",Comalcalco,1,1,0,0,Tabasco Hoy,2024-08-09
,Cunduacan,1,1,0,0,Twitter,2024-08-09
,Paraiso,1,1,0,0,El Heraldo de Tabasco,2024-08-09
,Teapa,1,1,0,0,El Heraldo de Tabasco,2024-08-09
"Tamaulipas
(5)","Miguel
Aleman",0,1,0,0,Facebook,2024-08-09
,,1,0,0,0,,2024-08-09
,,0,0,0,0,,2024-08-09
,"Miguel
Aleman",0,1,0,0,Hoy Tamaulipas,2024-08-09
,,1,0,0,0,,2024-08-09
,,0,0,0,0,,2024-08-09
,Padilla,1,1,0,0,Facebook,2024-08-09
,Reynosa,2,2,0,0,Facebook,2024-08-09
"Veracruz
de Ignacio","Alamo
Temapache",0,1,0,0,XEU Noticias,2024-08-09
,,1,0,0,0,,2024-08-09
,,0,0,0,0,,2024-08-09
"de la Llave
(1)",,0,0,0,0,,2024-08-09
"Zacatecas
(1)",Jerez,0,1,0,0,NTR Zacatecas,2024-08-09
,,1,0,0,0,,2024-08-09
,,0,0,0,0,,2024-08-09
Totales:,,76,58,8,10,,2024-08-09
