Entidad,Municipio,Muertos,Hombre,Mujer,No Identificado,Fuente,Fecha
,,0,0,0,0,,2024-08-27
,,0,0,0,0,,2024-08-27
,,0,0,0,0,,2024-08-27
"Baja
California
(4)",Tijuana,1,0,0,1,AFN Tijuana,2024-08-27
,Tijuana,1,1,0,0,La Jornada,2024-08-27
,Tijuana,0,1,1,0,"La Jornada Baja
California",2024-08-27
,,2,0,0,0,,2024-08-27
,,0,0,0,0,,2024-08-27
"Chiapas
(1)",Tapachula,0,1,0,0,Diario del Sur,2024-08-27
,,1,0,0,0,,2024-08-27
,,0,0,0,0,,2024-08-27
"Chihuahua
(2)",Juarez,1,1,0,0,El heraldo de Chihuahua,2024-08-27
,Juarez,1,0,1,0,Impacto Noticias,2024-08-27
"Colima
(1)","Villa de
Alvarez",0,1,0,0,Colima al dia,2024-08-27
,,1,0,0,0,,2024-08-27
,,0,0,0,0,,2024-08-27
"Guanajuato
(13)",Celaya,1,1,0,0,Informativo Agora,2024-08-27
,Celaya,5,3,2,0,Milenio,2024-08-27
,Irapuato,1,0,0,1,El Sol de Irapuato,2024-08-27
,Irapuato,2,2,0,0,Periodico Correo,2024-08-27
,Salvatierra,4,4,0,0,Periodico Correo,2024-08-27
"Guerrero
(5)","Acapulco de
Juarez",0,1,0,0,"Agencia de Noticias
Guerrero",2024-08-27
,,1,0,0,0,,2024-08-27
,,0,0,0,0,,2024-08-27
,Cuajinicuilapa,2,1,1,0,Quadratin Guerrero,2024-08-27
,Ometepec,1,0,1,0,El Sol de Chilpancingo,2024-08-27
,"Tlapa de
Comonfort",0,1,0,0,El Sol de Chilpancingo,2024-08-27
,,1,0,0,0,,2024-08-27
,,0,0,0,0,,2024-08-27
"Jalisco
(3)","San Pedro
Tlaquepaque",0,0,0,1,Guardia Nocturna,2024-08-27
,,1,0,0,0,,2024-08-27
,,0,0,0,0,,2024-08-27
,"San Pedro
Tlaquepaque",0,1,0,0,Guardia Nocturna,2024-08-27
,,1,0,0,0,,2024-08-27
,,0,0,0,0,,2024-08-27
,"San Pedro
Tlaquepaque",0,1,0,0,Telediario,2024-08-27
,,1,0,0,0,,2024-08-27
,,0,0,0,0,,2024-08-27
"Mexico
(3)","Ecatepec de
Morelos",0,0,1,0,La Prensa,2024-08-27
,,1,0,0,0,,2024-08-27
,,0,0,0,0,,2024-08-27
,Zumpango,2,2,0,0,La Silla Rota,2024-08-27
"Michoacan
de Ocampo
(2)",Zamora,0,1,0,0,"Grupo Marmor
Multimedios",2024-08-27
,,1,0,0,0,,2024-08-27
,,0,0,0,0,,2024-08-27
,Zamora,1,1,0,0,Red 113,2024-08-27
"Morelos
(2)",Cuernavaca,1,1,0,0,La Union,2024-08-27
,Jojutla,1,1,0,0,24 Morelos,2024-08-27
"Nuevo
Leon",Garcia,2,2,0,0,El Horizonte,2024-08-27
,Juarez,2,2,0,0,Posta,2024-08-27
(5),Monterrey,1,1,0,0,ABC Noticias,2024-08-27
"Oaxaca
(7)",Chahuites,1,1,0,0,El Pinero de la Cuenca,2024-08-27
,"Juchitan de
Zaragoza",0,1,0,0,Contrapropuesta,2024-08-27
,,1,0,0,0,,2024-08-27
,,0,0,0,0,,2024-08-27
,"San Francisco
del Mar",0,0,3,0,Imparcial de Oaxaca,2024-08-27
,,3,0,0,0,,2024-08-27
,,0,0,0,0,,2024-08-27
,"San Pedro
Mixtepec (22)",0,1,0,0,Imparcial de Oaxaca,2024-08-27
,,1,0,0,0,,2024-08-27
,,0,0,0,0,,2024-08-27
,"Santiago
Yaitepec",0,1,0,0,Primera Linea MX,2024-08-27
,,1,0,0,0,,2024-08-27
,,0,0,0,0,,2024-08-27
"Quintana
Roo
(1)","Othon P.
Blanco",0,1,0,0,Noticaribe,2024-08-27
,,1,0,0,0,,2024-08-27
,,0,0,0,0,,2024-08-27
"Sinaloa
(1)",Badiraguato,0,1,0,0,Reflectores MX,2024-08-27
,,1,0,0,0,,2024-08-27
,,0,0,0,0,,2024-08-27
"Tabasco
(2)",Centro,1,1,0,0,Tabasco Hoy,2024-08-27
,Centro,1,1,0,0,Tabasco Hoy,2024-08-27
"Tlaxcala
(1)","San Pablo del
Monte",0,0,0,1,Gentlx,2024-08-27
,,1,0,0,0,,2024-08-27
,,0,0,0,0,,2024-08-27
"Veracruz
de Ignacio
de la Llave
(1)",Cordoba,0,1,0,0,Vanguardia Veracruz,2024-08-27
,,1,0,0,0,,2024-08-27
,,0,0,0,0,,2024-08-27
Totales:,,54,40,10,4,,2024-08-27
