Entidad,Municipio,Muertos,Hombre,Mujer,No Identificado,Fuente,Fecha
,,0,0,0,0,,2024-04-20
,,0,0,0,0,,2024-04-20
,,0,0,0,0,,2024-04-20
"Aguascalientes
(1)",Aguascalientes,0,1,0,0,"El Sol del
Centro",2024-04-20
,,1,0,0,0,,2024-04-20
,,0,0,0,0,,2024-04-20
"Baja California
(1)",Tijuana,0,0,1,0,AFN Tijuana,2024-04-20
,,1,0,0,0,,2024-04-20
,,0,0,0,0,,2024-04-20
"Chihuahua
(3)",Chihuahua,1,1,0,0,Canal 44,2024-04-20
,Juarez,1,1,0,0,La Polaka,2024-04-20
,Juarez,1,0,1,0,Noticias,2024-04-20
"Ciudad de Mexico
(3)",Azcapotzalco,2,2,0,0,Milenio,2024-04-20
,Cuauhtemoc,1,1,0,0,El Universal,2024-04-20
"Coahuila de Zaragoza
(1)",Saltillo,0,1,0,0,Vanguardia,2024-04-20
,,1,0,0,0,,2024-04-20
,,0,0,0,0,,2024-04-20
"Colima
(4)",Colima,0,0,1,0,"AD Archivo
Digital",2024-04-20
,,1,0,0,0,,2024-04-20
,,0,0,0,0,,2024-04-20
,Cuauhtemoc,0,2,0,0,"Colima
Noticias",2024-04-20
,,2,0,0,0,,2024-04-20
,,0,0,0,0,,2024-04-20
,Manzanillo,0,1,0,0,"Colima
Noticias",2024-04-20
,,1,0,0,0,,2024-04-20
,,0,0,0,0,,2024-04-20
"Guanajuato
(10)",Celaya,0,1,0,0,"Periodico
Correo",2024-04-20
,,1,0,0,0,,2024-04-20
,,0,0,0,0,,2024-04-20
,Irapuato,1,1,0,0,AM,2024-04-20
,Irapuato,0,1,0,0,"Periodico
Correo",2024-04-20
,,1,0,0,0,,2024-04-20
,,0,0,0,0,,2024-04-20
,Leon,1,1,0,0,AM,2024-04-20
,Leon,0,1,0,0,"Noticias
Vespertinas",2024-04-20
,,1,0,0,0,,2024-04-20
,,0,0,0,0,,2024-04-20
,Leon,0,1,0,0,"Pagina
Central",2024-04-20
,,1,0,0,0,,2024-04-20
,,0,0,0,0,,2024-04-20
,Leon,0,1,0,0,"Periodico
Correo",2024-04-20
,,1,0,0,0,,2024-04-20
,,0,0,0,0,,2024-04-20
,Salamanca,0,1,0,0,"Periodico
Correo",2024-04-20
,,1,0,0,0,,2024-04-20
,,0,0,0,0,,2024-04-20
,"San Jose
Iturbide",0,1,0,0,"Periodico
Correo",2024-04-20
,,1,0,0,0,,2024-04-20
,,0,0,0,0,,2024-04-20
,"San Jose
Iturbide",0,1,0,0,"Periodico
Correo",2024-04-20
,,1,0,0,0,,2024-04-20
,,0,0,0,0,,2024-04-20
"Guerrero
(3)","Acapulco de
Juarez",0,1,0,0,La Cronica,2024-04-20
,,1,0,0,0,,2024-04-20
,,0,0,0,0,,2024-04-20
,Acapulco de,1,1,0,0,Sur Acapulco,2024-04-20
,Juarez,0,0,0,0,,2024-04-20
,"Acapulco de
Juarez",0,1,0,0,Sur Acapulco,2024-04-20
,,1,0,0,0,,2024-04-20
,,0,0,0,0,,2024-04-20
"Hidalgo
(2)","Pachuca de
Soto",0,1,0,0,La Silla Rota,2024-04-20
,,1,0,0,0,,2024-04-20
,,0,0,0,0,,2024-04-20
,"Tula de
Allende",0,1,0,0,Quadratin,2024-04-20
,,1,0,0,0,,2024-04-20
,,0,0,0,0,,2024-04-20
"Jalisco
(3)","Ahualulco de
Mercado",0,1,0,0,Debate,2024-04-20
,,1,0,0,0,,2024-04-20
,,0,0,0,0,,2024-04-20
,Juanacatlan,0,0,1,0,"Guardia
Nocturna",2024-04-20
,,1,0,0,0,,2024-04-20
,,0,0,0,0,,2024-04-20
,"San Pedro
Tlaquepaque",0,1,0,0,"Guardia
Nocturna",2024-04-20
,,1,0,0,0,,2024-04-20
,,0,0,0,0,,2024-04-20
"Mexico
(2)","San Mateo
Atenco",0,1,0,0,"A Fondo
Edomex",2024-04-20
,,1,0,0,0,,2024-04-20
,,0,0,0,0,,2024-04-20
,Toluca,0,1,0,0,"Reporte
Directo",2024-04-20
,,1,0,0,0,,2024-04-20
,,0,0,0,0,,2024-04-20
"Michoacan de
Ocampo
(3)",La Piedad,0,1,0,0,"Noventa
Grados",2024-04-20
,,1,0,0,0,,2024-04-20
,,0,0,0,0,,2024-04-20
,La Piedad,1,1,0,0,Red 113,2024-04-20
,Morelia,1,1,0,0,Red 113,2024-04-20
"Morelos
(2)",Ayala,1,1,0,0,Multimagen,2024-04-20
,Xochitepec,1,1,0,0,La Union,2024-04-20
"Nuevo Leon
(2)",Monterrey,1,1,0,0,ABC Noticias,2024-04-20
,Monterrey,1,1,0,0,Milenio,2024-04-20
"Puebla
(1)",Puebla,0,1,0,0,"El Sol de
Puebla",2024-04-20
,,1,0,0,0,,2024-04-20
,,0,0,0,0,,2024-04-20
"San Luis Potosi
(1)",El Naranjo,0,0,1,0,"El Sol de San
Luis",2024-04-20
,,1,0,0,0,,2024-04-20
,,0,0,0,0,,2024-04-20
"Sinaloa
(1)",Culiacan,0,1,0,0,Extraoficial,2024-04-20
,,1,0,0,0,,2024-04-20
,,0,0,0,0,,2024-04-20
"Sonora
(1)",Cajeme,0,1,0,0,El Imparcial,2024-04-20
,,1,0,0,0,,2024-04-20
,,0,0,0,0,,2024-04-20
"Tabasco
(2)",Centro,0,2,0,0,Meganoticias,2024-04-20
,,2,0,0,0,,2024-04-20
,,0,0,0,0,,2024-04-20
"Veracruz de Ignacio
de la Llave
(3)",Acayucan,1,1,0,0,La Nigua,2024-04-20
,Ixtaczoquitlan,1,1,0,0,La Nigua,2024-04-20
,"Nanchital de
Lazaro
Cardenas del
Rio",0,1,0,0,"Diario del
Istmo",2024-04-20
,,1,0,0,0,,2024-04-20
,,0,0,0,0,,2024-04-20
Totales:,,49,44,5,0,,2024-04-20
