Entidad,Municipio,Muertos,Hombre,Mujer,No Identificado,Fuente,Fecha
,,0,0,0,0,,2024-04-24
,,0,0,0,0,,2024-04-24
,,0,0,0,0,,2024-04-24
"Baja
California
(5)",Tijuana,1,1,0,0,Alfredoalvarez.mx,2024-04-24
,Tijuana,1,0,1,0,El Sol de Tijuana,2024-04-24
,Tijuana,1,0,0,1,El Sol de Tijuana,2024-04-24
,Tijuana,1,1,0,0,El Sol de Tijuana,2024-04-24
,Tijuana,1,1,0,0,Uniradio Informa,2024-04-24
"Campeche
(1)",Campeche,0,1,0,0,Estamos Aqui,2024-04-24
,,1,0,0,0,,2024-04-24
,,0,0,0,0,,2024-04-24
"Chiapas
(1)",Suchiate,0,1,0,0,Diario del Sur,2024-04-24
,,1,0,0,0,,2024-04-24
,,0,0,0,0,,2024-04-24
"Chihuahua
(7)",Chihuahua,1,1,0,0,El Diario,2024-04-24
,Chihuahua,1,1,0,0,La Opcion,2024-04-24
,Juarez,1,1,0,0,El Diario,2024-04-24
,Juarez,1,1,0,0,El Diario de Chihuahua,2024-04-24
,Juarez,3,0,0,3,El Diario de Chihuahua,2024-04-24
"Colima
(2)",Manzanillo,1,1,0,0,Diario de Colima,2024-04-24
,Villa de Alvarez,1,1,0,0,Meganoticias,2024-04-24
"Guanajuato
(4)",Celaya,1,1,0,0,Periodico Correo,2024-04-24
,Irapuato,1,1,0,0,Guanajuato Informa,2024-04-24
,Leon,1,1,0,0,AM,2024-04-24
,Leon,1,1,0,0,Zona Franca,2024-04-24
"Guerrero
(4)","Acapulco de
Juarez",0,1,0,0,"Agencia de Noticias
Guerrero",2024-04-24
,,1,0,0,0,,2024-04-24
,,0,0,0,0,,2024-04-24
,"Acapulco de
Juarez",0,1,0,0,Quadratin Guerrero,2024-04-24
,,1,0,0,0,,2024-04-24
,,0,0,0,0,,2024-04-24
,"Chilpancingo
de los Bravo",0,1,0,0,El Sur,2024-04-24
,,1,0,0,0,,2024-04-24
,,0,0,0,0,,2024-04-24
,"Zihuatanejo de
Azueta",0,1,0,0,Quadratin,2024-04-24
,,1,0,0,0,,2024-04-24
,,0,0,0,0,,2024-04-24
"Hidalgo
(1)","Villa de
Tezontepec",0,1,0,0,Criterio Hidalgo,2024-04-24
,,1,0,0,0,,2024-04-24
,,0,0,0,0,,2024-04-24
"Jalisco
(6)",El Salto,1,0,1,0,Notisistema,2024-04-24
,"Lagos de
Moreno",0,0,1,0,TV Azteca,2024-04-24
,,1,0,0,0,,2024-04-24
,,0,0,0,0,,2024-04-24
,Puerto Vallarta,1,0,1,0,Telediario,2024-04-24
,"Tlajomulco de
Zuniga",0,0,1,0,Telediario,2024-04-24
,,1,0,0,0,,2024-04-24
,,0,0,0,0,,2024-04-24
,Tonala,2,2,0,0,El Occidental,2024-04-24
"Mexico
(11)",Ixtapaluca,1,1,0,0,Canal 10,2024-04-24
,Ixtlahuaca,0,0,0,1,"A Fondo Estado de
Mexico",2024-04-24
,,1,0,0,0,,2024-04-24
,,0,0,0,0,,2024-04-24
,Nezahualcoyotl,1,0,1,0,La Prensa,2024-04-24
,"Nicolas
Romero",0,0,0,6,Reforma,2024-04-24
,,6,0,0,0,,2024-04-24
,,0,0,0,0,,2024-04-24
,Tenancingo,2,2,0,0,Tres PM Noticias,2024-04-24
"Michoacan
de Ocampo
(1)",Uruapan,0,1,0,0,La Voz de Michoacan,2024-04-24
,,1,0,0,0,,2024-04-24
,,0,0,0,0,,2024-04-24
"Nuevo
Leon
(9)",Apodaca,1,1,0,0,Telediario,2024-04-24
,Garcia,1,1,0,0,Telediario,2024-04-24
,"General
Zuazua",0,1,0,0,El Porvenir,2024-04-24
,,1,0,0,0,,2024-04-24
,,0,0,0,0,,2024-04-24
,Linares,4,4,0,0,Telediario,2024-04-24
,Montemorelos,1,1,0,0,Telediario,2024-04-24
,Monterrey,1,1,0,0,Posta,2024-04-24
"Puebla
(1)",Puebla,0,0,0,1,Urbano Puebla,2024-04-24
,,1,0,0,0,,2024-04-24
,,0,0,0,0,,2024-04-24
"Quintana
Roo
(1)",Benito Juarez,0,1,0,0,Noticaribe,2024-04-24
,,1,0,0,0,,2024-04-24
,,0,0,0,0,,2024-04-24
"San Luis
Potosi
(2)",San Luis Potosi,1,1,0,0,Pulso San Luis Potosi,2024-04-24
,"San Vicente
Tancuayalab",0,1,0,0,Pulso San Luis Potosi,2024-04-24
,,1,0,0,0,,2024-04-24
,,0,0,0,0,,2024-04-24
"Sinaloa
(7)",Badiraguato,1,1,0,0,Los Noticieristas,2024-04-24
,Culiacan,1,1,0,0,EL Sol de Sinaloa,2024-04-24
,Culiacan,1,0,0,1,Los Noticieristas,2024-04-24
,Culiacan,2,2,0,0,Los Noticieristas,2024-04-24
,Culiacan,1,1,0,0,Los Noticieristas,2024-04-24
,"Salvador
Alvarado",0,1,0,0,Debate,2024-04-24
,,1,0,0,0,,2024-04-24
,,0,0,0,0,,2024-04-24
"Sonora
(9)",Cajeme,1,1,0,0,Diario del Yaqui,2024-04-24
,Cajeme,1,1,0,0,Medios Obson,2024-04-24
,Guaymas,1,1,0,0,El Sol de Hermosillo,2024-04-24
,"San Luis Rio
Colorado",0,1,0,0,Milenio,2024-04-24
,,1,0,0,0,,2024-04-24
,,0,0,0,0,,2024-04-24
,"San Luis Rio
Colorado",0,3,0,0,Tribuna de San Luis,2024-04-24
,,3,0,0,0,,2024-04-24
,,0,0,0,0,,2024-04-24
,"San Luis Rio
Colorado",0,2,0,0,Tribuna de San Luis,2024-04-24
,,2,0,0,0,,2024-04-24
,,0,0,0,0,,2024-04-24
Tabasco,Cardenas,1,1,0,0,El Heraldo de Tabasco,2024-04-24
(6),Centro,2,2,0,0,Infobae,2024-04-24
,Centro,2,2,0,0,Infobae,2024-04-24
,Paraiso,1,0,0,1,XEU Noticias,2024-04-24
"Veracruz de
Ignacio de
la Llave (4)",Coatzacoalcos,1,1,0,0,Al Calor Politico,2024-04-24
,Texistepec,1,0,1,0,Vanguardia,2024-04-24
,Tlapacoyan,1,1,0,0,La Silla Rota,2024-04-24
,Totutla,0,1,0,0,"Escribiendo con tinta
Negra",2024-04-24
,,1,0,0,0,,2024-04-24
,,0,0,0,0,,2024-04-24
Totales:,,82,61,7,14,,2024-04-24
