Entidad,Municipio,Muertos,Hombre,Mujer,No Identificado,Fuente,Fecha
,,0,0,0,0,,2024-07-18
,,0,0,0,0,,2024-07-18
,,0,0,0,0,,2024-07-18
"Baja
California
(10)",Ensenada,1,0,0,1,Zeta Tijuana,2024-07-18
,Ensenada,1,0,0,1,Zeta Tijuana,2024-07-18
,Mexicali,1,1,0,0,La Voz de la Frontera,2024-07-18
,Mexicali,2,2,0,0,Zeta Tijuana,2024-07-18
,Tijuana,1,1,0,0,Baja News,2024-07-18
,Tijuana,1,1,0,0,Uniradio Informa,2024-07-18
,Tijuana,1,0,0,1,Uniradio Informa,2024-07-18
,Tijuana,1,1,0,0,Uniradio Informa,2024-07-18
,Tijuana,1,1,0,0,Uniradio Informa,2024-07-18
"Chiapas
(2)","Pueblo Nuevo
Solistahuacan",0,2,0,0,El Heraldo de Chiapas,2024-07-18
,,2,0,0,0,,2024-07-18
,,0,0,0,0,,2024-07-18
"Chihuahua
(1)",Cuauhtemoc,0,1,0,0,"La Opcion de
Chihuahua",2024-07-18
,,1,0,0,0,,2024-07-18
,,0,0,0,0,,2024-07-18
"Ciudad de
Mexico
(1)",Iztapalapa,0,1,0,0,La Prensa,2024-07-18
,,1,0,0,0,,2024-07-18
,,0,0,0,0,,2024-07-18
"Colima
(1)",Cuauhtemoc,0,1,0,0,Colima Noticias,2024-07-18
,,1,0,0,0,,2024-07-18
,,0,0,0,0,,2024-07-18
"Guanajuato
(6)",Celaya,1,1,0,0,Noventa Grados,2024-07-18
,Leon,1,0,0,1,El Sol de Leon,2024-07-18
,Leon,1,1,0,0,El Sol de Leon,2024-07-18
,Leon,1,1,0,0,El Sol de Leon,2024-07-18
,Tarimoro,1,1,0,0,El Sol del Bajio,2024-07-18
,Tarimoro,1,1,0,0,Informativo Agora,2024-07-18
"Guerrero
(5)","Chilapa de
Alvarez",0,1,1,0,El Sur,2024-07-18
,,2,0,0,0,,2024-07-18
,,0,0,0,0,,2024-07-18
,"Chilpancingo
de los Bravo",0,1,0,0,Quadratin Guerrero,2024-07-18
,,1,0,0,0,,2024-07-18
,,0,0,0,0,,2024-07-18
,"Huitzuco de
los Figueroa",0,1,0,0,El Sur,2024-07-18
,,1,0,0,0,,2024-07-18
,,0,0,0,0,,2024-07-18
,"Tixtla de
Guerrero",0,1,0,0,Quadratin,2024-07-18
,,1,0,0,0,,2024-07-18
,,0,0,0,0,,2024-07-18
"Hidalgo
(1)",Tizayuca,0,1,0,0,El Sol de Hidalgo,2024-07-18
,,1,0,0,0,,2024-07-18
,,0,0,0,0,,2024-07-18
"Jalisco
(4)","Tlajomulco de
Zuniga",0,1,0,0,Guardia Nocturna,2024-07-18
,,1,0,0,0,,2024-07-18
,,0,0,0,0,,2024-07-18
,"Tlajomulco de
Zuniga",0,1,0,0,Milenio,2024-07-18
,,1,0,0,0,,2024-07-18
,,0,0,0,0,,2024-07-18
,Zapopan,1,1,0,0,Guardia Nocturna,2024-07-18
,Zapopan,1,1,0,0,Telediario,2024-07-18
"Mexico
(3)",Chalco,1,1,0,0,A Fondo Edomex,2024-07-18
,"Ixtapan de la
Sal",0,0,0,1,El Sol de Toluca,2024-07-18
,,1,0,0,0,,2024-07-18
,,0,0,0,0,,2024-07-18
,Lerma,0,0,0,1,"A Fondo Estado de
Mexico",2024-07-18
,,1,0,0,0,,2024-07-18
,,0,0,0,0,,2024-07-18
"Michoacan
de Ocampo
(1)",Zacapu,0,1,0,0,Noventa Grados,2024-07-18
,,1,0,0,0,,2024-07-18
,,0,0,0,0,,2024-07-18
"Morelos
(6)",Cuernavaca,1,1,0,0,Noticias de Morelos,2024-07-18
,Huitzilac,1,0,0,1,La Union,2024-07-18
,Tepoztlan,1,0,0,1,Diario de Morelos,2024-07-18
,Xoxocotla,3,1,2,0,La Cronica de Morelos,2024-07-18
"Nuevo Leon
(3)",Apodaca,1,1,0,0,Telediario,2024-07-18
,Monterrey,2,2,0,0,Posta,2024-07-18
"Oaxaca
(7)","Heroica
Ciudad de
Huajuapan de
Leon",0,0,1,0,Imparcial de Oaxaca,2024-07-18
,,1,0,0,0,,2024-07-18
,,0,0,0,0,,2024-07-18
,"Juchitan de
Zaragoza",0,1,0,0,El Pinero de la Cuenca,2024-07-18
,,1,0,0,0,,2024-07-18
,,0,0,0,0,,2024-07-18
,"San Andres
Zabache",0,0,0,3,Contrapropuesta,2024-07-18
,,3,0,0,0,,2024-07-18
,,0,0,0,0,,2024-07-18
,"Santiago
Juxtlahuaca",0,1,0,0,Meganoticias,2024-07-18
,,1,0,0,0,,2024-07-18
,,0,0,0,0,,2024-07-18
,"Santo
Domingo
Tehuantepec",0,0,1,0,Imparcial,2024-07-18
,,1,0,0,0,,2024-07-18
,,0,0,0,0,,2024-07-18
"Puebla
(1)",Tehuacan,0,1,0,0,Urbano Puebla,2024-07-18
,,1,0,0,0,,2024-07-18
,,0,0,0,0,,2024-07-18
"Quintana
Roo
(2)",Benito Juarez,1,1,0,0,Sipse,2024-07-18
,Solidaridad,0,1,0,0,Por Esto!,2024-07-18
,,1,0,0,0,,2024-07-18
,,0,0,0,0,,2024-07-18
"San Luis
Potosi
(2)","San Luis
Potosi",0,1,0,0,Pulso San Luis Potosi,2024-07-18
,,1,0,0,0,,2024-07-18
,,0,0,0,0,,2024-07-18
,"San Luis
Potosi",0,1,0,0,Pulso San Luis Potosi,2024-07-18
,,1,0,0,0,,2024-07-18
,,0,0,0,0,,2024-07-18
"Sinaloa
(5)",Culiacan,1,1,0,0,Cafe Negro Portal,2024-07-18
,Culiacan,1,1,0,0,EL Sol de Sinaloa,2024-07-18
,Culiacan,1,1,0,0,Noroeste,2024-07-18
,Culiacan,1,1,0,0,Rio Doce,2024-07-18
,Culiacan,1,1,0,0,TV Azteca,2024-07-18
"Sonora
(2)","San Luis Rio
Colorado",0,1,0,0,Tribuna de San Luis,2024-07-18
,,1,0,0,0,,2024-07-18
,,0,0,0,0,,2024-07-18
,"San Luis Rio
Colorado",0,1,0,0,Tribuna de San Luis,2024-07-18
,,1,0,0,0,,2024-07-18
,,0,0,0,0,,2024-07-18
"Tabasco
(3)",Cardenas,1,1,0,0,Tabasco Hoy,2024-07-18
,Centla,1,0,1,0,Tabasco Hoy,2024-07-18
,Teapa,1,1,0,0,XEVA Noticias,2024-07-18
"Tamaulipas
(2)",Rio Bravo,1,0,0,1,Excelsior,2024-07-18
,Victoria,1,1,0,0,Hoy Tamaulipas,2024-07-18
"Veracruz de
Ignacio de
la Llave
(6)",Acayucan,1,0,1,0,Telediario,2024-07-18
,Actopan,1,1,0,0,Diario de Xalapa,2024-07-18
,Aquila,1,0,0,1,XEU Noticias,2024-07-18
,"Gutierrez
Zamora",0,1,1,0,Imagen de Veracruz,2024-07-18
,,2,0,0,0,,2024-07-18
,,0,0,0,0,,2024-07-18
,Veracruz,1,0,1,0,Imagen de Veracruz,2024-07-18
"Yucatan
(2)",Oxkutzcab,0,2,0,0,Sol Yucatan,2024-07-18
,,2,0,0,0,,2024-07-18
,,0,0,0,0,,2024-07-18
Totales:,,76,54,9,13,,2024-07-18
