Entidad,Municipio,Muertos,Hombre,Mujer,No Identificado,Fuente,Fecha
,,0,0,0,0,,2024-06-29
,,0,0,0,0,,2024-06-29
,,0,0,0,0,,2024-06-29
"Baja
California
(7)",Mexicali,1,0,1,0,Debate,2024-06-29
,Tijuana,1,0,1,0,El Mexicano,2024-06-29
,Tijuana,1,1,0,0,El Mexicano,2024-06-29
,Tijuana,1,1,0,0,El Mexicano,2024-06-29
,Tijuana,1,1,0,0,Esquina 32,2024-06-29
,Tijuana,1,1,0,0,Uniradio Informa,2024-06-29
,Tijuana,1,1,0,0,Uniradio Informa,2024-06-29
"Chihuahua
(11)",Chihuahua,1,0,1,0,Voz en Red,2024-06-29
,Juarez,1,1,0,0,Codigo Delicias,2024-06-29
,Juarez,1,1,0,0,El Buen Tono,2024-06-29
,Juarez,1,1,0,0,La Opcion de Chihuahua,2024-06-29
,Juarez,1,1,0,0,La Polaka,2024-06-29
,Juarez,3,2,1,0,La Polaka,2024-06-29
,Juarez,1,1,0,0,Net Noticias,2024-06-29
,Juarez,1,1,0,0,Por la Libre,2024-06-29
,Juarez,1,1,0,0,Radiza,2024-06-29
"Colima
(4)",Colima,3,3,0,0,Colima Noticias,2024-06-29
,Coquimatlan,1,1,0,0,Colima Noticias,2024-06-29
"Durango
(1)",Durango,0,1,0,0,El Siglo de Durango,2024-06-29
,,1,0,0,0,,2024-06-29
,,0,0,0,0,,2024-06-29
"Guanajuato
(12)",Celaya,2,2,0,0,AM,2024-06-29
,Celaya,2,2,0,0,Periodico Correo,2024-06-29
,Celaya,1,1,0,0,Reporte Directo,2024-06-29
,Leon,1,1,0,0,AM,2024-06-29
,"Purisima del
Rincon",0,1,0,0,Periodico Correo,2024-06-29
,,1,0,0,0,,2024-06-29
,,0,0,0,0,,2024-06-29
,"San Miguel
de Allende",0,1,0,0,Periodico Correo,2024-06-29
,,1,0,0,0,,2024-06-29
,,0,0,0,0,,2024-06-29
,Villagran,4,2,2,0,Periodico Correo,2024-06-29
"Guerrero
(2)","Acapulco de
Juarez",0,0,1,0,Quadratin,2024-06-29
,,1,0,0,0,,2024-06-29
,,0,0,0,0,,2024-06-29
,"Chilpancingo
de los Bravo",0,0,1,0,El Sol de Acapulco,2024-06-29
,,1,0,0,0,,2024-06-29
,,0,0,0,0,,2024-06-29
"Jalisco
(4)",Guadalajara,1,1,0,0,Noticel,2024-06-29
,"San Pedro
Tlaquepaque",0,1,0,0,Informador,2024-06-29
,,1,0,0,0,,2024-06-29
,,0,0,0,0,,2024-06-29
,"San Pedro
Tlaquepaque",0,1,0,0,Jalisco Rojo Oficial,2024-06-29
,,1,0,0,0,,2024-06-29
,,0,0,0,0,,2024-06-29
,"San Pedro
Tlaquepaque",0,1,0,0,Noticel,2024-06-29
,,1,0,0,0,,2024-06-29
,,0,0,0,0,,2024-06-29
"Michoacan
de
Ocampo
(2)",Apatzingan,1,1,0,0,Primera Plana,2024-06-29
,Zamora,0,1,0,0,RED Michoacan,2024-06-29
,,1,0,0,0,,2024-06-29
,,0,0,0,0,,2024-06-29
"Nuevo
Leon
(4)",Apodaca,0,4,0,0,Milenio,2024-06-29
,,4,0,0,0,,2024-06-29
,,0,0,0,0,,2024-06-29
"Puebla
(1)","San Pedro
Cholula",0,1,0,0,Parabolica,2024-06-29
,,1,0,0,0,,2024-06-29
,,0,0,0,0,,2024-06-29
"Quintana
Roo
(2)","Benito
Juarez",0,1,0,0,Noticaribe,2024-06-29
,,1,0,0,0,,2024-06-29
,,0,0,0,0,,2024-06-29
,"Benito
Juarez",0,1,0,0,Sipse,2024-06-29
,,1,0,0,0,,2024-06-29
,,0,0,0,0,,2024-06-29
"San Luis
Potosi
(1)","Soledad de
Graciano
Sanchez",0,1,0,0,Quadratin,2024-06-29
,,1,0,0,0,,2024-06-29
,,0,0,0,0,,2024-06-29
"Sinaloa
(1)",Culiacan,0,1,0,0,Los Noticieristas,2024-06-29
,,1,0,0,0,,2024-06-29
,,0,0,0,0,,2024-06-29
"Sonora
(5)",Caborca,3,3,0,0,Radar Sonora,2024-06-29
,Cajeme,1,1,0,0,Diario del Yaqui,2024-06-29
,"San Luis Rio
Colorado",0,1,0,0,Tribuna de San Luis,2024-06-29
,,1,0,0,0,,2024-06-29
,,0,0,0,0,,2024-06-29
"Veracruz
de Ignacio
de la Llave
(1)",Amatitlan,0,1,0,0,El Pinero de la Cuenca,2024-06-29
,,1,0,0,0,,2024-06-29
,,0,0,0,0,,2024-06-29
"Zacatecas
(1)",Sain Alto,0,1,0,0,NTR Zacatecas,2024-06-29
,,1,0,0,0,,2024-06-29
,,0,0,0,0,,2024-06-29
Totales:,,59,51,8,0,,2024-06-29
