Entidad,Municipio,Muertos,Hombre,Mujer,No Identificado,Fuente,Fecha
,,0,0,0,0,,2024-03-13
,,0,0,0,0,,2024-03-13
,,0,0,0,0,,2024-03-13
"Baja
California
(7)",Tijuana,0,0,1,0,"Uniradio
Informa",2024-03-13
,,1,0,0,0,,2024-03-13
,,0,0,0,0,,2024-03-13
,Tijuana,0,1,0,0,"Uniradio
Informa",2024-03-13
,,1,0,0,0,,2024-03-13
,,0,0,0,0,,2024-03-13
,Tijuana,0,1,0,0,"Uniradio
Informa",2024-03-13
,,1,0,0,0,,2024-03-13
,,0,0,0,0,,2024-03-13
,Tijuana,0,0,1,0,"Uniradio
Informa",2024-03-13
,,1,0,0,0,,2024-03-13
,,0,0,0,0,,2024-03-13
,Tijuana,0,1,0,0,"Uniradio
Informa",2024-03-13
,,1,0,0,0,,2024-03-13
,,0,0,0,0,,2024-03-13
,Tijuana,0,0,0,1,"Uniradio
Informa",2024-03-13
,,1,0,0,0,,2024-03-13
,,0,0,0,0,,2024-03-13
,Tijuana,0,1,0,0,"Uniradio
Informa",2024-03-13
,,1,0,0,0,,2024-03-13
,,0,0,0,0,,2024-03-13
"Chihuahua
(5)",Chihuahua,1,1,0,0,Net Noticias,2024-03-13
,Guachochi,1,1,0,0,El Sol de Parral,2024-03-13
,Juarez,0,1,0,0,"El Diario de
Chihuahua",2024-03-13
,,1,0,0,0,,2024-03-13
,,0,0,0,0,,2024-03-13
,Juarez,0,1,0,0,"El Diario de
Parral",2024-03-13
,,1,0,0,0,,2024-03-13
,,0,0,0,0,,2024-03-13
,Juarez,1,0,0,1,La Polaka,2024-03-13
"Coahuila de
Zaragoza
(1)",Ramos Arizpe,0,0,1,0,Telediario,2024-03-13
,,1,0,0,0,,2024-03-13
,,0,0,0,0,,2024-03-13
"Colima
(2)",Manzanillo,0,1,0,0,"Diario de
Colima",2024-03-13
,,1,0,0,0,,2024-03-13
,,0,0,0,0,,2024-03-13
,Villa de Alvarez,1,1,0,0,Colima Noticias,2024-03-13
"Guanajuato
(9)",Abasolo,0,0,0,1,"Periodico
Correo",2024-03-13
,,1,0,0,0,,2024-03-13
,,0,0,0,0,,2024-03-13
,"Apaseo el
Grande",0,1,0,0,El Sol del Bajio,2024-03-13
,,1,0,0,0,,2024-03-13
,,0,0,0,0,,2024-03-13
,Leon,1,1,0,0,AM,2024-03-13
,Leon,0,1,0,0,"Periodico
Correo",2024-03-13
,,1,0,0,0,,2024-03-13
,,0,0,0,0,,2024-03-13
,"Valle de
Santiago",0,3,0,0,"Periodico
Correo",2024-03-13
,,3,0,0,0,,2024-03-13
,,0,0,0,0,,2024-03-13
,"Valle de
Santiago",0,2,0,0,"Periodico
Correo",2024-03-13
,,2,0,0,0,,2024-03-13
,,0,0,0,0,,2024-03-13
"Guerrero
(5)","Chilapa de
Alvarez",0,1,0,0,"Agencia de
Noticias
Guerrero",2024-03-13
,,1,0,0,0,,2024-03-13
,,0,0,0,0,,2024-03-13
,Cuajinicuilapa,0,1,1,0,"Quadratin
Guerrero",2024-03-13
,,2,0,0,0,,2024-03-13
,,0,0,0,0,,2024-03-13
,Eduardo Neri,1,1,0,0,Quadratin,2024-03-13
,"Iguala de la
Independencia",0,1,0,0,"Agencia de
Noticias
Guerrero",2024-03-13
,,1,0,0,0,,2024-03-13
,,0,0,0,0,,2024-03-13
"Hidalgo
(1)","Santiago de
Anaya",0,1,0,0,Criterio,2024-03-13
,,1,0,0,0,,2024-03-13
,,0,0,0,0,,2024-03-13
"Mexico
(8)","Ecatepec de
Morelos",0,2,0,0,"El Heraldo de
Mexico",2024-03-13
,,2,0,0,0,,2024-03-13
,,0,0,0,0,,2024-03-13
,Huehuetoca,1,1,0,0,El Universal,2024-03-13
,Tenancingo,3,2,1,0,Telediario,2024-03-13
,"Tlalnepantla de
Baz",0,1,0,0,La Prensa,2024-03-13
,,1,0,0,0,,2024-03-13
,,0,0,0,0,,2024-03-13
,Xalatlaco,1,0,1,0,Quadratin,2024-03-13
"Michoacan
de Ocampo
(5)",Apatzingan,0,1,0,0,"La Voz de
Michoacan",2024-03-13
,,1,0,0,0,,2024-03-13
,,0,0,0,0,,2024-03-13
,Morelia,1,1,0,0,Quadratin,2024-03-13
,Zamora,0,1,0,0,"Noventa
Grados",2024-03-13
,,1,0,0,0,,2024-03-13
,,0,0,0,0,,2024-03-13
,Zamora,1,1,0,0,Primera Plana,2024-03-13
,Zamora,1,1,0,0,Red 113,2024-03-13
"Morelos
(2)",Ayala,1,1,0,0,24 Morelos,2024-03-13
,Jiutepec,1,1,0,0,TV Azteca,2024-03-13
"Puebla
(2)",Chietla,1,1,0,0,Urbano Puebla,2024-03-13
,Puebla,1,1,0,0,TV Azteca,2024-03-13
"Sinaloa
(4)",Culiacan,0,1,0,0,"Cafe Negro
Portal",2024-03-13
,,1,0,0,0,,2024-03-13
,,0,0,0,0,,2024-03-13
,Culiacan,0,1,0,0,"EL Sol de
Sinaloa",2024-03-13
,,1,0,0,0,,2024-03-13
,,0,0,0,0,,2024-03-13
,Culiacan,1,1,0,0,Extraoficial,2024-03-13
,Rosario,1,1,0,0,Luz Noticias,2024-03-13
"Sonora
(4)",Navojoa,3,0,0,3,La Jornada,2024-03-13
,"San Luis Rio
Colorado",0,1,0,0,"Tribuna de San
Luis",2024-03-13
,,1,0,0,0,,2024-03-13
,,0,0,0,0,,2024-03-13
"Tabasco
(3)",Centro,0,1,0,0,"El Heraldo de
Tabasco",2024-03-13
,,1,0,0,0,,2024-03-13
,,0,0,0,0,,2024-03-13
,Comalcalco,1,1,0,0,Tabasco Hoy,2024-03-13
,Teapa,1,1,0,0,Tabasco Hoy,2024-03-13
"Veracruz de
Ignacio de la
Llave
(1)","Gutierrez
Zamora",0,1,0,0,"Diario de
Xalapa",2024-03-13
,,1,0,0,0,,2024-03-13
,,0,0,0,0,,2024-03-13
Totales:,,59,47,6,6,,2024-03-13
