Entidad,Municipio,Muertos,Hombre,Mujer,No Identificado,Fuente,Fecha
,,0,0,0,0,,2024-08-11
,,0,0,0,0,,2024-08-11
,,0,0,0,0,,2024-08-11
"Baja
California
(7)",Ensenada,3,1,2,0,Zeta Tijuana,2024-08-11
,Tijuana,1,1,0,0,Alfredoalvarez.mx,2024-08-11
,Tijuana,2,2,0,0,Zeta Tijuana,2024-08-11
,Tijuana,1,0,1,0,Zeta Tijuana,2024-08-11
"Chiapas
(4)",Huixtla,1,1,0,0,Diario del Sur,2024-08-11
,Huixtla,1,1,0,0,Diario del Sur,2024-08-11
,Ocosingo,1,1,0,0,El Heraldo de Chiapas,2024-08-11
,Tapachula,1,0,0,1,Balance Mexico,2024-08-11
"Ciudad de
Mexico
(1)",Xochimilco,0,1,0,0,Milenio,2024-08-11
,,1,0,0,0,,2024-08-11
,,0,0,0,0,,2024-08-11
"Coahuila
de
Zaragoza
(1)",Saltillo,0,0,0,1,Telediario,2024-08-11
,,1,0,0,0,,2024-08-11
,,0,0,0,0,,2024-08-11
"Colima
(1)",Colima,0,0,1,0,Diario de Colima,2024-08-11
,,1,0,0,0,,2024-08-11
,,0,0,0,0,,2024-08-11
"Guanajuato
(4)",Celaya,1,1,0,0,El Sol del Bajio,2024-08-11
,Leon,1,1,0,0,El Sol de Leon,2024-08-11
,Leon,1,1,0,0,El Sol de Leon,2024-08-11
,Leon,1,1,0,0,El Sol de Leon,2024-08-11
"Guerrero
(2)","Acapulco de
Juarez",0,0,0,1,El Sol de Acapulco,2024-08-11
,,1,0,0,0,,2024-08-11
,,0,0,0,0,,2024-08-11
,"Acapulco de
Juarez",0,0,1,0,Quadratin,2024-08-11
,,1,0,0,0,,2024-08-11
,,0,0,0,0,,2024-08-11
"Hidalgo
(3)","Cuautepec de
Hinojosa",0,0,1,0,DigitalMex,2024-08-11
,,1,0,0,0,,2024-08-11
,,0,0,0,0,,2024-08-11
,"Mineral de la
Reforma",0,1,0,0,Criterio Hidalgo,2024-08-11
,,1,0,0,0,,2024-08-11
,,0,0,0,0,,2024-08-11
,Tizayuca,1,1,0,0,El Sol de Hidalgo,2024-08-11
"Jalisco
(7)",Amatitan,3,3,0,0,Fiscalia de Jalisco,2024-08-11
,"Lagos de
Moreno",0,2,0,0,Quadratin,2024-08-11
,,2,0,0,0,,2024-08-11
,,0,0,0,0,,2024-08-11
,"Tlajomulco de
Zuniga",0,1,0,0,Guardia Nocturna,2024-08-11
,,1,0,0,0,,2024-08-11
,,0,0,0,0,,2024-08-11
,Tonala,1,1,0,0,Guardia Nocturna,2024-08-11
"Mexico
(2)","Atizapan de
Zaragoza",0,2,0,0,Zocalo,2024-08-11
,,2,0,0,0,,2024-08-11
,,0,0,0,0,,2024-08-11
"Michoacan
de
Ocampo
(10)",Penjamillo,5,0,5,0,La Jornada,2024-08-11
,Tarimbaro,2,0,2,0,Noventa Grados,2024-08-11
,Uruapan,0,1,0,0,"Grupo Marmor
Multimedios",2024-08-11
,,1,0,0,0,,2024-08-11
,,0,0,0,0,,2024-08-11
,Uruapan,1,1,0,0,La Voz de Michoacan,2024-08-11
,Zamora,1,0,1,0,La Voz de Michoacan,2024-08-11
"Morelos
(1)",Cuautla,0,1,0,0,Diario de Morelos,2024-08-11
,,1,0,0,0,,2024-08-11
,,0,0,0,0,,2024-08-11
"Nuevo
Leon
(6)",Garcia,1,1,0,0,El Norte,2024-08-11
,"General
Escobedo",0,1,0,0,El Porvenir,2024-08-11
,,1,0,0,0,,2024-08-11
,,0,0,0,0,,2024-08-11
,Hualahuises,1,1,0,0,La Prensa,2024-08-11
,Santa Catarina,3,3,0,0,La Prensa,2024-08-11
"Oaxaca
(3)",Salina Cruz,1,1,0,0,El Pinero de la Cuenca,2024-08-11
,"Santa Maria
Colotepec",0,1,0,0,El Pinero de la Cuenca,2024-08-11
,,1,0,0,0,,2024-08-11
,,0,0,0,0,,2024-08-11
,"Santiago
Pinotepa
Nacional",0,1,0,0,NVI Noticias,2024-08-11
,,1,0,0,0,,2024-08-11
,,0,0,0,0,,2024-08-11
"Puebla
(3)",Cuautlancingo,1,1,0,0,El Sol de Puebla,2024-08-11
,Huejotzingo,1,1,0,0,Intolerencia Diario,2024-08-11
,"San Salvador
el Verde",0,1,0,0,Municipios Puebla,2024-08-11
,,1,0,0,0,,2024-08-11
,,0,0,0,0,,2024-08-11
"Quintana
Roo
(3)",Benito Juarez,1,1,0,0,Quadratin,2024-08-11
,"Lazaro
Cardenas",0,2,0,0,"Noticias de Quintana
Roo",2024-08-11
,,2,0,0,0,,2024-08-11
,,0,0,0,0,,2024-08-11
"Sinaloa
(1)",Culiacan,0,1,0,0,Noroeste,2024-08-11
,,1,0,0,0,,2024-08-11
,,0,0,0,0,,2024-08-11
"Sonora
(3)",Cajeme,1,1,0,0,Diario del Yaqui,2024-08-11
,Hermosillo,2,2,0,0,El Imparcial,2024-08-11
"Tlaxcala
(2)",Xicohtzinco,0,2,0,0,Municipios Puebla,2024-08-11
,,2,0,0,0,,2024-08-11
,,0,0,0,0,,2024-08-11
"Veracruz
de Ignacio
de la Llave
(2)","Hueyapan de
Ocampo",0,1,0,0,Vanguardia Veracruz,2024-08-11
,,1,0,0,0,,2024-08-11
,,0,0,0,0,,2024-08-11
,Tihuatlan,0,0,1,0,Cambio,2024-08-11
,,1,0,0,0,,2024-08-11
,,0,0,0,0,,2024-08-11
Totales:,,66,48,15,3,,2024-08-11
