Entidad,Municipio,Muertos,Hombre,Mujer,No Identificado,Fuente,Fecha
,,0,0,0,0,,2024-02-23
,,0,0,0,0,,2024-02-23
,,0,0,0,0,,2024-02-23
"Baja
California
(5)",Tijuana,1,0,0,1,Uniradio Informa,2024-02-23
,Tijuana,1,1,0,0,Uniradio Informa,2024-02-23
,Tijuana,1,0,0,1,Uniradio Informa,2024-02-23
,Tijuana,1,0,1,0,Uniradio Informa,2024-02-23
,Tijuana,1,0,0,1,Uniradio Informa,2024-02-23
"Chiapas
(1)",Suchiapa,0,1,0,0,Diario del Sur,2024-02-23
,,1,0,0,0,,2024-02-23
,,0,0,0,0,,2024-02-23
"Chihuahua
(5)",Juarez,2,0,0,2,Guardia Nocturna,2024-02-23
,Juarez,2,2,0,0,La Opcion de Chihuahua,2024-02-23
,Juarez,1,1,0,0,La Opcion de Chihuahua,2024-02-23
"Guanajuato
(8)",Celaya,1,1,0,0,El Sol del Bajio,2024-02-23
,Guanajuato,1,1,0,0,Periodico Correo,2024-02-23
,Leon,1,1,0,0,Azteca Bajio,2024-02-23
,Leon,1,1,0,0,Azteca Bajio,2024-02-23
,Leon,1,1,0,0,El Sol de Leon,2024-02-23
,Leon,1,1,0,0,Periodico Correo,2024-02-23
,Salamanca,1,1,0,0,El Sol de Salamanca,2024-02-23
,Salvatierra,1,1,0,0,Periodico Correo,2024-02-23
"Guerrero
(3)","Acapulco de
Juarez",0,1,0,0,El Sur,2024-02-23
,,1,0,0,0,,2024-02-23
,,0,0,0,0,,2024-02-23
,"Atoyac de
Alvarez",0,1,0,0,Quadratin Guerrero,2024-02-23
,,1,0,0,0,,2024-02-23
,,0,0,0,0,,2024-02-23
,Ometepec,0,1,0,0,"Agencia de Noticias
Guerrero",2024-02-23
,,1,0,0,0,,2024-02-23
,,0,0,0,0,,2024-02-23
"Jalisco
(4)",Tonala,1,0,1,0,Guardia Nocturna,2024-02-23
,Tonala,1,1,0,0,Guardia Nocturna,2024-02-23
,Zapopan,1,0,1,0,Guardia Nocturna,2024-02-23
,Zapopan,1,1,0,0,Guardia Nocturna,2024-02-23
"Mexico
(3)",Coyotepec,1,1,0,0,La Prensa,2024-02-23
,Otzolotepec,1,1,0,0,A Fondo Edomex,2024-02-23
,Toluca,1,1,0,0,A Fondo Edomex,2024-02-23
"Michoacan
de
Ocampo
(3)",Charo,1,0,0,1,Mi Morelia,2024-02-23
,Morelia,1,1,0,0,Noventa Grados,2024-02-23
,Nocupetaro,0,1,0,0,Noventa Grados,2024-02-23
,,1,0,0,0,,2024-02-23
,,0,0,0,0,,2024-02-23
Nuevo,Garcia,1,0,0,1,El Porvenir,2024-02-23
"Leon
(7)",Guadalupe,3,3,0,0,El Porvenir,2024-02-23
,Linares,2,0,0,2,N+,2024-02-23
,Montemorelos,1,1,0,0,ABC Noticias,2024-02-23
"Oaxaca
(3)","Oaxaca de
Juarez",0,1,0,0,Quadratin Oaxaca,2024-02-23
,,1,0,0,0,,2024-02-23
,,0,0,0,0,,2024-02-23
,"Pinotepa de
Don Luis",0,1,0,0,Imparcial,2024-02-23
,,1,0,0,0,,2024-02-23
,,0,0,0,0,,2024-02-23
,"San Pedro
Mixtepec (22)",0,1,0,0,Imparcial,2024-02-23
,,1,0,0,0,,2024-02-23
,,0,0,0,0,,2024-02-23
"Puebla
(2)","Huehuetlan el
Chico",0,1,0,0,Municipios,2024-02-23
,,1,0,0,0,,2024-02-23
,,0,0,0,0,,2024-02-23
,Huejotzingo,1,1,0,0,Municipios,2024-02-23
"San Luis
Potosi
(2)","Ciudad del
Maiz",0,0,0,1,Quadratin,2024-02-23
,,1,0,0,0,,2024-02-23
,,0,0,0,0,,2024-02-23
,Rayon,1,0,0,1,Facebook,2024-02-23
"Sonora
(5)",Cajeme,1,1,0,0,Medios Obson,2024-02-23
,Hermosillo,2,2,0,0,Medios Obson,2024-02-23
,Hermosillo,1,1,0,0,Medios Obson,2024-02-23
,Hermosillo,1,1,0,0,Proyecto Puente,2024-02-23
"Veracruz
de Ignacio
de la Llave
(8)",Acultzingo,7,5,2,0,El Pinero de la Cuenca,2024-02-23
,Tierra Blanca,0,1,0,0,Excelsior,2024-02-23
,,1,0,0,0,,2024-02-23
,,0,0,0,0,,2024-02-23
"Zacatecas
(2)",Villanueva,0,2,0,0,Noventa Grados,2024-02-23
,,2,0,0,0,,2024-02-23
,,0,0,0,0,,2024-02-23
Totales:,,61,45,5,11,,2024-02-23
