Entidad,Municipio,Muertos,Hombre,Mujer,No Identificado,Fuente,Fecha
,,0,0,0,0,,2024-05-19
,,0,0,0,0,,2024-05-19
,,0,0,0,0,,2024-05-19
Baja California (5),Tijuana,2,2,0,0,Baja News,2024-05-19
,Tijuana,1,1,0,0,Uniradio Informa,2024-05-19
,Tijuana,1,1,0,0,Uniradio Informa,2024-05-19
,Tijuana,1,1,0,0,Uniradio Informa,2024-05-19
"Chiapas
(9)",Mapastepec,5,3,2,0,Milenio,2024-05-19
,Villa Corzo,4,4,0,0,El Universal,2024-05-19
"Chihuahua
(7)",Chihuahua,1,1,0,0,La Parada Digital,2024-05-19
,Cuauhtemoc,0,1,0,0,"La Opcion de
Chihuahua",2024-05-19
,,1,0,0,0,,2024-05-19
,,0,0,0,0,,2024-05-19
,"Guadalupe y
Calvo",0,1,0,0,Debate,2024-05-19
,,1,0,0,0,,2024-05-19
,,0,0,0,0,,2024-05-19
,"Guadalupe y
Calvo",0,1,0,0,Debate,2024-05-19
,,1,0,0,0,,2024-05-19
,,0,0,0,0,,2024-05-19
,Juarez,1,1,0,0,Net Noticias,2024-05-19
,Juarez,1,1,0,0,Net Noticias,2024-05-19
,Juarez,1,1,0,0,Net Noticias,2024-05-19
"Ciudad de
Mexico
(1)",Iztapalapa,0,1,0,0,Radiza,2024-05-19
,,1,0,0,0,,2024-05-19
,,0,0,0,0,,2024-05-19
"Durango
(1)","Pueblo
Nuevo",0,1,0,0,"Contexto de
Durango",2024-05-19
,,1,0,0,0,,2024-05-19
,,0,0,0,0,,2024-05-19
"Guanajuato
(8)",Guanajuato,2,1,1,0,AM,2024-05-19
,Irapuato,1,1,0,0,AM,2024-05-19
,Leon,1,0,0,1,AM,2024-05-19
,Leon,1,1,0,0,AM,2024-05-19
,Moroleon,0,1,0,0,"Pulso San Luis
Potosi",2024-05-19
,,1,0,0,0,,2024-05-19
,,0,0,0,0,,2024-05-19
,"Purisima del
Rincon",0,1,0,0,AM,2024-05-19
,,1,0,0,0,,2024-05-19
,,0,0,0,0,,2024-05-19
,Yuriria,1,1,0,0,Periodico Correo,2024-05-19
"Guerrero
(1)","Acapulco de
Juarez",0,1,0,0,Quadratin,2024-05-19
,,1,0,0,0,,2024-05-19
,,0,0,0,0,,2024-05-19
"Jalisco
(2)","Puerto
Vallarta",0,0,0,1,Quadratin,2024-05-19
,,1,0,0,0,,2024-05-19
,,0,0,0,0,,2024-05-19
,Tonala,1,1,0,0,Milenio,2024-05-19
"Mexico
(3)",Chalco,2,2,0,0,El Sol de Toluca,2024-05-19
,Jiquipilco,1,1,0,0,Busturi Noticias,2024-05-19
"Michoacan de
Ocampo
(2)",Apatzingan,1,1,0,0,Quadratin,2024-05-19
,Zamora,0,1,0,0,El Sol de Zamora,2024-05-19
,,1,0,0,0,,2024-05-19
,,0,0,0,0,,2024-05-19
Nuevo Leon (2),Garcia,2,2,0,0,Milenio,2024-05-19
"Puebla
(2)",Chignautla,1,0,1,0,MVS Noticias,2024-05-19
,Puebla,1,1,0,0,Intolerencia Diario,2024-05-19
Quintana Roo (2),"Benito
Juarez",0,0,1,0,Noticaribe,2024-05-19
,,1,0,0,0,,2024-05-19
,,0,0,0,0,,2024-05-19
,"Benito
Juarez",0,1,0,0,Noticaribe,2024-05-19
,,1,0,0,0,,2024-05-19
,,0,0,0,0,,2024-05-19
"Sinaloa
(1)",Mocorito,0,1,0,0,Satelite Online,2024-05-19
,,1,0,0,0,,2024-05-19
,,0,0,0,0,,2024-05-19
"Tabasco
(3)",Centro,1,1,0,0,Presencia Veracruz,2024-05-19
,Centro,1,1,0,0,XEVT,2024-05-19
,Comalcalco,1,1,0,0,Tabasco Hoy,2024-05-19
"Tamaulipas
(1)",Matamoros,0,1,0,0,Vox Populi Noticias,2024-05-19
,,1,0,0,0,,2024-05-19
,,0,0,0,0,,2024-05-19
"Tlaxcala
(2)",Huamantla,1,1,0,0,Nexos,2024-05-19
,Tepeyanco,1,1,0,0,Cuarto de Guerra,2024-05-19
"Veracruz de
Ignacio de la
Llave
(1)",Alvarado,0,1,0,0,XEU Noticias,2024-05-19
,,1,0,0,0,,2024-05-19
,,0,0,0,0,,2024-05-19
"Zacatecas
(4)",Guadalupe,1,1,0,0,NTR Zacatecas,2024-05-19
,Sombrerete,1,1,0,0,NTR Zacatecas,2024-05-19
,Villanueva,1,1,0,0,NTR Zacatecas,2024-05-19
,Zacatecas,1,0,0,1,NTR Zacatecas,2024-05-19
Totales:,,57,49,5,3,,2024-05-19
