Entidad,Municipio,Muertos,Hombre,Mujer,No Identificado,Fuente,Fecha
,,0,0,0,0,,2024-03-22
,,0,0,0,0,,2024-03-22
,,0,0,0,0,,2024-03-22
Baja California (6),Mexicali,1,1,0,0,La Voz de la Frontera,2024-03-22
,Mexicali,1,1,0,0,La Voz de la Frontera,2024-03-22
,Tecate,1,1,0,0,Milenio,2024-03-22
,Tecate,1,1,0,0,Uniradio Informa,2024-03-22
,Tecate,1,1,0,0,Uniradio Informa,2024-03-22
,Tijuana,1,1,0,0,Baja News,2024-03-22
"Baja California
Sur
(1)",La Paz,0,0,0,1,El Sudcaliforniano,2024-03-22
,,1,0,0,0,,2024-03-22
,,0,0,0,0,,2024-03-22
"Chiapas
(2)",Tila,0,2,0,0,Diario de Chiapas,2024-03-22
,,2,0,0,0,,2024-03-22
,,0,0,0,0,,2024-03-22
"Chihuahua
(2)",Cuauhtemoc,0,1,0,0,"El Diario de
Chihuahua",2024-03-22
,,1,0,0,0,,2024-03-22
,,0,0,0,0,,2024-03-22
,Juarez,1,1,0,0,AR Noticias,2024-03-22
"Ciudad de Mexico
(1)","Gustavo A.
Madero",0,1,0,0,El Heraldo de Mexico,2024-03-22
,,1,0,0,0,,2024-03-22
,,0,0,0,0,,2024-03-22
"Colima
(3)",Colima,1,1,0,0,AFmedios,2024-03-22
,Colima,1,1,0,0,Colima al dia,2024-03-22
,Colima,1,1,0,0,Colima al dia,2024-03-22
"Durango
(1)","Guadalupe
Victoria",0,1,0,0,El Siglo de Durango,2024-03-22
,,1,0,0,0,,2024-03-22
,,0,0,0,0,,2024-03-22
Guanajuato (11),Irapuato,3,3,0,0,El Sol de Irapuato,2024-03-22
,Irapuato,1,1,0,0,Periodico Correo,2024-03-22
,"Jaral del
Progreso",0,1,0,0,Periodico Correo,2024-03-22
,,1,0,0,0,,2024-03-22
,,0,0,0,0,,2024-03-22
,Leon,1,1,0,0,El Sol de Leon,2024-03-22
,Salamanca,2,2,0,0,El Sol de Salamanca,2024-03-22
,Tarimoro,3,3,0,0,AM,2024-03-22
"Guerrero
(2)","Acapulco de
Juarez",0,1,1,0,Sur Acapulco,2024-03-22
,,2,0,0,0,,2024-03-22
,,0,0,0,0,,2024-03-22
"Hidalgo
(2)","Francisco I.
Madero",0,1,0,0,El Siglo de Torreon,2024-03-22
,,1,0,0,0,,2024-03-22
,,0,0,0,0,,2024-03-22
,Tasquillo,1,1,0,0,La Silla Rota,2024-03-22
"Jalisco
(2)","Tlajomulco de
Zuniga",0,0,0,1,Guardia Nocturna,2024-03-22
,,1,0,0,0,,2024-03-22
,,0,0,0,0,,2024-03-22
,Tonala,1,1,0,0,Guardia Nocturna,2024-03-22
"Mexico
(4)","Cuautitlan
Izcalli",0,1,0,0,La Prensa,2024-03-22
,,1,0,0,0,,2024-03-22
,,0,0,0,0,,2024-03-22
,Otzolotepec,1,1,0,0,DigitalMex,2024-03-22
,Toluca,1,1,0,0,Tres PM Noticias,2024-03-22
,Villa Victoria,1,0,1,0,La Prensa,2024-03-22
"Michoacan de
Ocampo
(4)",Morelia,2,1,1,0,La Voz de Michoacan,2024-03-22
,Senguio,1,1,0,0,Latinus,2024-03-22
,Zamora,1,1,0,0,Changoonga,2024-03-22
"Morelos
2)",Cuernavaca,1,1,0,0,El Sol de Cuernavaca,2024-03-22
,Cuernavaca,1,1,0,0,Sin Linea,2024-03-22
"Nuevo Leon
(9)",Apodaca,1,1,0,0,Telediario,2024-03-22
,Garcia,1,1,0,0,Telediario,2024-03-22
,Guadalupe,2,0,0,2,Posta,2024-03-22
,Guadalupe,1,1,0,0,Telediario,2024-03-22
,Pesqueria,1,0,1,0,El Porvenir,2024-03-22
,Pesqueria,1,0,1,0,Telediario,2024-03-22
,"San Nicolas de
los Garza",0,0,0,2,El Norte,2024-03-22
,,2,0,0,0,,2024-03-22
,,0,0,0,0,,2024-03-22
"Oaxaca
(2)","Juchitan de
Zaragoza",0,1,0,0,Quadratin Oaxaca,2024-03-22
,,1,0,0,0,,2024-03-22
,,0,0,0,0,,2024-03-22
,"San Pedro
Pochutla",0,1,0,0,Imparcial de Oaxaca,2024-03-22
,,1,0,0,0,,2024-03-22
,,0,0,0,0,,2024-03-22
"Puebla
(5)",Chignahuapan,1,1,0,0,Municipios Puebla,2024-03-22
,Coronango,1,1,0,0,Telediario,2024-03-22
,"San Andres
Cholula",0,1,0,0,Municipios Puebla,2024-03-22
,,1,0,0,0,,2024-03-22
,,0,0,0,0,,2024-03-22
,"San Felipe
Teotlalcingo",0,2,0,0,Puebla Roja,2024-03-22
,,2,0,0,0,,2024-03-22
,,0,0,0,0,,2024-03-22
Quintana Roo (5),Benito Juarez,1,1,0,0,Punto de Quiebre,2024-03-22
,Benito Juarez,2,2,0,0,Quintana Roo Hoy,2024-03-22
,"Felipe Carrillo
Puerto",0,0,1,0,Por Esto!,2024-03-22
,,1,0,0,0,,2024-03-22
,,0,0,0,0,,2024-03-22
,"Othon P.
Blanco",0,1,0,0,Sol Quintana Roo,2024-03-22
,,1,0,0,0,,2024-03-22
,,0,0,0,0,,2024-03-22
San Luis Potosi (1),"San Luis
Potosi",0,1,0,0,Pulso San Luis Potosi,2024-03-22
,,1,0,0,0,,2024-03-22
,,0,0,0,0,,2024-03-22
"Sinaloa
(2)",Ahome,1,1,0,0,Los Noticieristas,2024-03-22
,Culiacan,1,1,0,0,Debate,2024-03-22
"Sonora
(1)",Cajeme,0,1,0,0,Medios Obson,2024-03-22
,,1,0,0,0,,2024-03-22
,,0,0,0,0,,2024-03-22
"Tabasco
(14)",Cardenas,13,0,0,13,Tabasco Hoy,2024-03-22
,Paraiso,1,0,1,0,XEVA Noticias,2024-03-22
Totales:,,82,56,7,19,,2024-03-22
