Entidad,Municipio,Muertos,Hombre,Mujer,No Identificado,Fuente,Fecha
,,0,0,0,0,,2024-08-25
,,0,0,0,0,,2024-08-25
,,0,0,0,0,,2024-08-25
"Baja California
(2)",Mexicali,1,1,0,0,La Voz de la Frontera,2024-08-25
,Tijuana,1,1,0,0,Uniradio Informa,2024-08-25
"Baja California
Sur
(2)",Mulege,0,0,2,0,Debate,2024-08-25
,,2,0,0,0,,2024-08-25
,,0,0,0,0,,2024-08-25
"Chihuahua
(4)",Juarez,1,1,0,0,Net Noticias,2024-08-25
,Juarez,2,0,2,0,Net Noticias,2024-08-25
,Juarez,1,0,0,1,Net Noticias,2024-08-25
"Ciudad de
Mexico
(2)",Tlalpan,0,1,1,0,La Prensa,2024-08-25
,,2,0,0,0,,2024-08-25
,,0,0,0,0,,2024-08-25
"Colima
(1)",Colima,0,1,0,0,Diario de Colima,2024-08-25
,,1,0,0,0,,2024-08-25
,,0,0,0,0,,2024-08-25
"Guanajuato
(10)",Celaya,1,1,0,0,AM,2024-08-25
,Celaya,1,1,0,0,El Sol del Bajio,2024-08-25
,Celaya,2,1,1,0,Periodico Correo,2024-08-25
,Irapuato,1,1,0,0,AM,2024-08-25
,Leon,1,1,0,0,AM,2024-08-25
,Leon,1,1,0,0,AM,2024-08-25
,Leon,1,1,0,0,AM,2024-08-25
,"San Miguel de
Allende",0,2,0,0,Periodico Correo,2024-08-25
,,2,0,0,0,,2024-08-25
,,0,0,0,0,,2024-08-25
"Guerrero
(1)","Acapulco de
Juarez",0,1,0,0,Noticias,2024-08-25
,,1,0,0,0,,2024-08-25
,,0,0,0,0,,2024-08-25
"Hidalgo
(1)","Pachuca de
Soto",0,1,0,0,La Jornada Hidalgo,2024-08-25
,,1,0,0,0,,2024-08-25
,,0,0,0,0,,2024-08-25
"Jalisco
(1)",Guadalajara,0,0,1,0,Jalisco Rojo Oficial,2024-08-25
,,1,0,0,0,,2024-08-25
,,0,0,0,0,,2024-08-25
"Mexico
(2)","Ecatepec de
Morelos",0,1,0,0,"Reporteros en
Movimiento",2024-08-25
,,1,0,0,0,,2024-08-25
,,0,0,0,0,,2024-08-25
,"Naucalpan de
Juarez",0,1,0,0,Jorge Becerril,2024-08-25
,,1,0,0,0,,2024-08-25
,,0,0,0,0,,2024-08-25
"Michoacan de
Ocampo
(10)",Coahuayana,9,9,0,0,Noventa Grados,2024-08-25
,"Salvador
Escalante",0,1,0,0,Red 113,2024-08-25
,,1,0,0,0,,2024-08-25
,,0,0,0,0,,2024-08-25
"Morelos
(4)",Totolapan,0,0,0,4,El Sol de Cuautla,2024-08-25
,,4,0,0,0,,2024-08-25
,,0,0,0,0,,2024-08-25
"Nuevo Leon
(1)","San Nicolas de
los Garza",0,1,0,0,El Porvenir,2024-08-25
,,1,0,0,0,,2024-08-25
,,0,0,0,0,,2024-08-25
"Puebla
(1)","San Martin
Texmelucan",0,1,0,0,Puebla en Linea,2024-08-25
,,1,0,0,0,,2024-08-25
,,0,0,0,0,,2024-08-25
"Queretaro
(2)",Queretaro,1,1,0,0,Quadratin,2024-08-25
,"San Juan del
Rio",0,1,0,0,Noticias,2024-08-25
,,1,0,0,0,,2024-08-25
,,0,0,0,0,,2024-08-25
"Quintana Roo
(5)",Bacalar,1,1,0,0,De Peso,2024-08-25
,Benito Juarez,3,3,0,0,Debate,2024-08-25
,Benito Juarez,1,1,0,0,Periodismo Objetivo,2024-08-25
"Veracruz de
Ignacio de la
Llave
(2)","Poza Rica de
Hidalgo",0,1,0,0,"El Pinero de la
Cuenca",2024-08-25
,,1,0,0,0,,2024-08-25
,,0,0,0,0,,2024-08-25
,"Sayula de
Aleman",0,0,1,0,Diario del Istmo,2024-08-25
,,1,0,0,0,,2024-08-25
,,0,0,0,0,,2024-08-25
Totales:,,51,38,8,5,,2024-08-25
