Entidad,Municipio,Muertos,Hombre,Mujer,No Identificado,Fuente,Fecha
,,0,0,0,0,,2024-09-10
,,0,0,0,0,,2024-09-10
,,0,0,0,0,,2024-09-10
"Baja California
(6)",Tijuana,1,1,0,0,N+,2024-09-10
,Tijuana,0,1,0,0,"Uniradio
Informa",2024-09-10
,,1,0,0,0,,2024-09-10
,,0,0,0,0,,2024-09-10
,Tijuana,0,1,0,0,"Uniradio
Informa",2024-09-10
,,1,0,0,0,,2024-09-10
,,0,0,0,0,,2024-09-10
,Tijuana,0,1,0,0,"Uniradio
Informa",2024-09-10
,,1,0,0,0,,2024-09-10
,,0,0,0,0,,2024-09-10
,Tijuana,0,0,0,1,"Uniradio
Informa",2024-09-10
,,1,0,0,0,,2024-09-10
,,0,0,0,0,,2024-09-10
,Tijuana,1,0,0,1,Zeta,2024-09-10
"Baja California
Sur
(1)",La Paz,0,1,0,0,"Peninsular
Digital",2024-09-10
,,1,0,0,0,,2024-09-10
,,0,0,0,0,,2024-09-10
"Chiapas
(3)",Simojovel,0,1,0,0,"Diario de
Chiapas",2024-09-10
,,1,0,0,0,,2024-09-10
,,0,0,0,0,,2024-09-10
,Tuxtla Gutierrez,0,2,0,0,"Diario de
Chiapas",2024-09-10
,,2,0,0,0,,2024-09-10
,,0,0,0,0,,2024-09-10
"Chihuahua
(1)",Juarez,0,1,0,0,"La Opcion de
Chihuahua",2024-09-10
,,1,0,0,0,,2024-09-10
,,0,0,0,0,,2024-09-10
"Ciudad de
Mexico
(5)",Cuauhtemoc,1,1,0,0,La Prensa,2024-09-10
,"Gustavo A.
Madero",0,1,0,0,"Diario de
Mexico",2024-09-10
,,1,0,0,0,,2024-09-10
,,0,0,0,0,,2024-09-10
,"La Magdalena
Contreras",0,1,0,0,"Vox Populi
Noticias",2024-09-10
,,1,0,0,0,,2024-09-10
,,0,0,0,0,,2024-09-10
,Miguel Hidalgo,1,1,0,0,Telediario,2024-09-10
,Milpa Alta,0,1,0,0,"A Fondo
Edomex",2024-09-10
,,1,0,0,0,,2024-09-10
,,0,0,0,0,,2024-09-10
"Colima
(3)",Colima,0,1,0,0,"Diario de
Colima",2024-09-10
,,1,0,0,0,,2024-09-10
,,0,0,0,0,,2024-09-10
,Tecoman,1,1,0,0,AFmedios,2024-09-10
,Tecoman,0,1,0,0,"Colima
Noticias",2024-09-10
,,1,0,0,0,,2024-09-10
,,0,0,0,0,,2024-09-10
"Guanajuato
(4)",Celaya,2,1,1,0,AM,2024-09-10
,Celaya,0,1,0,0,"El Otro
Enfoque",2024-09-10
,,1,0,0,0,,2024-09-10
,,0,0,0,0,,2024-09-10
,"Silao de la
Victoria",0,1,0,0,"Noticias
Vespertinas",2024-09-10
,,1,0,0,0,,2024-09-10
,,0,0,0,0,,2024-09-10
"Guerrero
(1)","Acapulco de
Juarez",0,1,0,0,"Noventa
Grados",2024-09-10
,,1,0,0,0,,2024-09-10
,,0,0,0,0,,2024-09-10
Hidalgo (2),"Huejutla de
Reyes",0,1,0,0,"El Sol de
Hidalgo",2024-09-10
,,1,0,0,0,,2024-09-10
,,0,0,0,0,,2024-09-10
,"Tepeji del Rio de
Ocampo",0,1,0,0,Facebook,2024-09-10
,,1,0,0,0,,2024-09-10
,,0,0,0,0,,2024-09-10
"Jalisco
(5)",Guadalajara,1,0,1,0,Milenio,2024-09-10
,Guadalajara,1,1,0,0,Telediario,2024-09-10
,"San Pedro
Tlaquepaque",0,0,1,0,Milenio,2024-09-10
,,1,0,0,0,,2024-09-10
,,0,0,0,0,,2024-09-10
,"San Pedro
Tlaquepaque",0,1,0,0,Trafico ZMG,2024-09-10
,,1,0,0,0,,2024-09-10
,,0,0,0,0,,2024-09-10
,"Tlajomulco de
Zuniga",0,0,0,1,"Guardia
Nocturna",2024-09-10
,,1,0,0,0,,2024-09-10
,,0,0,0,0,,2024-09-10
"Mexico
(2)",Coyotepec,1,1,0,0,La Prensa,2024-09-10
,Tianguistenco,0,1,0,0,"A Fondo
Edomex",2024-09-10
,,1,0,0,0,,2024-09-10
,,0,0,0,0,,2024-09-10
"Michoacan de
Ocampo
(3)",Charo,1,1,0,0,Mi Morelia,2024-09-10
,Jungapeo,0,1,0,0,"Noventa
Grados",2024-09-10
,,1,0,0,0,,2024-09-10
,,0,0,0,0,,2024-09-10
,Zamora,0,1,0,0,"PCM Agencia
de Noticias",2024-09-10
,,1,0,0,0,,2024-09-10
,,0,0,0,0,,2024-09-10
"Morelos
(1)",Tlaquiltenango,0,0,1,0,"Quadratin
Morelos",2024-09-10
,,1,0,0,0,,2024-09-10
,,0,0,0,0,,2024-09-10
"Nuevo Leon
(6)",Apodaca,1,1,0,0,ABC Noticias,2024-09-10
,Garcia,1,1,0,0,El Porvenir,2024-09-10
,Garcia,1,0,1,0,El Porvenir,2024-09-10
,Garcia,1,1,0,0,El Porvenir,2024-09-10
,Garcia,1,1,0,0,Telediario,2024-09-10
,Linares,1,1,0,0,Info7,2024-09-10
"Oaxaca
(4)",Cosolapa,0,1,0,0,"El Pinero de
la Cuenca",2024-09-10
,,1,0,0,0,,2024-09-10
,,0,0,0,0,,2024-09-10
,"Juchitan de
Zaragoza",0,1,0,0,"Entidad
Oaxaca",2024-09-10
,,1,0,0,0,,2024-09-10
,,0,0,0,0,,2024-09-10
,"Santa Cruz
Xoxocotlan",0,1,0,0,RIOaxaca,2024-09-10
,,1,0,0,0,,2024-09-10
,,0,0,0,0,,2024-09-10
,Villa de Zaachila,1,1,0,0,ADN Sureste,2024-09-10
"Puebla
(2)",Puebla,0,1,0,0,"Canal 13
Mexico",2024-09-10
,,1,0,0,0,,2024-09-10
,,0,0,0,0,,2024-09-10
,"Tlacotepec de
Benito Juarez",0,1,0,0,Puebla Roja,2024-09-10
,,1,0,0,0,,2024-09-10
,,0,0,0,0,,2024-09-10
"Queretaro
(1)",Huimilpan,0,1,0,0,"Circulo
Noticias",2024-09-10
,,1,0,0,0,,2024-09-10
,,0,0,0,0,,2024-09-10
"Sinaloa
(7)",Culiacan,2,2,0,0,Debate,2024-09-10
,Culiacan,0,1,0,0,"EL Sol de
Sinaloa",2024-09-10
,,1,0,0,0,,2024-09-10
,,0,0,0,0,,2024-09-10
,Culiacan,0,1,0,0,"Entre
Veredas",2024-09-10
,,1,0,0,0,,2024-09-10
,,0,0,0,0,,2024-09-10
,Culiacan,1,1,0,0,Rio Doce,2024-09-10
,Culiacan,1,1,0,0,Rio Doce,2024-09-10
,Culiacan,1,1,0,0,Rio Doce,2024-09-10
"Sonora
(2)",Hermosillo,0,1,0,0,"Proyecto
Puente",2024-09-10
,,1,0,0,0,,2024-09-10
,,0,0,0,0,,2024-09-10
,Hermosillo,0,1,0,0,"Uniradio
Informa",2024-09-10
,,1,0,0,0,,2024-09-10
,,0,0,0,0,,2024-09-10
"Tabasco
(1)",Comalcalco,0,1,0,0,"Tabasco al
minuto",2024-09-10
,,1,0,0,0,,2024-09-10
,,0,0,0,0,,2024-09-10
"Tlaxcala
(1)","San Pablo del
Monte",0,1,0,0,"Municipios
Puebla",2024-09-10
,,1,0,0,0,,2024-09-10
,,0,0,0,0,,2024-09-10
"Veracruz de
Ignacio de la
Llave
(3)",Catemaco,0,1,1,0,"Al Calor
Politico",2024-09-10
,,2,0,0,0,,2024-09-10
,,0,0,0,0,,2024-09-10
,Omealca,0,1,0,0,"Al Calor
Politico",2024-09-10
,,1,0,0,0,,2024-09-10
,,0,0,0,0,,2024-09-10
Totales:,,64,55,6,3,,2024-09-10
