Entidad,Municipio,Muertos,Hombre,Mujer,No Identificado,Fuente,Fecha
,,0,0,0,0,,2024-08-01
,,0,0,0,0,,2024-08-01
,,0,0,0,0,,2024-08-01
"Baja
California
(8)",San Quintin,1,1,0,0,El Vigia,2024-08-01
,Tijuana,1,1,0,0,Baja News,2024-08-01
,Tijuana,1,1,0,0,El Imparcial,2024-08-01
,Tijuana,1,0,1,0,El Universal,2024-08-01
,Tijuana,0,1,0,0,"La Jornada Baja
California",2024-08-01
,,1,0,0,0,,2024-08-01
,,0,0,0,0,,2024-08-01
,Tijuana,2,2,0,0,Uniradio Informa,2024-08-01
,Tijuana,1,1,0,0,Uniradio Informa,2024-08-01
"Baja
California
Sur
(1)",La Paz,0,0,1,0,Peninsular Digital,2024-08-01
,,1,0,0,0,,2024-08-01
,,0,0,0,0,,2024-08-01
"Chiapas
(4)",Suchiate,1,1,0,0,Diario del Sur,2024-08-01
,Tapachula,1,1,0,0,Diario del Sur,2024-08-01
,Tapachula,1,1,0,0,Diario del Sur,2024-08-01
,Tuzantan,1,1,0,0,Diario del Sur,2024-08-01
"Chihuahua
(2)",Juarez,1,1,0,0,La Opcion de Chihuahua,2024-08-01
,Juarez,1,1,0,0,La Polaka,2024-08-01
"Colima
(13)",Armeria,1,1,0,0,Colima Noticias,2024-08-01
,Manzanillo,1,1,0,0,Colima Noticias,2024-08-01
,Tecoman,1,1,0,0,Colima Noticias,2024-08-01
,Tecoman,0,0,0,9,"Fiscalia General de
Colima",2024-08-01
,,9,0,0,0,,2024-08-01
,,0,0,0,0,,2024-08-01
,Villa de Alvarez,1,1,0,0,Colima Noticias,2024-08-01
"Guanajuato
(8)",Cortazar,1,1,0,0,Informativo Agora,2024-08-01
,"Dolores
Hidalgo Cuna
de la
Independencia
Nacional",0,1,0,0,Periodico Correo,2024-08-01
,,1,0,0,0,,2024-08-01
,,0,0,0,0,,2024-08-01
,Irapuato,1,1,0,0,Guardia Nocturna,2024-08-01
,Leon,1,1,0,0,Periodico Correo,2024-08-01
,Leon,1,1,0,0,Periodico Correo,2024-08-01
,Salamanca,1,1,0,0,Periodico Correo,2024-08-01
,Salamanca,2,1,1,0,Periodico Correo,2024-08-01
"Guerrero
(3)","Acapulco de
Juarez",0,0,0,1,Quadratin,2024-08-01
,,1,0,0,0,,2024-08-01
,,0,0,0,0,,2024-08-01
,"Chilpancingo
de los Bravo",0,1,0,0,El Sol de Acapulco,2024-08-01
,,1,0,0,0,,2024-08-01
,,0,0,0,0,,2024-08-01
,"Leonardo
Bravo",0,1,0,0,El Sol de Chilpancingo,2024-08-01
,,1,0,0,0,,2024-08-01
,,0,0,0,0,,2024-08-01
"Hidalgo
(2)",Apan,1,1,0,0,El Sol de Hidalgo,2024-08-01
,"Tula de
Allende",0,1,0,0,El Sol de Hidalgo,2024-08-01
,,1,0,0,0,,2024-08-01
,,0,0,0,0,,2024-08-01
"Jalisco
(3)",El Salto,1,1,0,0,Milenio,2024-08-01
,Guadalajara,1,0,1,0,Guardia Nocturna,2024-08-01
,"San Pedro
Tlaquepaque",0,1,0,0,Guardia Nocturna,2024-08-01
,,1,0,0,0,,2024-08-01
,,0,0,0,0,,2024-08-01
"Mexico
(5)",Chalco,1,1,0,0,El Universal,2024-08-01
,Coyotepec,1,1,0,0,La Prensa,2024-08-01
,La Paz,1,1,0,0,La Prensa,2024-08-01
,Zumpango,1,1,0,0,El Sol de Toluca,2024-08-01
,Zumpango,1,1,0,0,El Universal,2024-08-01
"Michoacan
de
Ocampo
(2)",Uruapan,1,1,0,0,La Voz de Michoacan,2024-08-01
,Uruapan,0,1,0,0,Quadratin Michoacan,2024-08-01
,,1,0,0,0,,2024-08-01
,,0,0,0,0,,2024-08-01
"Morelos
(5)",Cuautla,1,1,0,0,24 Morelos,2024-08-01
,Cuautla,1,1,0,0,Diario de Morelos,2024-08-01
,Cuautla,1,1,0,0,Noticias de Cuautla,2024-08-01
,Cuernavaca,1,0,0,1,Quadratin Morelos,2024-08-01
,Tlaquiltenango,1,1,0,0,Diario de Morelos,2024-08-01
"Nuevo
Leon
(6)",El Carmen,1,1,0,0,El Porvenir,2024-08-01
,Garcia,1,1,0,0,El Porvenir,2024-08-01
,Juarez,1,1,0,0,Telediario,2024-08-01
,Monterrey,2,1,1,0,Milenio,2024-08-01
,Monterrey,1,1,0,0,Milenio,2024-08-01
"Oaxaca
(3)","Juchitan de
Zaragoza",0,1,0,0,Excelsior,2024-08-01
,,1,0,0,0,,2024-08-01
,,0,0,0,0,,2024-08-01
,"Oaxaca de
Juarez",0,1,0,0,Entidad Oaxaca,2024-08-01
,,1,0,0,0,,2024-08-01
,,0,0,0,0,,2024-08-01
,"Santa Maria
Jalapa del
Marques",0,1,0,0,El Imparcial Oaxaca,2024-08-01
,,1,0,0,0,,2024-08-01
,,0,0,0,0,,2024-08-01
"Queretaro
(1)","Pedro
Escobedo",0,1,0,0,"El Sol de San Juan Del
Rio",2024-08-01
,,1,0,0,0,,2024-08-01
,,0,0,0,0,,2024-08-01
"Quintana
Roo
(4)",Benito Juarez,0,0,0,4,Por Esto!,2024-08-01
,,4,0,0,0,,2024-08-01
,,0,0,0,0,,2024-08-01
"San Luis
Potosi
(2)",San Luis Potosi,1,1,0,0,Tribuna de San Luis,2024-08-01
,"Soledad de
Graciano
Sanchez",0,1,0,0,Pulso San Luis Potosi,2024-08-01
,,1,0,0,0,,2024-08-01
,,0,0,0,0,,2024-08-01
"Sinaloa
(1)",Culiacan,0,0,1,0,Luz Noticias,2024-08-01
,,1,0,0,0,,2024-08-01
,,0,0,0,0,,2024-08-01
"Sonora
(3)",Caborca,1,1,0,0,El Universal,2024-08-01
,Guaymas,1,1,0,0,Diario del Yaqui,2024-08-01
,Hermosillo,1,1,0,0,El Sol de Hermosillo,2024-08-01
"Tabasco
(1)",Cardenas,0,1,0,0,Tabasco Hoy,2024-08-01
,,1,0,0,0,,2024-08-01
,,0,0,0,0,,2024-08-01
"Tamaulipas
(3)",Nuevo Laredo,1,1,0,0,Milenio,2024-08-01
,Reynosa,1,1,0,0,Milenio,2024-08-01
,Victoria,1,1,0,0,Milenio,2024-08-01
"Veracruz
de Ignacio
de la Llave
(1)",Coscomatepec,0,1,0,0,El Pinero de la Cuenca,2024-08-01
,,1,0,0,0,,2024-08-01
,,0,0,0,0,,2024-08-01
"Yucatan
(1)",Merida,0,1,0,0,Por Esto!,2024-08-01
,,1,0,0,0,,2024-08-01
,,0,0,0,0,,2024-08-01
"Zacatecas
(1)",Guadalupe,0,1,0,0,NTR Zacatecas,2024-08-01
,,1,0,0,0,,2024-08-01
,,0,0,0,0,,2024-08-01
Totales:,,83,62,6,15,,2024-08-01
