Entidad,Municipio,Muertos,Hombre,Mujer,No Identificado,Fuente,Fecha
,,0,0,0,0,,2024-04-05
,,0,0,0,0,,2024-04-05
,,0,0,0,0,,2024-04-05
"Baja
California
(1)",Ensenada,0,1,0,0,Zeta Tijuana,2024-04-05
,,1,0,0,0,,2024-04-05
,,0,0,0,0,,2024-04-05
"Chiapas
(4)",Tapachula,1,1,0,0,NAU Noticias A Tiempo,2024-04-05
,Tapachula,1,1,0,0,NAU Noticias A Tiempo,2024-04-05
,Tecpatan,1,1,0,0,El Heraldo de Chiapas,2024-04-05
,Villaflores,1,1,0,0,Diario de Chiapas,2024-04-05
"Chihuahua
(3)",Cuauhtemoc,1,1,0,0,Noticias Locales,2024-04-05
,Juarez,2,2,0,0,La Polaka,2024-04-05
"Ciudad de
Mexico
(7)","Gustavo A.
Madero",0,1,0,0,Pagina Central,2024-04-05
,,1,0,0,0,,2024-04-05
,,0,0,0,0,,2024-04-05
,Iztapalapa,3,3,0,0,Infopolitano,2024-04-05
,Tlahuac,1,1,0,0,MVS Noticias,2024-04-05
,Tlalpan,2,0,0,2,Diario de Mexico,2024-04-05
"Colima
(4)",Colima,1,1,0,0,AFmedios,2024-04-05
,Colima,1,1,0,0,Colima Noticias,2024-04-05
,Coquimatlan,1,1,0,0,Colima Noticias,2024-04-05
,Manzanillo,1,1,0,0,Diario de Colima,2024-04-05
"Guanajuato
(7)",Celaya,1,1,0,0,El Sol del Bajio,2024-04-05
,Irapuato,2,2,0,0,El Sol de Irapuato,2024-04-05
,Irapuato,1,1,0,0,Meganoticias,2024-04-05
,Leon,1,0,0,1,Periodico Correo,2024-04-05
,"Purisima del
Rincon",0,1,0,0,Noticias Vespertinas,2024-04-05
,,1,0,0,0,,2024-04-05
,,0,0,0,0,,2024-04-05
,Salamanca,1,0,1,0,Meganoticias,2024-04-05
"Guerrero
(7)","Acapulco de
Juarez",0,1,0,0,El Sol de Chilpancingo,2024-04-05
,,1,0,0,0,,2024-04-05
,,0,0,0,0,,2024-04-05
,"Acapulco de
Juarez",0,1,1,0,Lo Real de Guerrero,2024-04-05
,,2,0,0,0,,2024-04-05
,,0,0,0,0,,2024-04-05
,"Acapulco de
Juarez",0,1,0,0,Lo Real de Guerrero,2024-04-05
,,1,0,0,0,,2024-04-05
,,0,0,0,0,,2024-04-05
,"Chilpancingo
de los Bravo",0,1,0,0,Quadratin Guerrero,2024-04-05
,,1,0,0,0,,2024-04-05
,,0,0,0,0,,2024-04-05
,"Zihuatanejo
de Azueta",0,0,0,1,"Agencia de Noticias
Guerrero",2024-04-05
,,1,0,0,0,,2024-04-05
,,0,0,0,0,,2024-04-05
,"Zihuatanejo
de Azueta",0,1,0,0,Sur Acapulco,2024-04-05
,,1,0,0,0,,2024-04-05
,,0,0,0,0,,2024-04-05
"Hidalgo
(1)","Pachuca de
Soto",0,1,0,0,Central de Noticias,2024-04-05
,,1,0,0,0,,2024-04-05
,,0,0,0,0,,2024-04-05
"Jalisco
(2)","Tlajomulco
de Zuniga",0,0,0,1,Guardia Nocturna,2024-04-05
,,1,0,0,0,,2024-04-05
,,0,0,0,0,,2024-04-05
,"Tlajomulco
de Zuniga",0,1,0,0,Guardia Nocturna,2024-04-05
,,1,0,0,0,,2024-04-05
,,0,0,0,0,,2024-04-05
"Mexico
(1)","Naucalpan
de Juarez",0,1,0,0,Twitter,2024-04-05
,,1,0,0,0,,2024-04-05
,,0,0,0,0,,2024-04-05
"Michoacan
de
Ocampo
(3)",Morelia,1,1,0,0,Guardia Nocturna,2024-04-05
,Morelia,1,1,0,0,La Voz de Michoacan,2024-04-05
,Zitacuaro,0,1,0,0,A Tiempo,2024-04-05
,,1,0,0,0,,2024-04-05
,,0,0,0,0,,2024-04-05
"Morelos
(3)",Amacuzac,1,1,0,0,La Union,2024-04-05
,Huitzilac,1,1,0,0,La Union,2024-04-05
,Xochitepec,1,1,0,0,La Union,2024-04-05
"Nuevo
Leon
(2)",Guadalupe,1,1,0,0,El Porvenir,2024-04-05
,Monterrey,0,1,0,0,Zocalo,2024-04-05
,,1,0,0,0,,2024-04-05
,,0,0,0,0,,2024-04-05
"Oaxaca
(2)","Heroica Villa
de San Blas
Atempa",0,1,0,0,El Pinero de la Cuenca,2024-04-05
,,1,0,0,0,,2024-04-05
,,0,0,0,0,,2024-04-05
,"San Juan
Quiahije",0,0,0,1,Quadratin Oaxaca,2024-04-05
,,1,0,0,0,,2024-04-05
,,0,0,0,0,,2024-04-05
"Puebla
(8)","Nicolas
Bravo",0,1,0,0,Periodico Central,2024-04-05
,,1,0,0,0,,2024-04-05
,,0,0,0,0,,2024-04-05
,Puebla,7,0,0,7,TV Azteca,2024-04-05
"Quintana
Roo
(1)","Jose Maria
Morelos",0,1,0,0,Sol Quintana Roo,2024-04-05
,,1,0,0,0,,2024-04-05
,,0,0,0,0,,2024-04-05
"Sinaloa
(2)",Culiacan,1,1,0,0,EL Sol de Sinaloa,2024-04-05
,Culiacan,1,1,0,0,Linea Directa,2024-04-05
"Tabasco
(4)",Cardenas,2,0,0,2,Infobae,2024-04-05
,Cardenas,2,2,0,0,XEVA Noticias,2024-04-05
"Tamaulipas
(1)",Reynosa,0,1,0,0,Hoy Tamaulipas,2024-04-05
,,1,0,0,0,,2024-04-05
,,0,0,0,0,,2024-04-05
"Veracruz
de Ignacio
de la Llave
(3)",Cordoba,1,1,0,0,El Sol de Cordoba,2024-04-05
,"Martinez de
la Torre",0,0,1,0,El Pinero de la Cuenca,2024-04-05
,,1,0,0,0,,2024-04-05
,,0,0,0,0,,2024-04-05
,Minatitlan,1,1,0,0,Noreste,2024-04-05
"Zacatecas
(1)",Morelos,0,1,0,0,NTR Zacatecas,2024-04-05
,,1,0,0,0,,2024-04-05
,,0,0,0,0,,2024-04-05
Totales:,,67,49,3,15,,2024-04-05
