Entidad,Municipio,Muertos,Hombre,Mujer,No Identificado,Fuente,Fecha
,,0,0,0,0,,2024-05-06
,,0,0,0,0,,2024-05-06
,,0,0,0,0,,2024-05-06
"Baja California
(4)",Mexicali,1,0,1,0,La Voz de la Frontera,2024-05-06
,Mexicali,1,1,0,0,La Voz de la Frontera,2024-05-06
,Tijuana,1,0,0,1,Sintesis TV,2024-05-06
,Tijuana,1,1,0,0,Zeta Tijuana,2024-05-06
"Baja California
Sur
(1)",La Paz,0,0,0,1,El Universal,2024-05-06
,,1,0,0,0,,2024-05-06
,,0,0,0,0,,2024-05-06
"Chiapas
(3)",Tapachula,1,0,1,0,Diario del Sur,2024-05-06
,Villa Corzo,2,2,0,0,Diario de Chiapas,2024-05-06
Chihuahua (10),Cuauhtemoc,0,1,0,0,"El Diario de
Chihuahua",2024-05-06
,,1,0,0,0,,2024-05-06
,,0,0,0,0,,2024-05-06
,Cuauhtemoc,3,3,0,0,Tiempo,2024-05-06
,"Hidalgo del
Parral",0,2,2,0,"El heraldo de
Chihuahua",2024-05-06
,,4,0,0,0,,2024-05-06
,,0,0,0,0,,2024-05-06
,Juarez,1,1,0,0,La Polaka,2024-05-06
,Madera,0,1,0,0,"El Diario de
Chihuahua",2024-05-06
,,1,0,0,0,,2024-05-06
,,0,0,0,0,,2024-05-06
"Ciudad de
Mexico
(2)","Alvaro
Obregon",0,1,0,0,La Prensa,2024-05-06
,,1,0,0,0,,2024-05-06
,,0,0,0,0,,2024-05-06
,Cuauhtemoc,0,1,0,0,"A Fondo Estado de
Mexico",2024-05-06
,,1,0,0,0,,2024-05-06
,,0,0,0,0,,2024-05-06
"Coahuila de
Zaragoza
(1)",Torreon,0,1,0,0,El Siglo de Torreon,2024-05-06
,,1,0,0,0,,2024-05-06
,,0,0,0,0,,2024-05-06
"Colima
(1)",Colima,0,1,0,0,Colima Noticias,2024-05-06
,,1,0,0,0,,2024-05-06
,,0,0,0,0,,2024-05-06
"Guanajuato
(5)",Comonfort,1,1,0,0,El Sol del Bajio,2024-05-06
,Irapuato,1,1,0,0,El Sol de Irapuato,2024-05-06
,Leon,2,2,0,0,El Sol de Leon,2024-05-06
,"Silao de la
Victoria",0,1,0,0,El Sol de Leon,2024-05-06
,,1,0,0,0,,2024-05-06
,,0,0,0,0,,2024-05-06
"Guerrero
(5)","Acapulco de
Juarez",0,1,0,0,"Agencia de Noticias
Guerrero",2024-05-06
,,1,0,0,0,,2024-05-06
,,0,0,0,0,,2024-05-06
,"Acapulco de
Juarez",0,1,0,0,Sur Acapulco,2024-05-06
,,1,0,0,0,,2024-05-06
,,0,0,0,0,,2024-05-06
,"Acapulco de
Juarez",0,1,0,0,Sur Acapulco,2024-05-06
,,1,0,0,0,,2024-05-06
,,0,0,0,0,,2024-05-06
,Chilpancingo,1,1,0,0,El Sol de Acapulco,2024-05-06
,de los Bravo,0,0,0,0,,2024-05-06
,"Zihuatanejo de
Azueta",0,1,0,0,Noticias,2024-05-06
,,1,0,0,0,,2024-05-06
,,0,0,0,0,,2024-05-06
"Hidalgo
(1)",El Arenal,0,1,0,0,Milenio,2024-05-06
,,1,0,0,0,,2024-05-06
,,0,0,0,0,,2024-05-06
"Jalisco
(5)",Guadalajara,1,1,0,0,Alerta Jalisco,2024-05-06
,Guadalajara,1,1,0,0,Guardia Nocturna,2024-05-06
,"San Pedro
Tlaquepaque",0,0,1,0,Guardia Nocturna,2024-05-06
,,1,0,0,0,,2024-05-06
,,0,0,0,0,,2024-05-06
,"Tlajomulco de
Zuniga",0,1,0,0,Telediario,2024-05-06
,,1,0,0,0,,2024-05-06
,,0,0,0,0,,2024-05-06
,"Tlajomulco de
Zuniga",0,1,0,0,TV Azteca,2024-05-06
,,1,0,0,0,,2024-05-06
,,0,0,0,0,,2024-05-06
"Mexico
(3)",Chalco,0,1,0,0,"A Fondo Estado de
Mexico",2024-05-06
,,1,0,0,0,,2024-05-06
,,0,0,0,0,,2024-05-06
,Chalco,0,1,0,0,"A Fondo Estado de
Mexico",2024-05-06
,,1,0,0,0,,2024-05-06
,,0,0,0,0,,2024-05-06
,Nezahualcoyotl,1,1,0,0,El Grafico,2024-05-06
"Michoacan de
Ocampo
(4)","Alvaro
Obregon",0,1,0,0,"Quadratin
Michoacan",2024-05-06
,,1,0,0,0,,2024-05-06
,,0,0,0,0,,2024-05-06
,Apatzingan,2,2,0,0,Noventa Grados,2024-05-06
,Cuitzeo,1,1,0,0,Noventa Grados,2024-05-06
"Morelos
(5)",Atlatlahucan,1,1,0,0,La Union,2024-05-06
,Cuernavaca,1,1,0,0,La Union,2024-05-06
,Cuernavaca,1,1,0,0,La Union,2024-05-06
,"Emiliano
Zapata",0,1,0,0,Diario de Morelos,2024-05-06
,,1,0,0,0,,2024-05-06
,,0,0,0,0,,2024-05-06
,Jantetelco,1,0,1,0,Noticias de Cuautla,2024-05-06
"Nuevo Leon
(2)",Garcia,1,1,0,0,El Porvenir,2024-05-06
,Juarez,1,1,0,0,El Porvenir,2024-05-06
"Oaxaca
(3)","Oaxaca de
Juarez",0,1,0,0,"El Pinero de la
Cuenca",2024-05-06
,,1,0,0,0,,2024-05-06
,,0,0,0,0,,2024-05-06
,"Santo
Domingo
Tehuantepec",0,1,0,0,Quadratin,2024-05-06
,,1,0,0,0,,2024-05-06
,,0,0,0,0,,2024-05-06
,"Zimatlan de
Alvarez",0,1,0,0,El Imparcial,2024-05-06
,,1,0,0,0,,2024-05-06
,,0,0,0,0,,2024-05-06
"Puebla
(3)",Amozoc,1,1,0,0,Oro Noticias,2024-05-06
,Chiautla,1,1,0,0,Urbano Puebla,2024-05-06
,Puebla,1,1,0,0,Periodico Central,2024-05-06
"Quintana Roo
(1)",Benito Juarez,0,1,0,0,Sol Quintana Roo,2024-05-06
,,1,0,0,0,,2024-05-06
,,0,0,0,0,,2024-05-06
"San Luis Potosi
(1)",San Luis Potosi,0,1,0,0,Tribuna de San Luis,2024-05-06
,,1,0,0,0,,2024-05-06
,,0,0,0,0,,2024-05-06
"Tabasco
(3)",Cardenas,1,1,0,0,Tabasco Hoy,2024-05-06
,Centro,0,2,0,0,"El Heraldo de
Tabasco",2024-05-06
,,2,0,0,0,,2024-05-06
,,0,0,0,0,,2024-05-06
"Veracruz de
Ignacio de la
Llave
(1)",Atzalan,0,1,0,0,"El Heraldo de Poza
Rica",2024-05-06
,,1,0,0,0,,2024-05-06
,,0,0,0,0,,2024-05-06
"Zacatecas
(2)",Valparaiso,0,0,0,2,NTR Zacatecas,2024-05-06
,,2,0,0,0,,2024-05-06
,,0,0,0,0,,2024-05-06
Totales:,,66,56,6,4,,2024-05-06
