Entidad,Municipio,Muertos,Hombre,Mujer,No Identificado,Fuente,Fecha
,,0,0,0,0,,2024-02-27
,,0,0,0,0,,2024-02-27
,,0,0,0,0,,2024-02-27
"Baja
California
(1)",Tijuana,0,0,0,1,Uniradio Informa,2024-02-27
,,1,0,0,0,,2024-02-27
,,0,0,0,0,,2024-02-27
"Campeche
(1)",Hopelchen,0,0,0,1,Por Esto!,2024-02-27
,,1,0,0,0,,2024-02-27
,,0,0,0,0,,2024-02-27
"Chihuahua
(3)",Chihuahua,0,1,0,0,"El heraldo de
Chihuahua",2024-02-27
,,1,0,0,0,,2024-02-27
,,0,0,0,0,,2024-02-27
,"Guadalupe y
Calvo",0,1,0,0,La Polaka,2024-02-27
,,1,0,0,0,,2024-02-27
,,0,0,0,0,,2024-02-27
,Juarez,0,0,0,1,"El heraldo de
Chihuahua",2024-02-27
,,1,0,0,0,,2024-02-27
,,0,0,0,0,,2024-02-27
"Ciudad de
Mexico
(1)",Tlalpan,0,0,0,1,La Prensa,2024-02-27
,,1,0,0,0,,2024-02-27
,,0,0,0,0,,2024-02-27
"Colima
(3)",Manzanillo,1,1,0,0,Colima Noticias,2024-02-27
,Tecoman,1,1,0,0,Colima Noticias,2024-02-27
,"Villa de
Alvarez",0,1,0,0,Diario de Colima,2024-02-27
,,1,0,0,0,,2024-02-27
,,0,0,0,0,,2024-02-27
"Guanajuato
(9)",Acambaro,1,1,0,0,El Sol del Bajio,2024-02-27
,Huanimaro,1,1,0,0,El Sol de Irapuato,2024-02-27
,Irapuato,1,0,0,1,Periodico Correo,2024-02-27
,Leon,1,0,1,0,AM,2024-02-27
,Leon,1,1,0,0,AM,2024-02-27
,Leon,1,1,0,0,El Sol de Leon,2024-02-27
,Leon,1,1,0,0,El Sol de Leon,2024-02-27
,Salvatierra,1,0,1,0,El Sol del Bajio,2024-02-27
,"Valle de
Santiago",0,1,0,0,Periodico Correo,2024-02-27
,,1,0,0,0,,2024-02-27
,,0,0,0,0,,2024-02-27
"Guerrero
(2)","Acapulco de
Juarez",0,1,0,0,El Sol de Acapulco,2024-02-27
,,1,0,0,0,,2024-02-27
,,0,0,0,0,,2024-02-27
,"Acapulco de
Juarez",0,1,0,0,El Sol de Acapulco,2024-02-27
,,1,0,0,0,,2024-02-27
,,0,0,0,0,,2024-02-27
"Hidalgo
(2)",Singuilucan,0,2,0,0,El Sol de Hidalgo,2024-02-27
,,2,0,0,0,,2024-02-27
,,0,0,0,0,,2024-02-27
"Jalisco
(4)",Guadalajara,1,1,0,0,El Occidental,2024-02-27
,Guadalajara,1,1,0,0,Telediario,2024-02-27
,"Tlajomulco de
Zuniga",0,0,1,0,Guardia Nocturna,2024-02-27
,,1,0,0,0,,2024-02-27
,,0,0,0,0,,2024-02-27
,"Tlajomulco de
Zuniga",0,1,0,0,Guardia Nocturna,2024-02-27
,,1,0,0,0,,2024-02-27
,,0,0,0,0,,2024-02-27
"Mexico
(4)",Atizapan,1,1,0,0,A Fondo Edomex,2024-02-27
,"Tlalnepantla
de Baz",0,1,0,0,La Prensa,2024-02-27
,,1,0,0,0,,2024-02-27
,,0,0,0,0,,2024-02-27
,Toluca,1,1,0,0,A Fondo Edomex,2024-02-27
,Tultitlan,1,0,1,0,DigitalMex,2024-02-27
"Michoacan
de Ocampo
(6)",Jacona,1,1,0,0,Noventa Grados,2024-02-27
,La Huacana,1,1,0,0,Primera Plana,2024-02-27
,"Lazaro
Cardenas",0,1,0,0,"La Voz de
Michoacan",2024-02-27
,,1,0,0,0,,2024-02-27
,,0,0,0,0,,2024-02-27
,Maravatio,1,1,0,0,La Jornada,2024-02-27
,Zamora,1,1,0,0,Primera Plana,2024-02-27
,Zamora,1,1,0,0,Sintesis,2024-02-27
"Morelos
(3)",Cuernavaca,1,1,0,0,24 Morelos,2024-02-27
,Cuernavaca,1,0,0,1,Diario de Morelos,2024-02-27
,Cuernavaca,1,1,0,0,Diario de Morelos,2024-02-27
"Nuevo Leon
(5)",Doctor Coss,4,4,0,0,MVS Noticias,2024-02-27
,Guadalupe,1,1,0,0,El Porvenir,2024-02-27
"Oaxaca
(2)","Juchitan de
Zaragoza",0,1,0,0,El Imparcial,2024-02-27
,,1,0,0,0,,2024-02-27
,,0,0,0,0,,2024-02-27
,"Villa de
Zaachila",0,1,0,0,Imagen Oaxaca,2024-02-27
,,1,0,0,0,,2024-02-27
,,0,0,0,0,,2024-02-27
"Puebla
(2)",Huejotzingo,1,1,0,0,Puebla Roja,2024-02-27
,Puebla,1,1,0,0,Intolerencia Diario,2024-02-27
"Quintana
Roo
(2)",Benito Juarez,0,0,0,1,"Novedades de
Quintana Roo",2024-02-27
,,1,0,0,0,,2024-02-27
,,0,0,0,0,,2024-02-27
,Solidaridad,1,1,0,0,Noticaribe,2024-02-27
"San Luis
Potosi
(1)","San Luis
Potosi",0,0,1,0,"Tribuna de San
Luis",2024-02-27
,,1,0,0,0,,2024-02-27
,,0,0,0,0,,2024-02-27
"Sinaloa
(4)",Culiacan,1,1,0,0,Cafe Negro Portal,2024-02-27
,Culiacan,1,1,0,0,Debate,2024-02-27
,Culiacan,1,0,0,1,Linea Directa,2024-02-27
,Culiacan,1,0,0,1,Los Noticieristas,2024-02-27
Totales:,,55,41,5,9,,2024-02-27
