Entidad,Municipio,Muertos,Hombre,Mujer,No Identificado,Fuente,Fecha
,,0,0,0,0,,2024-03-08
,,0,0,0,0,,2024-03-08
,,0,0,0,0,,2024-03-08
"Aguascalientes
(2)",El Llano,1,1,0,0,El Sol del Centro,2024-03-08
,Jesus Maria,1,1,0,0,Hidrocalido,2024-03-08
"Baja California
(11)",Mexicali,1,1,0,0,El Imparcial,2024-03-08
,"Playas de
Rosarito",0,1,1,0,El Mexicano,2024-03-08
,,2,0,0,0,,2024-03-08
,,0,0,0,0,,2024-03-08
,Tecate,1,0,1,0,Zeta Tijuana,2024-03-08
,Tijuana,1,1,0,0,El Mexicano,2024-03-08
,Tijuana,1,1,0,0,Sintesis TV,2024-03-08
,Tijuana,1,1,0,0,Uniradio Informa,2024-03-08
,Tijuana,1,0,1,0,Uniradio Informa,2024-03-08
,Tijuana,1,1,0,0,Uniradio Informa,2024-03-08
,Tijuana,1,1,0,0,Uniradio Informa,2024-03-08
,Tijuana,1,0,0,1,Uniradio Informa,2024-03-08
"Baja California
Sur
(1)",Los Cabos,0,1,0,0,Colectivo Pericu,2024-03-08
,,1,0,0,0,,2024-03-08
,,0,0,0,0,,2024-03-08
"Chiapas
(5)",Huehuetan,1,1,0,0,Diario del Sur,2024-03-08
,Suchiate,1,1,0,0,Diario del Sur,2024-03-08
,Tapachula,1,1,0,0,Diario del Sur,2024-03-08
,Tapachula,1,0,1,0,El Universal,2024-03-08
,"Tuxtla
Gutierrez",0,0,1,0,El Heraldo de Mexico,2024-03-08
,,1,0,0,0,,2024-03-08
,,0,0,0,0,,2024-03-08
"Chihuahua
(3)",Chihuahua,1,0,0,1,Fiscalia de Chihuahua,2024-03-08
,Chihuahua,0,1,0,0,"La Opcion de
Chihuahua",2024-03-08
,,1,0,0,0,,2024-03-08
,,0,0,0,0,,2024-03-08
,Juarez,0,1,0,0,"El Diario de
Chihuahua",2024-03-08
,,1,0,0,0,,2024-03-08
,,0,0,0,0,,2024-03-08
"Ciudad de
Mexico
(2)",Coyoacan,1,1,0,0,La Prensa,2024-03-08
,Cuauhtemoc,0,1,0,0,Foro TV,2024-03-08
,,1,0,0,0,,2024-03-08
,,0,0,0,0,,2024-03-08
"Colima
(1)",Manzanillo,0,0,1,0,El Diario de Colima,2024-03-08
,,1,0,0,0,,2024-03-08
,,0,0,0,0,,2024-03-08
"Guanajuato
(8)",Celaya,1,1,0,0,Periodico Correo,2024-03-08
,Guanajuato,1,1,0,0,Noticias Vespertinas,2024-03-08
,Leon,1,1,0,0,El Sol de Leon,2024-03-08
,Leon,1,0,0,1,Noticias Vespertinas,2024-03-08
,Leon,1,1,0,0,Periodico Correo,2024-03-08
,Leon,1,1,0,0,Periodico Correo,2024-03-08
,Leon,1,1,0,0,Periodico Correo,2024-03-08
,Leon,1,1,0,0,Periodico Correo,2024-03-08
"Guerrero
(1)","Chilpancingo
de los Bravo",0,1,0,0,El Sur,2024-03-08
,,1,0,0,0,,2024-03-08
,,0,0,0,0,,2024-03-08
"Hidalgo
(1)","Atotonilco de
Tula",0,0,1,0,El Sol de Hidalgo,2024-03-08
,,1,0,0,0,,2024-03-08
,,0,0,0,0,,2024-03-08
"Jalisco
(4)",Guadalajara,1,1,0,0,Guardia Nocturna,2024-03-08
,Zapopan,3,3,0,0,Telediario,2024-03-08
"Mexico
(4)","Ecatepec de
Morelos",0,1,0,0,La Prensa,2024-03-08
,,1,0,0,0,,2024-03-08
,,0,0,0,0,,2024-03-08
,Mexicaltzingo,0,1,0,0,"A Fondo Estado de
Mexico",2024-03-08
,,1,0,0,0,,2024-03-08
,,0,0,0,0,,2024-03-08
,Tultitlan,2,2,0,0,La Prensa,2024-03-08
"Michoacan de
Ocampo
(4)",Contepec,2,2,0,0,La Voz de Michoacan,2024-03-08
,Morelia,1,1,0,0,La Voz de Michoacan,2024-03-08
,Zamora,0,1,0,0,"PCM Agencia de
Noticias",2024-03-08
,,1,0,0,0,,2024-03-08
,,0,0,0,0,,2024-03-08
"Morelos
(1)",Cuautla,0,0,0,1,Noticias de Cuautla,2024-03-08
,,1,0,0,0,,2024-03-08
,,0,0,0,0,,2024-03-08
"Nuevo Leon
(3)",Monterrey,1,1,0,0,Telediario,2024-03-08
,"San Nicolas de
los Garza",0,1,0,0,Posta,2024-03-08
,,1,0,0,0,,2024-03-08
,,0,0,0,0,,2024-03-08
,Santa Catarina,1,1,0,0,El Porvenir,2024-03-08
"Oaxaca
(2)","Juchitan de
Zaragoza",0,1,0,0,El Imparcial,2024-03-08
,,1,0,0,0,,2024-03-08
,,0,0,0,0,,2024-03-08
,"Oaxaca de
Juarez",0,1,0,0,Quadratin,2024-03-08
,,1,0,0,0,,2024-03-08
,,0,0,0,0,,2024-03-08
"Puebla
(2)",Huauchinango,1,1,0,0,Municipios,2024-03-08
,"San Martin
Texmelucan",0,1,0,0,El Sol de Puebla,2024-03-08
,,1,0,0,0,,2024-03-08
,,0,0,0,0,,2024-03-08
"Quintana Roo
(10)",Benito Juarez,0,1,0,0,"Novedades de
Quintana Roo",2024-03-08
,,1,0,0,0,,2024-03-08
,,0,0,0,0,,2024-03-08
,Cozumel,1,1,0,0,Por Esto!,2024-03-08
,Tulum,0,0,0,8,"Novedades de
Quintana Roo",2024-03-08
,,8,0,0,0,,2024-03-08
,,0,0,0,0,,2024-03-08
"Sinaloa
(1)",Mocorito,0,1,0,0,Luz Noticias,2024-03-08
,,1,0,0,0,,2024-03-08
,,0,0,0,0,,2024-03-08
"Tabasco
(1)",Huimanguillo,0,1,0,0,El Heraldo,2024-03-08
,,1,0,0,0,,2024-03-08
,,0,0,0,0,,2024-03-08
Totales:,,67,48,7,12,,2024-03-08
