Entidad,Municipio,Muertos,Hombre,Mujer,No Identificado,Fuente,Fecha
,,0,0,0,0,,2024-03-20
,,0,0,0,0,,2024-03-20
,,0,0,0,0,,2024-03-20
"Aguascalientes
(1)",Aguascalientes,0,1,0,0,El Clarinete,2024-03-20
,,1,0,0,0,,2024-03-20
,,0,0,0,0,,2024-03-20
"Baja California
(3)",Tijuana,1,0,0,1,Diario Tijuana,2024-03-20
,Tijuana,1,1,0,0,El Sol de Tijuana,2024-03-20
,Tijuana,1,0,1,0,El Sol de Tijuana,2024-03-20
"Chiapas
(3)","Ocozocoautla
de Espinosa",0,1,0,0,Diario de Chiapas,2024-03-20
,,1,0,0,0,,2024-03-20
,,0,0,0,0,,2024-03-20
,"Tuxtla
Gutierrez",0,1,0,0,TV Azteca,2024-03-20
,,1,0,0,0,,2024-03-20
,,0,0,0,0,,2024-03-20
,"Tuxtla
Gutierrez",0,1,0,0,TV Azteca,2024-03-20
,,1,0,0,0,,2024-03-20
,,0,0,0,0,,2024-03-20
"Chihuahua
(3)",Juarez,1,1,0,0,El Diario de Chihuahua,2024-03-20
,Juarez,0,1,0,0,"La Opcion de
Chihuahua",2024-03-20
,,1,0,0,0,,2024-03-20
,,0,0,0,0,,2024-03-20
,Juarez,1,1,0,0,Net Noticias,2024-03-20
"Ciudad de
Mexico
(1)",Iztapalapa,0,1,0,0,Diario de Mexico,2024-03-20
,,1,0,0,0,,2024-03-20
,,0,0,0,0,,2024-03-20
"Coahuila de
Zaragoza
(1)",Parras,0,1,0,0,Telediario,2024-03-20
,,1,0,0,0,,2024-03-20
,,0,0,0,0,,2024-03-20
"Colima
(2)",Manzanillo,1,1,0,0,Colima Noticias,2024-03-20
,Manzanillo,1,1,0,0,Diario de Colima,2024-03-20
"Guanajuato
(6)",Irapuato,1,1,0,0,El Sol de Irapuato,2024-03-20
,Leon,1,1,0,0,AM,2024-03-20
,Leon,1,1,0,0,El Sol de Leon,2024-03-20
,Salamanca,1,0,0,1,El Sol de Salamanca,2024-03-20
,"Valle de
Santiago",0,1,0,0,El Sol de Salamanca,2024-03-20
,,1,0,0,0,,2024-03-20
,,0,0,0,0,,2024-03-20
,Villagran,1,0,1,0,AM,2024-03-20
"Guerrero
(4)","Acapulco de
Juarez",0,1,0,0,"Agencia de Noticias
Guerrero",2024-03-20
,,1,0,0,0,,2024-03-20
,,0,0,0,0,,2024-03-20
,"Acapulco de
Juarez",0,0,1,0,El Sol de Acapulco,2024-03-20
,,1,0,0,0,,2024-03-20
,,0,0,0,0,,2024-03-20
,"Chilpancingo
de los Bravo",0,0,0,1,Quadratin Guerrero,2024-03-20
,,1,0,0,0,,2024-03-20
,,0,0,0,0,,2024-03-20
,"Juan R.
Escudero",0,1,0,0,El Sol de Chilpancingo,2024-03-20
,,1,0,0,0,,2024-03-20
,,0,0,0,0,,2024-03-20
"Hidalgo
(1)","San Felipe
Orizatlan",0,1,0,0,XEVT,2024-03-20
,,1,0,0,0,,2024-03-20
,,0,0,0,0,,2024-03-20
"Jalisco
(6)",El Salto,1,1,0,0,Guardia Nocturna,2024-03-20
,Villa Corona,5,5,0,0,Milenio,2024-03-20
"Mexico
(4)",Atlacomulco,2,0,0,2,Animal Politico,2024-03-20
,Jocotitlan,1,1,0,0,El Universal,2024-03-20
,Nezahualcoyotl,1,0,0,1,Reforma,2024-03-20
"Michoacan de
Ocampo
(10)",Cuitzeo,2,2,0,0,Quadratin,2024-03-20
,Jacona,1,1,0,0,La Voz de Michoacan,2024-03-20
,Jacona,1,1,0,0,Noventa Grados,2024-03-20
,Morelia,1,1,0,0,La Voz de Michoacan,2024-03-20
,Morelia,1,1,0,0,La Voz de Michoacan,2024-03-20
,Morelia,0,1,0,0,"PCM Agencia de
Noticias",2024-03-20
,,1,0,0,0,,2024-03-20
,,0,0,0,0,,2024-03-20
,Sahuayo,1,1,0,0,La Voz de Michoacan,2024-03-20
,Zamora,1,1,0,0,La Voz de Michoacan,2024-03-20
,Zamora,1,1,0,0,Noventa Grados,2024-03-20
"Morelos
(3)",Cuautla,1,1,0,0,Diario de Morelos,2024-03-20
,Cuautla,1,1,0,0,La Union,2024-03-20
,"Emiliano
Zapata",0,1,0,0,Central de Noticias,2024-03-20
,,1,0,0,0,,2024-03-20
,,0,0,0,0,,2024-03-20
"Nuevo Leon
(1)",Guadalupe,0,1,0,0,Telediario,2024-03-20
,,1,0,0,0,,2024-03-20
,,0,0,0,0,,2024-03-20
"Oaxaca
(1)","Juchitan de
Zaragoza",0,1,0,0,Imparcial de Oaxaca,2024-03-20
,,1,0,0,0,,2024-03-20
,,0,0,0,0,,2024-03-20
"Puebla
(1)",Tehuacan,0,1,0,0,El Sol de Puebla,2024-03-20
,,1,0,0,0,,2024-03-20
,,0,0,0,0,,2024-03-20
"Quintana Roo
(5)",Benito Juarez,3,0,0,3,Noticaribe,2024-03-20
,Cozumel,1,0,1,0,Noticaribe,2024-03-20
,Solidaridad,1,0,0,1,Sol Quintana Roo,2024-03-20
"San Luis Potosi
(3)",San Luis Potosi,1,1,0,0,Tribuna de San Luis,2024-03-20
,"Soledad de
Graciano
Sanchez",0,2,0,0,Plano Informativo,2024-03-20
,,2,0,0,0,,2024-03-20
,,0,0,0,0,,2024-03-20
"Sinaloa
(3)",Culiacan,1,1,0,0,Linea Directa,2024-03-20
,Culiacan,1,1,0,0,Los Noticieristas,2024-03-20
,Mazatlan,1,1,0,0,Viva La Noticia,2024-03-20
"Sonora
(8)",Cajeme,1,1,0,0,N+,2024-03-20
,"San Luis Rio
Colorado",0,7,0,0,TV Azteca,2024-03-20
,,7,0,0,0,,2024-03-20
,,0,0,0,0,,2024-03-20
"Tabasco
(4)",Cardenas,1,1,0,0,XEVA Noticias,2024-03-20
,Comalcalco,1,1,0,0,El Heraldo de Tabasco,2024-03-20
,Comalcalco,1,0,0,1,El Heraldo de Tabasco,2024-03-20
,Teapa,1,0,0,1,Tabasco Hoy,2024-03-20
"Tamaulipas
(1)",Reynosa,0,1,0,0,Hoy Tamaulipas,2024-03-20
,,1,0,0,0,,2024-03-20
,,0,0,0,0,,2024-03-20
"Tlaxcala
(1)",Calpulalpan,0,1,0,0,El Sol de Tlaxcala,2024-03-20
,,1,0,0,0,,2024-03-20
,,0,0,0,0,,2024-03-20
Totales:,,76,60,4,12,,2024-03-20
