Entidad,Municipio,Muertos,Hombre,Mujer,No Identificado,Fuente,Fecha
,,0,0,0,0,,2024-03-14
,,0,0,0,0,,2024-03-14
,,0,0,0,0,,2024-03-14
"Aguascalientes
(1)",Jesus Maria,0,1,0,0,El Sol del Centro,2024-03-14
,,1,0,0,0,,2024-03-14
,,0,0,0,0,,2024-03-14
"Baja California
(4)",Tijuana,1,1,0,0,Alfredoalvarez.mx,2024-03-14
,Tijuana,2,1,0,1,El Imparcial,2024-03-14
,Tijuana,1,1,0,0,Zacatecas Online,2024-03-14
"Chiapas
(4)",Chamula,1,1,0,0,Por Esto!,2024-03-14
,Palenque,1,1,0,0,El Sol del Sureste,2024-03-14
,Tapachula,1,1,0,0,Diario del Sur,2024-03-14
,Tila,1,1,0,0,Meganoticias,2024-03-14
"Chihuahua
(12)",Juarez,0,0,1,0,"El Diario de
Chihuahua",2024-03-14
,,1,0,0,0,,2024-03-14
,,0,0,0,0,,2024-03-14
,Juarez,0,0,0,11,"El heraldo de
Chihuahua",2024-03-14
,,11,0,0,0,,2024-03-14
,,0,0,0,0,,2024-03-14
"Ciudad de
Mexico
(1)",Coyoacan,0,1,0,0,El Grafico,2024-03-14
,,1,0,0,0,,2024-03-14
,,0,0,0,0,,2024-03-14
"Guanajuato
(6)",Celaya,1,0,1,0,Periodico Correo,2024-03-14
,Leon,1,1,0,0,El Sol de Leon,2024-03-14
,Leon,1,1,0,0,Periodico Correo,2024-03-14
,Leon,1,1,0,0,Periodico Correo,2024-03-14
,"Purisima del
Rincon",0,1,0,0,Periodico Correo,2024-03-14
,,1,0,0,0,,2024-03-14
,,0,0,0,0,,2024-03-14
,"San Francisco
del Rincon",0,1,0,0,El Sol de Leon,2024-03-14
,,1,0,0,0,,2024-03-14
,,0,0,0,0,,2024-03-14
"Guerrero
(4)","Acapulco de
Juarez",0,1,0,0,"El Sol de
Acapulco",2024-03-14
,,1,0,0,0,,2024-03-14
,,0,0,0,0,,2024-03-14
,"Acapulco de
Juarez",0,1,0,0,Sur Acapulco,2024-03-14
,,1,0,0,0,,2024-03-14
,,0,0,0,0,,2024-03-14
,Olinala,1,1,0,0,Sur Acapulco,2024-03-14
,"Zihuatanejo
de Azueta",0,1,0,0,Sur Acapulco,2024-03-14
,,1,0,0,0,,2024-03-14
,,0,0,0,0,,2024-03-14
"Jalisco
(1)","Tlajomulco de
Zuniga",0,0,0,1,"Guardia
Nocturna",2024-03-14
,,1,0,0,0,,2024-03-14
,,0,0,0,0,,2024-03-14
"Mexico
(2)","Ecatepec de
Morelos",0,1,0,0,El Sol de Toluca,2024-03-14
,,1,0,0,0,,2024-03-14
,,0,0,0,0,,2024-03-14
,Tecamac,1,1,0,0,El Grafico,2024-03-14
"Michoacan de
Ocampo
(10)",Charo,0,1,0,0,"PCM Agencia de
Noticias",2024-03-14
,,1,0,0,0,,2024-03-14
,,0,0,0,0,,2024-03-14
,Chilchota,7,7,0,0,Primera Plana,2024-03-14
,Jacona,0,1,0,0,"PCM Agencia de
Noticias",2024-03-14
,,1,0,0,0,,2024-03-14
,,0,0,0,0,,2024-03-14
,Tangancicuaro,1,1,0,0,RED Michoacan,2024-03-14
"Morelos
(4)",Ayala,1,1,0,0,La Cronica,2024-03-14
,Cuernavaca,0,1,0,0,"Central de
Noticias",2024-03-14
,,1,0,0,0,,2024-03-14
,,0,0,0,0,,2024-03-14
,Cuernavaca,0,1,0,0,"El Sol de
Cuernavaca",2024-03-14
,,1,0,0,0,,2024-03-14
,,0,0,0,0,,2024-03-14
,Temixco,0,1,0,0,"Central de
Noticias",2024-03-14
,,1,0,0,0,,2024-03-14
,,0,0,0,0,,2024-03-14
"Nuevo Leon
(3)",Guadalupe,1,1,0,0,Telediario,2024-03-14
,Monterrey,1,1,0,0,Telediario,2024-03-14
,"San Nicolas de
los Garza",0,0,0,1,Milenio,2024-03-14
,,1,0,0,0,,2024-03-14
,,0,0,0,0,,2024-03-14
"Oaxaca
(2)","San Miguel
Tlacamama",0,1,0,0,"El Imparcial
Oaxaca",2024-03-14
,,1,0,0,0,,2024-03-14
,,0,0,0,0,,2024-03-14
,"Santa Lucia
del Camino",0,0,0,1,"El Imparcial
Oaxaca",2024-03-14
,,1,0,0,0,,2024-03-14
,,0,0,0,0,,2024-03-14
"Puebla
(4)",Cuautinchan,1,1,0,0,MTP Noticias,2024-03-14
,Puebla,1,1,0,0,Cambio,2024-03-14
,Puebla,0,0,0,1,"Municipios
Puebla",2024-03-14
,,1,0,0,0,,2024-03-14
,,0,0,0,0,,2024-03-14
,Puebla,0,1,0,0,"Municipios
Puebla",2024-03-14
,,1,0,0,0,,2024-03-14
,,0,0,0,0,,2024-03-14
"Quintana Roo
(1)",Cozumel,0,1,0,0,Por Esto!,2024-03-14
,,1,0,0,0,,2024-03-14
,,0,0,0,0,,2024-03-14
"San Luis Potosi
(3)","San Luis
Potosi",0,3,0,0,La Jornada,2024-03-14
,,3,0,0,0,,2024-03-14
,,0,0,0,0,,2024-03-14
"Sinaloa
(2)",Culiacan,1,1,0,0,Cafe Negro Portal,2024-03-14
,Culiacan,1,1,0,0,Luz Noticias,2024-03-14
"Tamaulipas
(1)",Reynosa,0,1,0,0,Hoy Tamaulipas,2024-03-14
,,1,0,0,0,,2024-03-14
,,0,0,0,0,,2024-03-14
"Veracruz de
Ignacio de la
Llave
(1)","Amatlan de
los Reyes",0,1,0,0,La Nigua,2024-03-14
,,1,0,0,0,,2024-03-14
,,0,0,0,0,,2024-03-14
"Yucatan
(2)",Kanasin,0,0,1,0,"Novedades de
Yucatan",2024-03-14
,,1,0,0,0,,2024-03-14
,,0,0,0,0,,2024-03-14
,Valladolid,1,1,0,0,El Sol del Centro,2024-03-14
"Zacatecas
(1)",Villanueva,0,1,0,0,"Imagen
Zacatecas",2024-03-14
,,1,0,0,0,,2024-03-14
,,0,0,0,0,,2024-03-14
Totales:,,69,50,3,16,,2024-03-14
