Entidad,Municipio,Muertos,Hombre,Mujer,No Identificado,Fuente,Fecha
,,0,0,0,0,,2024-05-05
,,0,0,0,0,,2024-05-05
,,0,0,0,0,,2024-05-05
"Baja
California
(8)",Tijuana,1,0,0,1,AFN Tijuana,2024-05-05
,Tijuana,1,0,0,1,Esquina 32,2024-05-05
,Tijuana,1,1,0,0,Uniradio Informa,2024-05-05
,Tijuana,1,1,0,0,Uniradio Informa,2024-05-05
,Tijuana,1,1,0,0,Uniradio Informa,2024-05-05
,Tijuana,1,1,0,0,Uniradio Informa,2024-05-05
,Tijuana,1,1,0,0,Uniradio Informa,2024-05-05
,Tijuana,1,1,0,0,Uniradio Informa,2024-05-05
"Chihuahua
(3)",Chihuahua,1,1,0,0,La Opcion de Chihuahua,2024-05-05
,Juarez,1,1,0,0,Net Noticias,2024-05-05
,Juarez,1,0,1,0,Net Noticias,2024-05-05
"Colima
(4)",Colima,2,2,0,0,Milenio,2024-05-05
,Coquimatlan,1,1,0,0,Colima Noticias,2024-05-05
,Manzanillo,1,1,0,0,Colima Noticias,2024-05-05
"Guanajuato
(14)",Celaya,1,1,0,0,AM,2024-05-05
,Leon,1,1,0,0,AM,2024-05-05
,Leon,1,1,0,0,AM,2024-05-05
,Leon,1,1,0,0,Periodico Correo,2024-05-05
,Leon,1,1,0,0,Periodico Correo,2024-05-05
,Leon,3,1,2,0,Periodico Correo,2024-05-05
,Leon,1,1,0,0,Periodico Correo,2024-05-05
,Penjamo,2,1,1,0,AM,2024-05-05
,Penjamo,1,1,0,0,AM,2024-05-05
,Salamanca,1,1,0,0,Periodico Correo,2024-05-05
,"Valle de
Santiago",0,1,0,0,Periodico Correo,2024-05-05
,,1,0,0,0,,2024-05-05
,,0,0,0,0,,2024-05-05
"Guerrero
(2)","Acapulco de
Juarez",0,1,0,0,Sur Acapulco,2024-05-05
,,1,0,0,0,,2024-05-05
,,0,0,0,0,,2024-05-05
,"Acapulco de
Juarez",0,1,0,0,Sur Acapulco,2024-05-05
,,1,0,0,0,,2024-05-05
,,0,0,0,0,,2024-05-05
"Jalisco
(2)",Amatitan,1,0,1,0,Milenio,2024-05-05
,"San Pedro
Tlaquepaque",0,0,1,0,Noticel,2024-05-05
,,1,0,0,0,,2024-05-05
,,0,0,0,0,,2024-05-05
"Michoacan
de Ocampo
(4)","Lazaro
Cardenas",0,1,1,0,Milenio,2024-05-05
,,2,0,0,0,,2024-05-05
,,0,0,0,0,,2024-05-05
,Morelia,1,1,0,0,Red 113,2024-05-05
,Zamora,1,1,0,0,El Independiente,2024-05-05
"Nuevo
Leon
(2)",Guadalupe,1,1,0,0,Noticias Locales,2024-05-05
,Montemorelos,0,1,0,0,Milenio,2024-05-05
,,1,0,0,0,,2024-05-05
,,0,0,0,0,,2024-05-05
"Oaxaca
(2)","Heroica Villa
de San Blas
Atempa",0,1,0,0,El Pinero de la Cuenca,2024-05-05
,,1,0,0,0,,2024-05-05
,,0,0,0,0,,2024-05-05
,"Oaxaca de
Juarez",0,1,0,0,El Heraldo de Mexico,2024-05-05
,,1,0,0,0,,2024-05-05
,,0,0,0,0,,2024-05-05
"Puebla
(1)",Chietla,0,0,1,0,MTP Noticias,2024-05-05
,,1,0,0,0,,2024-05-05
,,0,0,0,0,,2024-05-05
"San Luis
Potosi
(3)",Tanlajas,0,3,0,0,Debate,2024-05-05
,,3,0,0,0,,2024-05-05
,,0,0,0,0,,2024-05-05
"Sonora
(3)","San Luis Rio
Colorado",0,2,0,0,Milenio,2024-05-05
,,2,0,0,0,,2024-05-05
,,0,0,0,0,,2024-05-05
,"San Luis Rio
Colorado",0,1,0,0,Milenio,2024-05-05
,,1,0,0,0,,2024-05-05
,,0,0,0,0,,2024-05-05
"Tabasco
(3)",Centro,1,1,0,0,El Heraldo de Tabasco,2024-05-05
,Comalcalco,2,1,1,0,XEVA Noticias,2024-05-05
"Tamaulipas
(1)",Matamoros,0,1,0,0,Hoy Tamaulipas,2024-05-05
,,1,0,0,0,,2024-05-05
,,0,0,0,0,,2024-05-05
"Veracruz
de Ignacio
de la Llave
(1)","Hueyapan de
Ocampo",0,1,0,0,Al Calor Politico,2024-05-05
,,1,0,0,0,,2024-05-05
,,0,0,0,0,,2024-05-05
"Zacatecas
(1)",Fresnillo,0,1,0,0,NTR Zacatecas,2024-05-05
,,1,0,0,0,,2024-05-05
,,0,0,0,0,,2024-05-05
Totales:,,54,43,9,2,,2024-05-05
