Entidad,Municipio,Muertos,Hombre,Mujer,No Identificado,Fuente,Fecha
,,0,0,0,0,,2024-06-21
,,0,0,0,0,,2024-06-21
,,0,0,0,0,,2024-06-21
"Baja California
(8)",Mexicali,1,0,0,1,La Voz de la Frontera,2024-06-21
,Tijuana,1,1,0,0,El Mexicano,2024-06-21
,Tijuana,1,1,0,0,El Mexicano,2024-06-21
,Tijuana,1,1,0,0,El Mexicano,2024-06-21
,Tijuana,1,0,0,1,El Sol de Tijuana,2024-06-21
,Tijuana,1,0,0,1,La Jornada,2024-06-21
,Tijuana,1,1,0,0,Uniradio Informa,2024-06-21
,Tijuana,1,1,0,0,Uniradio Informa,2024-06-21
"Campeche
(1)",Carmen,0,1,0,0,Tribuna,2024-06-21
,,1,0,0,0,,2024-06-21
,,0,0,0,0,,2024-06-21
"Chihuahua
(1)",Juarez,0,1,0,0,Net Noticias,2024-06-21
,,1,0,0,0,,2024-06-21
,,0,0,0,0,,2024-06-21
"Ciudad de
Mexico
(1)",Cuauhtemoc,0,1,0,0,El Grafico,2024-06-21
,,1,0,0,0,,2024-06-21
,,0,0,0,0,,2024-06-21
"Coahuila de
Zaragoza
(1)",Saltillo,0,1,0,0,Zocalo,2024-06-21
,,1,0,0,0,,2024-06-21
,,0,0,0,0,,2024-06-21
"Colima
(1)",Coquimatlan,0,1,0,0,Colima Noticias,2024-06-21
,,1,0,0,0,,2024-06-21
,,0,0,0,0,,2024-06-21
"Guanajuato
(11)",Apaseo el Alto,1,1,0,0,El Sol del Bajio,2024-06-21
,Celaya,1,1,0,0,El Sol del Bajio,2024-06-21
,Celaya,1,1,0,0,El Sol del Bajio,2024-06-21
,Leon,1,1,0,0,Noticias Vespertinas,2024-06-21
,Leon,1,1,0,0,Pagina Central,2024-06-21
,Leon,1,1,0,0,Periodico Correo,2024-06-21
,Leon,1,0,1,0,Periodico Correo,2024-06-21
,Leon,1,1,0,0,Periodico Correo,2024-06-21
,Salamanca,1,0,0,1,Periodico Correo,2024-06-21
,Salvatierra,1,0,1,0,Periodico Correo,2024-06-21
,"San Francisco
del Rincon",0,1,0,0,Periodico Correo,2024-06-21
,,1,0,0,0,,2024-06-21
,,0,0,0,0,,2024-06-21
"Guerrero
(5)","Acapulco de
Juarez",0,1,0,0,El Sur,2024-06-21
,,1,0,0,0,,2024-06-21
,,0,0,0,0,,2024-06-21
,"Acapulco de
Juarez",0,0,0,1,El Sur,2024-06-21
,,1,0,0,0,,2024-06-21
,,0,0,0,0,,2024-06-21
,"Acapulco de
Juarez",0,0,1,0,Sur Acapulco,2024-06-21
,,1,0,0,0,,2024-06-21
,,0,0,0,0,,2024-06-21
,Malinaltepec,1,1,0,0,El Sur,2024-06-21
,"Taxco de
Alarcon",0,1,0,0,Arturo Ortiz,2024-06-21
,,1,0,0,0,,2024-06-21
,,0,0,0,0,,2024-06-21
"Jalisco
(5)",Guadalajara,1,1,0,0,De Peso,2024-06-21
,Magdalena,1,0,1,0,Debate,2024-06-21
,"Tlajomulco de
Zuniga",0,1,0,0,Guardia Nocturna,2024-06-21
,,1,0,0,0,,2024-06-21
,,0,0,0,0,,2024-06-21
,Zapopan,2,1,0,1,El Occidental,2024-06-21
"Mexico
(2)",Huixquilucan,1,1,0,0,Quadratin,2024-06-21
,"Melchor
Ocampo",0,0,1,0,La Prensa,2024-06-21
,,1,0,0,0,,2024-06-21
,,0,0,0,0,,2024-06-21
"Michoacan de
Ocampo
(3)",Copandaro,1,1,0,0,Noventa Grados,2024-06-21
,Morelia,1,1,0,0,Noventa Grados,2024-06-21
,Uruapan,1,1,0,0,Noventa Grados,2024-06-21
"Morelos
(7)",Cuernavaca,1,1,0,0,Central de Noticias,2024-06-21
,Huitzilac,2,2,0,0,La Union,2024-06-21
,Puente de Ixtla,1,1,0,0,La Union,2024-06-21
,Temixco,1,1,0,0,24 Morelos,2024-06-21
,Xochitepec,2,2,0,0,24 Morelos,2024-06-21
"Puebla
(2)","Izucar de
Matamoros",0,0,1,0,e-consulta,2024-06-21
,,1,0,0,0,,2024-06-21
,,0,0,0,0,,2024-06-21
,Puebla,1,0,1,0,Urbano Puebla,2024-06-21
"Quintana Roo
(3)",Bacalar,1,1,0,0,Noticaribe,2024-06-21
,Benito Juarez,1,1,0,0,Quintana Roo Hoy,2024-06-21
,Benito Juarez,1,1,0,0,Sipse,2024-06-21
"San Luis Potosi
(5)","Cerro de San
Pedro",0,5,0,0,"Secretaria de
Seguridad de SLP",2024-06-21
,,5,0,0,0,,2024-06-21
,,0,0,0,0,,2024-06-21
"Sonora
(4)",Cajeme,1,1,0,0,Tribuna,2024-06-21
,Cajeme,1,1,0,0,Tribuna,2024-06-21
,Cajeme,1,1,0,0,Uniradio Informa,2024-06-21
,Hermosillo,1,1,0,0,Meganoticias,2024-06-21
"Tabasco
(2)",Comalcalco,0,1,0,0,"El Heraldo de
Tabasco",2024-06-21
,,1,0,0,0,,2024-06-21
,,0,0,0,0,,2024-06-21
,Comalcalco,1,1,0,0,Tabasco Hoy,2024-06-21
"Tlaxcala
(1)",Tenancingo,0,1,0,0,Municipios Puebla,2024-06-21
,,1,0,0,0,,2024-06-21
,,0,0,0,0,,2024-06-21
"Veracruz de
Ignacio de la
Llave
(3)",Cosoleacaque,1,1,0,0,Oliva Noticias,2024-06-21
,Ixtaczoquitlan,1,1,0,0,El Sol de Orizaba,2024-06-21
,Oluta,0,1,0,0,"El Pinero de la
Cuenca",2024-06-21
,,1,0,0,0,,2024-06-21
,,0,0,0,0,,2024-06-21
"Zacatecas
(1)",Fresnillo,0,1,0,0,Zacatecas Online,2024-06-21
,,1,0,0,0,,2024-06-21
,,0,0,0,0,,2024-06-21
Totales:,,67,54,7,6,,2024-06-21
