Entidad,Municipio,Muertos,Hombre,Mujer,No Identificado,Fuente,Fecha
,,0,0,0,0,,2024-04-26
,,0,0,0,0,,2024-04-26
,,0,0,0,0,,2024-04-26
"Aguascalientes
(1)","Pabellon de
Arteaga",0,1,0,0,"El Circo
Aguascalientes",2024-04-26
,,1,0,0,0,,2024-04-26
,,0,0,0,0,,2024-04-26
"Baja California
(5)",Tijuana,1,1,0,0,El Sol de Tijuana,2024-04-26
,Tijuana,1,1,0,0,El Sol de Tijuana,2024-04-26
,Tijuana,1,0,0,1,El Sol de Tijuana,2024-04-26
,Tijuana,2,0,2,0,Zeta Tijuana,2024-04-26
"Chiapas
(1)",Pantelho,0,1,0,0,"El Heraldo de
Chiapas",2024-04-26
,,1,0,0,0,,2024-04-26
,,0,0,0,0,,2024-04-26
"Chihuahua
(3)",Allende,1,1,0,0,La Opcion,2024-04-26
,"Hidalgo del
Parral",0,0,0,1,Codigo 13,2024-04-26
,,1,0,0,0,,2024-04-26
,,0,0,0,0,,2024-04-26
,Juarez,1,1,0,0,El Diario,2024-04-26
"Ciudad de
Mexico
(3)","Gustavo A.
Madero",0,1,0,0,Telediario,2024-04-26
,,1,0,0,0,,2024-04-26
,,0,0,0,0,,2024-04-26
,Xochimilco,2,2,0,0,TV Azteca,2024-04-26
"Guanajuato
(9)",Celaya,1,1,0,0,El Sol del Bajio,2024-04-26
,Irapuato,1,1,0,0,Periodico Correo,2024-04-26
,Leon,1,1,0,0,El Sol de Leon,2024-04-26
,Leon,1,1,0,0,Noticias Vespertinas,2024-04-26
,Salvatierra,1,0,1,0,Periodico Correo,2024-04-26
,"Silao de la
Victoria",0,1,0,0,Periodico Correo,2024-04-26
,,1,0,0,0,,2024-04-26
,,0,0,0,0,,2024-04-26
,"Silao de la
Victoria",0,1,2,0,Quadratin,2024-04-26
,,3,0,0,0,,2024-04-26
,,0,0,0,0,,2024-04-26
"Guerrero
(2)","Acapulco de
Juarez",0,0,0,1,El Sur,2024-04-26
,,1,0,0,0,,2024-04-26
,,0,0,0,0,,2024-04-26
,"Acapulco de
Juarez",0,0,0,1,TV Azteca,2024-04-26
,,1,0,0,0,,2024-04-26
,,0,0,0,0,,2024-04-26
"Hidalgo
(4)",Tepeapulco,1,1,0,0,El Sol de Hidalgo,2024-04-26
,Tula de Allende,1,1,0,0,El Sol de Hidalgo,2024-04-26
,"Tulancingo de
Bravo",0,1,0,0,El Sol de Hidalgo,2024-04-26
,,1,0,0,0,,2024-04-26
,,0,0,0,0,,2024-04-26
,Xochiatipan,1,1,0,0,La Union,2024-04-26
"Jalisco
(1)","San Pedro
Tlaquepaque",0,1,0,0,Notisistema,2024-04-26
,,1,0,0,0,,2024-04-26
,,0,0,0,0,,2024-04-26
"Mexico
(2)","Tlalnepantla de
Baz",0,1,0,0,La Prensa,2024-04-26
,,1,0,0,0,,2024-04-26
,,0,0,0,0,,2024-04-26
,Toluca,1,1,0,0,Tres PM Noticias,2024-04-26
"Michoacan de
Ocampo
(5)",Apatzingan,1,1,0,0,Noventa Grados,2024-04-26
,Morelia,0,1,0,0,"La Voz de
Michoacan",2024-04-26
,,1,0,0,0,,2024-04-26
,,0,0,0,0,,2024-04-26
,Tangamandapio,0,1,1,0,"Grupo Marmor
Multimedios",2024-04-26
,,2,0,0,0,,2024-04-26
,,0,0,0,0,,2024-04-26
,Uruapan,1,1,0,0,Quadratin,2024-04-26
"Morelos
(3)",Cuernavaca,0,1,0,0,"El Sol de
Cuernavaca",2024-04-26
,,1,0,0,0,,2024-04-26
,,0,0,0,0,,2024-04-26
,Jiutepec,0,1,0,0,"El Sol de
Cuernavaca",2024-04-26
,,1,0,0,0,,2024-04-26
,,0,0,0,0,,2024-04-26
,Tetecala,1,1,0,0,El Sol de Nayarit,2024-04-26
"Oaxaca
(12)",Animas Trujano,1,0,1,0,El Imparcial Oaxaca,2024-04-26
,"Heroica Ciudad
de Huajuapan
de Leon",0,1,0,0,Quadratin,2024-04-26
,,1,0,0,0,,2024-04-26
,,0,0,0,0,,2024-04-26
,Loma Bonita,0,0,0,8,"El Pinero de la
Cuenca",2024-04-26
,,8,0,0,0,,2024-04-26
,,0,0,0,0,,2024-04-26
,"Magdalena
Tequisistlan",0,1,0,0,ADN Sureste,2024-04-26
,,1,0,0,0,,2024-04-26
,,0,0,0,0,,2024-04-26
,"San Sebastian
Tutla",0,1,0,0,Primera Linea MX,2024-04-26
,,1,0,0,0,,2024-04-26
,,0,0,0,0,,2024-04-26
"Puebla
(2)",Huejotzingo,1,1,0,0,Municipios Puebla,2024-04-26
,Teziutlan,1,0,1,0,El Sol de Puebla,2024-04-26
"Queretaro
(2)",Queretaro,1,0,0,1,Alerta Qro,2024-04-26
,Queretaro,1,1,0,0,Diario de Queretaro,2024-04-26
"Quintana Roo
(2)",Benito Juarez,1,1,0,0,Noticaribe,2024-04-26
,Benito Juarez,1,1,0,0,Por Esto!,2024-04-26
"Sinaloa
(3)",Culiacan,0,0,0,3,EL Sol de Sinaloa,2024-04-26
,,3,0,0,0,,2024-04-26
,,0,0,0,0,,2024-04-26
"Sonora
(3)",Caborca,2,2,0,0,El Sol de Hermosillo,2024-04-26
,Hermosillo,1,1,0,0,El Sol de Hermosillo,2024-04-26
"Tabasco
(7)",Cardenas,0,1,0,0,"El Heraldo de
Tabasco",2024-04-26
,,1,0,0,0,,2024-04-26
,,0,0,0,0,,2024-04-26
,Centro,1,1,0,0,Tabasco Hoy,2024-04-26
,Comalcalco,0,1,0,0,"El Heraldo de
Tabasco",2024-04-26
,,1,0,0,0,,2024-04-26
,,0,0,0,0,,2024-04-26
,Comalcalco,0,1,0,0,"El Heraldo de
Tabasco",2024-04-26
,,1,0,0,0,,2024-04-26
,,0,0,0,0,,2024-04-26
,Comalcalco,0,1,0,0,"El Heraldo de
Tabasco",2024-04-26
,,1,0,0,0,,2024-04-26
,,0,0,0,0,,2024-04-26
,Comalcalco,2,1,1,0,Tabasco Hoy,2024-04-26
"Tamaulipas
(1)",Reynosa,0,1,0,0,La Nigua,2024-04-26
,,1,0,0,0,,2024-04-26
,,0,0,0,0,,2024-04-26
"Tlaxcala
(1)",Panotla,0,1,0,0,El Sol de Tlaxcala,2024-04-26
,,1,0,0,0,,2024-04-26
,,0,0,0,0,,2024-04-26
"Veracruz de
Ignacio de la
Llave
(2)",Acayucan,1,1,0,0,Al Calor Politico,2024-04-26
,Acayucan,0,1,0,0,Milenio,2024-04-26
,,1,0,0,0,,2024-04-26
,,0,0,0,0,,2024-04-26
"Yucatan
(1)",Tizimin,0,1,0,0,Por Esto!,2024-04-26
,,1,0,0,0,,2024-04-26
,,0,0,0,0,,2024-04-26
Totales:,,75,50,9,16,,2024-04-26
