Entidad,Municipio,Muertos,Hombre,Mujer,No Identificado,Fuente,Fecha
,,0,0,0,0,,2024-04-18
,,0,0,0,0,,2024-04-18
,,0,0,0,0,,2024-04-18
"Aguascalientes
(1)",Aguascalientes,0,0,0,1,El Sol del Centro,2024-04-18
,,1,0,0,0,,2024-04-18
,,0,0,0,0,,2024-04-18
"Baja California
(5)",Tijuana,1,1,0,0,Alfredoalvarez.mx,2024-04-18
,Tijuana,1,1,0,0,Alfredoalvarez.mx,2024-04-18
,Tijuana,1,0,0,1,El Sol de Tijuana,2024-04-18
,Tijuana,1,1,0,0,Uniradio Informa,2024-04-18
,Tijuana,1,1,0,0,Uniradio Informa,2024-04-18
"Chiapas
(2)",Tapachula,0,0,0,1,"NAU Noticias A
Tiempo",2024-04-18
,,1,0,0,0,,2024-04-18
,,0,0,0,0,,2024-04-18
,Tapachula,1,1,0,0,TV Azteca,2024-04-18
"Chihuahua
(5)",Juarez,0,1,0,0,"El Diario de
Chihuahua",2024-04-18
,,1,0,0,0,,2024-04-18
,,0,0,0,0,,2024-04-18
,Juarez,0,0,0,1,"El Diario de
Chihuahua",2024-04-18
,,1,0,0,0,,2024-04-18
,,0,0,0,0,,2024-04-18
,Juarez,1,0,0,1,La Polaka,2024-04-18
,Juarez,1,1,0,0,La Polaka,2024-04-18
,La Cruz,1,1,0,0,Impacto Noticias,2024-04-18
"Ciudad de
Mexico
(4)",Azcapotzalco,3,0,0,3,Tribuna,2024-04-18
,Iztapalapa,0,1,0,0,Diario de Mexico,2024-04-18
,,1,0,0,0,,2024-04-18
,,0,0,0,0,,2024-04-18
"Colima
(4)",Colima,2,1,1,0,Colima Noticias,2024-04-18
,Colima,1,1,0,0,Colima Noticias,2024-04-18
,Tecoman,1,1,0,0,Colima Noticias,2024-04-18
"Guanajuato
(7)","Apaseo el
Grande",0,1,0,0,Noventa Grados,2024-04-18
,,1,0,0,0,,2024-04-18
,,0,0,0,0,,2024-04-18
,Celaya,1,0,1,0,Celaya News,2024-04-18
,Celaya,1,1,0,0,Periodico Correo,2024-04-18
,Irapuato,1,0,0,1,El Sol de Irapuato,2024-04-18
,Leon,1,1,0,0,El Heraldo,2024-04-18
,Leon,1,1,0,0,Periodico Correo,2024-04-18
,Leon,1,1,0,0,Zona Franca,2024-04-18
"Guerrero
(5)","Acapulco de
Juarez",0,1,0,0,"Agencia de Noticias
Guerrero",2024-04-18
,,1,0,0,0,,2024-04-18
,,0,0,0,0,,2024-04-18
,"Acapulco de
Juarez",0,1,0,0,El Sur,2024-04-18
,,1,0,0,0,,2024-04-18
,,0,0,0,0,,2024-04-18
,"Acapulco de
Juarez",0,1,0,0,El Sur,2024-04-18
,,1,0,0,0,,2024-04-18
,,0,0,0,0,,2024-04-18
,"Acapulco de
Juarez",0,1,0,0,Noventa Grados,2024-04-18
,,1,0,0,0,,2024-04-18
,,0,0,0,0,,2024-04-18
,San Marcos,1,1,0,0,El Sur,2024-04-18
"Jalisco
(3)","Encarnacion
de Diaz",0,0,0,1,NTR Guadalajara,2024-04-18
,,1,0,0,0,,2024-04-18
,,0,0,0,0,,2024-04-18
,Guadalajara,1,0,0,1,El Sol de Nayarit,2024-04-18
,Guadalajara,1,1,0,0,NTR Guadalajara,2024-04-18
"Mexico
(1)","Tlalnepantla
de Baz",0,1,0,0,La Prensa,2024-04-18
,,1,0,0,0,,2024-04-18
,,0,0,0,0,,2024-04-18
"Michoacan de
Ocampo
(3)",Morelia,1,1,0,0,La Voz de Michoacan,2024-04-18
,Uruapan,1,1,0,0,La Voz de Michoacan,2024-04-18
,Zinapecuaro,0,0,0,1,"PCM Agencia de
Noticias",2024-04-18
,,1,0,0,0,,2024-04-18
,,0,0,0,0,,2024-04-18
"Morelos
(4)",Jiutepec,1,1,0,0,Arturo Ortiz,2024-04-18
,Jiutepec,1,1,0,0,La Union de Morelos,2024-04-18
,Temixco,1,1,0,0,24 Morelos,2024-04-18
,Tepoztlan,1,1,0,0,La Union,2024-04-18
"Nuevo Leon
(3)",Montemorelos,1,1,0,0,El Porvenir,2024-04-18
,Monterrey,1,1,0,0,ABC Noticias,2024-04-18
,Monterrey,1,0,0,1,Guardia Nocturna,2024-04-18
"Oaxaca
(2)","Juchitan de
Zaragoza",0,1,0,0,ADN Sureste,2024-04-18
,,1,0,0,0,,2024-04-18
,,0,0,0,0,,2024-04-18
,"Miahuatlan de
Porfirio Diaz",0,1,0,0,El Imparcial Oaxaca,2024-04-18
,,1,0,0,0,,2024-04-18
,,0,0,0,0,,2024-04-18
"Puebla
(3)",Huejotzingo,1,1,0,0,Intolerencia Diario,2024-04-18
,"Izucar de
Matamoros",0,1,0,0,Municipios,2024-04-18
,,1,0,0,0,,2024-04-18
,,0,0,0,0,,2024-04-18
,Puebla,1,1,0,0,Cinco Radio,2024-04-18
"Quintana Roo
(1)",Benito Juarez,0,1,0,0,Turquesa News,2024-04-18
,,1,0,0,0,,2024-04-18
,,0,0,0,0,,2024-04-18
"Sonora
(5)",Cajeme,1,1,0,0,Diario del Yaqui,2024-04-18
,Cajeme,1,1,0,0,Medios Obson,2024-04-18
,Imuris,1,0,1,0,Debate,2024-04-18
,"San Luis Rio
Colorado",0,2,0,0,Tribuna de San Luis,2024-04-18
,,2,0,0,0,,2024-04-18
,,0,0,0,0,,2024-04-18
"Tabasco
(5)",Centro,0,2,0,0,"El Heraldo de
Tabasco",2024-04-18
,,2,0,0,0,,2024-04-18
,,0,0,0,0,,2024-04-18
,Centro,2,2,0,0,Tabasco Hoy,2024-04-18
,Comalcalco,1,0,1,0,Tabasco Hoy,2024-04-18
"Tamaulipas
(1)",El Mante,0,0,0,1,La Cronica de HOY,2024-04-18
,,1,0,0,0,,2024-04-18
,,0,0,0,0,,2024-04-18
Tlaxcala,Tepetitla de,1,0,0,1,Quadratin,2024-04-18
(1),Lardizabal,0,0,0,0,,2024-04-18
"Veracruz de
Ignacio de la
Llave
(5)",Acayucan,2,2,0,0,Milenio,2024-04-18
,"Hueyapan de
Ocampo",0,1,0,0,Milenio,2024-04-18
,,1,0,0,0,,2024-04-18
,,0,0,0,0,,2024-04-18
,Misantla,1,0,0,1,Imagen del Golfo,2024-04-18
,Tuxpan,1,1,0,0,Noreste,2024-04-18
Totales:,,70,50,4,16,,2024-04-18
