Entidad,Municipio,Muertos,Hombre,Mujer,No Identificado,Fuente,Fecha
,,0,0,0,0,,2024-07-16
,,0,0,0,0,,2024-07-16
,,0,0,0,0,,2024-07-16
"Aguascalientes
(3)",Aguascalientes,1,0,1,0,El Sol del Centro,2024-07-16
,"San Francisco
de los Romo",0,1,0,0,El Clarinete,2024-07-16
,,1,0,0,0,,2024-07-16
,,0,0,0,0,,2024-07-16
,"San Francisco
de los Romo",0,1,0,0,El Sol del Centro,2024-07-16
,,1,0,0,0,,2024-07-16
,,0,0,0,0,,2024-07-16
"Baja California
Sur
(6)",Los Cabos,0,6,0,0,BCS Noticias,2024-07-16
,,6,0,0,0,,2024-07-16
,,0,0,0,0,,2024-07-16
"Chiapas
(3)",Palenque,0,3,0,0,El Heraldo de Mexico,2024-07-16
,,3,0,0,0,,2024-07-16
,,0,0,0,0,,2024-07-16
"Chihuahua
(3)",Juarez,0,2,0,0,"El Diario de
Chihuahua",2024-07-16
,,2,0,0,0,,2024-07-16
,,0,0,0,0,,2024-07-16
,Juarez,0,1,0,0,"La Opcion de
Chihuahua",2024-07-16
,,1,0,0,0,,2024-07-16
,,0,0,0,0,,2024-07-16
"Colima
(2)",Villa de Alvarez,0,0,0,2,AFmedios,2024-07-16
,,2,0,0,0,,2024-07-16
,,0,0,0,0,,2024-07-16
"Guanajuato
(3)",Acambaro,1,1,0,0,El Sol del Bajio,2024-07-16
,Celaya,1,1,0,0,Noventa Grados,2024-07-16
,Salvatierra,0,0,1,0,"Noticias del Estado
de Guanajuato",2024-07-16
,,1,0,0,0,,2024-07-16
,,0,0,0,0,,2024-07-16
"Guerrero
(4)","Acapulco de
Juarez",0,1,0,0,Sur Acapulco,2024-07-16
,,1,0,0,0,,2024-07-16
,,0,0,0,0,,2024-07-16
,"Chilpancingo
de los Bravo",0,2,1,0,"El Sol de
Chilpancingo",2024-07-16
,,3,0,0,0,,2024-07-16
,,0,0,0,0,,2024-07-16
"Jalisco
(2)",Guadalajara,1,0,1,0,Guardia Nocturna,2024-07-16
,Tonala,1,1,0,0,Telediario,2024-07-16
"Michoacan de
Ocampo
(5)",Morelia,1,1,0,0,La Voz de Michoacan,2024-07-16
,Morelia,2,2,0,0,La Voz de Michoacan,2024-07-16
,Tingambato,0,1,0,0,"Quadratin
Michoacan",2024-07-16
,,1,0,0,0,,2024-07-16
,,0,0,0,0,,2024-07-16
,Uruapan,0,1,0,0,"Quadratin
Michoacan",2024-07-16
,,1,0,0,0,,2024-07-16
,,0,0,0,0,,2024-07-16
"Morelos
(2)",Jiutepec,1,0,1,0,El Sol de Cuernavaca,2024-07-16
,Temixco,1,1,0,0,Diario de Morelos,2024-07-16
"Nuevo Leon
(2)",Garcia,1,1,0,0,El Porvenir,2024-07-16
,"General
Zaragoza",0,1,0,0,El Porvenir,2024-07-16
,,1,0,0,0,,2024-07-16
,,0,0,0,0,,2024-07-16
"Oaxaca
(4)","Matias Romero
Avendano",0,2,0,0,"El Pinero de la
Cuenca",2024-07-16
,,2,0,0,0,,2024-07-16
,,0,0,0,0,,2024-07-16
,"Matias Romero
Avendano",0,1,0,0,"El Pinero de la
Cuenca",2024-07-16
,,1,0,0,0,,2024-07-16
,,0,0,0,0,,2024-07-16
,"San Pedro
Pochutla",0,1,0,0,Imparcial de Oaxaca,2024-07-16
,,1,0,0,0,,2024-07-16
,,0,0,0,0,,2024-07-16
"Puebla
(3)",Amozoc,0,0,1,0,"El Pinero de la
Cuenca",2024-07-16
,,1,0,0,0,,2024-07-16
,,0,0,0,0,,2024-07-16
,Oriental,1,0,0,1,e-consulta,2024-07-16
,"Palmar de
Bravo",0,1,0,0,Periodico Central,2024-07-16
,,1,0,0,0,,2024-07-16
,,0,0,0,0,,2024-07-16
"Queretaro
(1)",Queretaro,0,1,0,0,Diario de Queretaro,2024-07-16
,,1,0,0,0,,2024-07-16
,,0,0,0,0,,2024-07-16
"Quintana Roo
(1)",Benito Juarez,0,1,0,0,Noticaribe,2024-07-16
,,1,0,0,0,,2024-07-16
,,0,0,0,0,,2024-07-16
"San Luis Potosi
(8)","Mexquitic de
Carmona",0,1,0,0,Pulso San Luis Potosi,2024-07-16
,,1,0,0,0,,2024-07-16
,,0,0,0,0,,2024-07-16
,Rioverde,1,1,0,0,Sin Embargo,2024-07-16
,San Luis Potosi,3,2,1,0,Pulso San Luis Potosi,2024-07-16
,San Luis Potosi,1,1,0,0,Pulso San Luis Potosi,2024-07-16
,"Soledad de
Graciano
Sanchez",0,1,0,0,Pulso San Luis Potosi,2024-07-16
,,1,0,0,0,,2024-07-16
,,0,0,0,0,,2024-07-16
,"Soledad de
Graciano
Sanchez",0,1,0,0,Pulso San Luis Potosi,2024-07-16
,,1,0,0,0,,2024-07-16
,,0,0,0,0,,2024-07-16
"Sinaloa
(2)",Escuinapa,1,1,0,0,El Sol de Mazatlan,2024-07-16
,Navolato,1,1,0,0,Cafe Negro Portal,2024-07-16
"Sonora
(6)",Cajeme,1,1,0,0,Diario del Yaqui,2024-07-16
,Cajeme,1,1,0,0,Diario del Yaqui,2024-07-16
,Cajeme,1,0,0,1,Medios Obson,2024-07-16
,Hermosillo,1,1,0,0,El Sol de Hermosillo,2024-07-16
,Hermosillo,2,2,0,0,Uniradio Informa,2024-07-16
"Tabasco
(9)",Centro,0,2,0,0,"El Heraldo de
Tabasco",2024-07-16
,,2,0,0,0,,2024-07-16
,,0,0,0,0,,2024-07-16
,Comalcalco,1,0,0,1,Tabasco Hoy,2024-07-16
,Huimanguillo,1,1,0,0,XEVT,2024-07-16
,"Jalpa de
Mendez",0,0,0,1,"El Heraldo de
Tabasco",2024-07-16
,,1,0,0,0,,2024-07-16
,,0,0,0,0,,2024-07-16
,Macuspana,4,3,1,0,Noventa Grados,2024-07-16
"Tamaulipas
(1)",Reynosa,0,0,0,1,La Tarde,2024-07-16
,,1,0,0,0,,2024-07-16
,,0,0,0,0,,2024-07-16
"Veracruz de
Ignacio de la
Llave
(2)",Las Choapas,0,2,0,0,"El Pinero de la
Cuenca",2024-07-16
,,2,0,0,0,,2024-07-16
,,0,0,0,0,,2024-07-16
"Yucatan
(1)",Merida,0,1,0,0,Estamos Aqui,2024-07-16
,,1,0,0,0,,2024-07-16
,,0,0,0,0,,2024-07-16
Totales:,,73,58,8,7,,2024-07-16
