Entidad,Municipio,Muertos,Hombre,Mujer,No Identificado,Fuente,Fecha
,,0,0,0,0,,2024-03-09
,,0,0,0,0,,2024-03-09
,,0,0,0,0,,2024-03-09
"Baja
California
(5)",Tijuana,1,1,0,0,El Mexicano,2024-03-09
,Tijuana,1,0,1,0,Uniradio Informa,2024-03-09
,Tijuana,1,0,1,0,Uniradio Informa,2024-03-09
,Tijuana,1,1,0,0,Uniradio Informa,2024-03-09
,Tijuana,1,1,0,0,Uniradio Informa,2024-03-09
"Chiapas
(1)",Tapachula,0,1,0,0,Diario del Sur,2024-03-09
,,1,0,0,0,,2024-03-09
,,0,0,0,0,,2024-03-09
"Chihuahua
(5)",Juarez,0,1,0,0,"El Diario de
Chihuahua",2024-03-09
,,1,0,0,0,,2024-03-09
,,0,0,0,0,,2024-03-09
,Juarez,0,1,0,0,"La Opcion de
Chihuahua",2024-03-09
,,1,0,0,0,,2024-03-09
,,0,0,0,0,,2024-03-09
,Juarez,1,1,0,0,Net Noticias,2024-03-09
,Juarez,1,1,0,0,Net Noticias,2024-03-09
,La Cruz,1,1,0,0,El Diario de Parral,2024-03-09
"Guanajuato
(7)",Acambaro,1,0,0,1,AM,2024-03-09
,Leon,1,1,0,0,Noticias Vespertinas,2024-03-09
,Salvatierra,1,1,0,0,Periodico Correo,2024-03-09
,Salvatierra,1,0,1,0,Periodico Correo,2024-03-09
,Tarimoro,1,0,1,0,AM,2024-03-09
,Yuriria,2,2,0,0,Periodico Correo,2024-03-09
"Guerrero
(2)","Acapulco de
Juarez",0,2,0,0,Quadratin,2024-03-09
,,2,0,0,0,,2024-03-09
,,0,0,0,0,,2024-03-09
"Hidalgo
(2)",Actopan,1,1,0,0,La Jornada,2024-03-09
,"Tezontepec de
Aldama",0,1,0,0,Quadratin,2024-03-09
,,1,0,0,0,,2024-03-09
,,0,0,0,0,,2024-03-09
"Jalisco
(4)",Guadalajara,1,1,0,0,El Noticiero,2024-03-09
,"Tlajomulco de
Zuniga",0,1,0,0,Guardia Nocturna,2024-03-09
,,1,0,0,0,,2024-03-09
,,0,0,0,0,,2024-03-09
,"Tlajomulco de
Zuniga",0,1,0,0,Milenio,2024-03-09
,,1,0,0,0,,2024-03-09
,,0,0,0,0,,2024-03-09
,Tonala,1,0,1,0,Debate,2024-03-09
"Mexico
(2)",Nezahualcoyotl,1,1,0,0,A Fondo Edomex,2024-03-09
,Nezahualcoyotl,1,1,0,0,El Grafico,2024-03-09
"Michoacan
de Ocampo
(7)",Huetamo,0,0,1,0,"Grupo Marmor
Multimedios",2024-03-09
,,1,0,0,0,,2024-03-09
,,0,0,0,0,,2024-03-09
,Morelia,1,1,0,0,IM Noticias,2024-03-09
,Morelia,1,1,0,0,Mi Morelia,2024-03-09
,Patzcuaro,1,1,0,0,Cambio,2024-03-09
,Tancitaro,2,2,0,0,Contramuro,2024-03-09
,Zamora,1,1,0,0,El Sol de Zamora,2024-03-09
"Morelos
(3)",Cuernavaca,1,1,0,0,Diario de Morelos,2024-03-09
,Cuernavaca,1,1,0,0,Sin Linea,2024-03-09
,Yecapixtla,1,1,0,0,Enfoque Diario,2024-03-09
"Nuevo
Leon
(3)",Apodaca,2,2,0,0,Milenio,2024-03-09
,Guadalupe,0,1,0,0,El Porvenir,2024-03-09
,,1,0,0,0,,2024-03-09
,,0,0,0,0,,2024-03-09
"Oaxaca
(1)","Santiago
Pinotepa
Nacional",0,0,1,0,CMM Informativo,2024-03-09
,,1,0,0,0,,2024-03-09
,,0,0,0,0,,2024-03-09
"Puebla
(3)",Huehuetla,1,1,0,0,Callejero,2024-03-09
,Puebla,1,1,0,0,Puebla en Linea,2024-03-09
,Tehuacan,1,1,0,0,MTP Noticias,2024-03-09
"Queretaro
(1)",Queretaro,0,1,0,0,Debate,2024-03-09
,,1,0,0,0,,2024-03-09
,,0,0,0,0,,2024-03-09
"Quintana
Roo
(2)",Benito Juarez,1,1,0,0,Por Esto!,2024-03-09
,"Felipe Carrillo
Puerto",0,1,0,0,Canal 10,2024-03-09
,,1,0,0,0,,2024-03-09
,,0,0,0,0,,2024-03-09
"Sinaloa
(1)",Culiacan,0,1,0,0,Reflectores MX,2024-03-09
,,1,0,0,0,,2024-03-09
,,0,0,0,0,,2024-03-09
"Sonora
(1)",Cajeme,0,1,0,0,Diario del Yaqui,2024-03-09
,,1,0,0,0,,2024-03-09
,,0,0,0,0,,2024-03-09
"Veracruz
de Ignacio
de la Llave
(1)",Emiliano Zapata,0,0,1,0,Imagen del Golfo,2024-03-09
,,1,0,0,0,,2024-03-09
,,0,0,0,0,,2024-03-09
"Zacatecas
(2)",Fresnillo,1,1,0,0,NTR Zacatecas,2024-03-09
,Fresnillo,1,1,0,0,NTR Zacatecas,2024-03-09
Totales:,,53,44,8,1,,2024-03-09
