Entidad,Municipio,Muertos,Hombre,Mujer,No Identificado,Fuente,Fecha
,,0,0,0,0,,2024-03-26
,,0,0,0,0,,2024-03-26
,,0,0,0,0,,2024-03-26
"Aguascalientes
(1)","San Francisco de
los Romo",0,0,1,0,La Lista,2024-03-26
,,1,0,0,0,,2024-03-26
,,0,0,0,0,,2024-03-26
"Baja California
(6)",Tijuana,0,1,0,0,"El Sol de
Tijuana",2024-03-26
,,1,0,0,0,,2024-03-26
,,0,0,0,0,,2024-03-26
,Tijuana,0,1,0,0,"Uniradio
Informa",2024-03-26
,,1,0,0,0,,2024-03-26
,,0,0,0,0,,2024-03-26
,Tijuana,0,1,0,0,"Uniradio
Informa",2024-03-26
,,1,0,0,0,,2024-03-26
,,0,0,0,0,,2024-03-26
,Tijuana,0,0,0,1,"Uniradio
Informa",2024-03-26
,,1,0,0,0,,2024-03-26
,,0,0,0,0,,2024-03-26
,Tijuana,0,0,0,1,"Uniradio
Informa",2024-03-26
,,1,0,0,0,,2024-03-26
,,0,0,0,0,,2024-03-26
,Tijuana,0,1,0,0,"Uniradio
Informa",2024-03-26
,,1,0,0,0,,2024-03-26
,,0,0,0,0,,2024-03-26
"Baja California
Sur
(1)",La Paz,0,1,0,0,"El
Sudcaliforniano",2024-03-26
,,1,0,0,0,,2024-03-26
,,0,0,0,0,,2024-03-26
"Chiapas
(5)",Pantelho,0,1,0,0,"Fiscalia
General del
Estado de
Chiapas",2024-03-26
,,1,0,0,0,,2024-03-26
,,0,0,0,0,,2024-03-26
,Tila,0,1,0,0,"Diario de
Chiapas",2024-03-26
,,1,0,0,0,,2024-03-26
,,0,0,0,0,,2024-03-26
,Tonala,0,1,0,0,"Diario de
Chiapas",2024-03-26
,,1,0,0,0,,2024-03-26
,,0,0,0,0,,2024-03-26
,Tuxtla Gutierrez,0,1,0,0,"El Heraldo de
Chiapas",2024-03-26
,,1,0,0,0,,2024-03-26
,,0,0,0,0,,2024-03-26
,Tuzantan,1,1,0,0,Diario del Sur,2024-03-26
"Chihuahua
(8)",Chihuahua,1,1,0,0,Net Noticias,2024-03-26
,Cuauhtemoc,0,1,0,0,"El heraldo de
Chihuahua",2024-03-26
,,1,0,0,0,,2024-03-26
,,0,0,0,0,,2024-03-26
,Guachochi,2,2,0,0,Codigo 13,2024-03-26
,Juarez,0,1,0,0,"El Diario de
Chihuahua",2024-03-26
,,1,0,0,0,,2024-03-26
,,0,0,0,0,,2024-03-26
,Juarez,0,1,0,0,"La Opcion de
Chihuahua",2024-03-26
,,1,0,0,0,,2024-03-26
,,0,0,0,0,,2024-03-26
,Juarez,1,1,0,0,Net Noticias,2024-03-26
,Meoqui,1,0,0,1,La Opcion,2024-03-26
"Ciudad de
Mexico
(1)",Tlalpan,0,1,0,0,Diario Basta!,2024-03-26
,,1,0,0,0,,2024-03-26
,,0,0,0,0,,2024-03-26
"Colima
(2)",Colima,1,1,0,0,Colima Noticias,2024-03-26
,Manzanillo,1,1,0,0,El Noticiero,2024-03-26
"Guanajuato
(14)",Celaya,0,1,0,0,"Informativo
Agora",2024-03-26
,,1,0,0,0,,2024-03-26
,,0,0,0,0,,2024-03-26
,Celaya,0,2,0,0,"Periodico
Correo",2024-03-26
,,2,0,0,0,,2024-03-26
,,0,0,0,0,,2024-03-26
,Celaya,0,2,1,0,"Periodico
Correo",2024-03-26
,,3,0,0,0,,2024-03-26
,,0,0,0,0,,2024-03-26
,Celaya,0,1,0,0,"Periodico
Correo",2024-03-26
,,1,0,0,0,,2024-03-26
,,0,0,0,0,,2024-03-26
,Leon,1,1,0,0,Azteca Bajio,2024-03-26
,Leon,1,1,0,0,El Sol de Leon,2024-03-26
,Penjamo,0,1,0,0,"Guanajuato
Informa",2024-03-26
,,1,0,0,0,,2024-03-26
,,0,0,0,0,,2024-03-26
,Salvatierra,0,1,0,0,"Periodico
Correo",2024-03-26
,,1,0,0,0,,2024-03-26
,,0,0,0,0,,2024-03-26
,"San Miguel de
Allende",0,1,0,0,"Noticias
Vespertinas",2024-03-26
,,1,0,0,0,,2024-03-26
,,0,0,0,0,,2024-03-26
,"Santa Cruz de
Juventino Rosas",0,0,2,0,El Universal,2024-03-26
,,2,0,0,0,,2024-03-26
,,0,0,0,0,,2024-03-26
"Guerrero
(1)","La Union de
Isidoro Montes
de Oca",0,1,0,0,Diario 21,2024-03-26
,,1,0,0,0,,2024-03-26
,,0,0,0,0,,2024-03-26
"Jalisco
(4)","San Pedro
Tlaquepaque",0,1,0,0,"Guardia
Nocturna",2024-03-26
,,1,0,0,0,,2024-03-26
,,0,0,0,0,,2024-03-26
,"San Pedro
Tlaquepaque",0,1,0,0,TV Azteca,2024-03-26
,,1,0,0,0,,2024-03-26
,,0,0,0,0,,2024-03-26
,"Tlajomulco de
Zuniga",0,1,0,0,"Guardia
Nocturna",2024-03-26
,,1,0,0,0,,2024-03-26
,,0,0,0,0,,2024-03-26
,"Tlajomulco de
Zuniga",0,1,0,0,"Guardia
Nocturna",2024-03-26
,,1,0,0,0,,2024-03-26
,,0,0,0,0,,2024-03-26
"Mexico
(6)",Chicoloapan,1,0,1,0,El Valle,2024-03-26
,Tecamac,1,1,0,0,La Prensa,2024-03-26
,Temoaya,2,2,0,0,DigitalMex,2024-03-26
,"Tlalnepantla de
Baz",0,1,0,0,N+,2024-03-26
,,1,0,0,0,,2024-03-26
,,0,0,0,0,,2024-03-26
,"Valle de Chalco
Solidaridad",0,1,0,0,El Universal,2024-03-26
,,1,0,0,0,,2024-03-26
,,0,0,0,0,,2024-03-26
"Michoacan de
Ocampo",Apatzingan,0,1,0,0,"Noventa
Grados",2024-03-26
,,1,0,0,0,,2024-03-26
,,0,0,0,0,,2024-03-26
(4),Apatzingan,0,1,0,0,"PCM Agencia
de Noticias",2024-03-26
,,1,0,0,0,,2024-03-26
,,0,0,0,0,,2024-03-26
,Morelia,0,1,0,0,"PCM Agencia
de Noticias",2024-03-26
,,1,0,0,0,,2024-03-26
,,0,0,0,0,,2024-03-26
,Zamora,1,1,0,0,Primera Plana,2024-03-26
"Morelos
(2)",Coatlan del Rio,1,1,0,0,La Union,2024-03-26
,Temixco,0,1,0,0,"La Union de
Morelos",2024-03-26
,,1,0,0,0,,2024-03-26
,,0,0,0,0,,2024-03-26
"Nuevo Leon
(1)",Monterrey,0,1,0,0,El Porvenir,2024-03-26
,,1,0,0,0,,2024-03-26
,,0,0,0,0,,2024-03-26
"Oaxaca
(1)","Oaxaca de
Juarez",0,1,0,0,ADN Sureste,2024-03-26
,,1,0,0,0,,2024-03-26
,,0,0,0,0,,2024-03-26
"Puebla
(3)","Guadalupe
Victoria",0,1,0,0,Desde Puebla,2024-03-26
,,1,0,0,0,,2024-03-26
,,0,0,0,0,,2024-03-26
,Puebla,1,1,0,0,Twitter,2024-03-26
,Tepeaca,1,1,0,0,Urbano Puebla,2024-03-26
"Quintana Roo
(2)",Benito Juarez,1,1,0,0,Por Esto!,2024-03-26
,Benito Juarez,1,1,0,0,Sipse,2024-03-26
"Sinaloa
(1)",Culiacan,0,1,0,0,Reporte Indigo,2024-03-26
,,1,0,0,0,,2024-03-26
,,0,0,0,0,,2024-03-26
"Sonora
(2)",Cajeme,1,1,0,0,Tribuna,2024-03-26
,Guaymas,1,0,0,1,Radar Sonora,2024-03-26
"Tabasco
(1)",Tenosique,0,1,0,0,Diario Presente,2024-03-26
,,1,0,0,0,,2024-03-26
,,0,0,0,0,,2024-03-26
"Tlaxcala
(1)",Benito Juarez,0,1,0,0,"El Sol de
Tlaxcala",2024-03-26
,,1,0,0,0,,2024-03-26
,,0,0,0,0,,2024-03-26
"Veracruz de
Ignacio de la
Llave
(3)",Coatzacoalcos,0,0,1,0,"El Pinero de la
Cuenca",2024-03-26
,,1,0,0,0,,2024-03-26
,,0,0,0,0,,2024-03-26
,Xalapa,0,1,0,0,"Diario de
Xalapa",2024-03-26
,,1,0,0,0,,2024-03-26
,,0,0,0,0,,2024-03-26
,Xalapa,0,0,1,0,"Diario de
Xalapa",2024-03-26
,,1,0,0,0,,2024-03-26
,,0,0,0,0,,2024-03-26
Totales:,,70,59,7,4,,2024-03-26
