Entidad,Municipio,Muertos,Hombre,Mujer,No Identificado,Fuente,Fecha
,,0,0,0,0,,2024-06-20
,,0,0,0,0,,2024-06-20
,,0,0,0,0,,2024-06-20
"Baja
California
(3)",Tijuana,1,1,0,0,Alfredoalvarez.mx,2024-06-20
,Tijuana,0,1,1,0,Alfredoalvarez.mx,2024-06-20
,,2,0,0,0,,2024-06-20
,,0,0,0,0,,2024-06-20
"Chihuahua
(10)","Aquiles
Serdan",0,1,0,0,"El heraldo de
Chihuahua",2024-06-20
,,1,0,0,0,,2024-06-20
,,0,0,0,0,,2024-06-20
,Chihuahua,0,1,0,0,"La Opcion de
Chihuahua",2024-06-20
,,1,0,0,0,,2024-06-20
,,0,0,0,0,,2024-06-20
,Chihuahua,0,2,0,0,"La Opcion de
Chihuahua",2024-06-20
,,2,0,0,0,,2024-06-20
,,0,0,0,0,,2024-06-20
,Chihuahua,0,0,0,2,"La Opcion de
Chihuahua",2024-06-20
,,2,0,0,0,,2024-06-20
,,0,0,0,0,,2024-06-20
,"Hidalgo del
Parral",0,1,0,0,La Polaka,2024-06-20
,,1,0,0,0,,2024-06-20
,,0,0,0,0,,2024-06-20
,Juarez,0,0,1,0,"El Diario de
Chihuahua",2024-06-20
,,1,0,0,0,,2024-06-20
,,0,0,0,0,,2024-06-20
,Juarez,0,1,0,0,"La Opcion de
Chihuahua",2024-06-20
,,1,0,0,0,,2024-06-20
,,0,0,0,0,,2024-06-20
,Juarez,1,0,1,0,Puente Libre,2024-06-20
"Ciudad de
Mexico
(2)",Cuauhtemoc,1,1,0,0,El Universal,2024-06-20
,"Gustavo A.
Madero",0,1,0,0,Guardia Nocturna,2024-06-20
,,1,0,0,0,,2024-06-20
,,0,0,0,0,,2024-06-20
"Colima
(3)",Cuauhtemoc,2,2,0,0,Colima Noticias,2024-06-20
,Manzanillo,1,1,0,0,AFmedios,2024-06-20
"Guanajuato
(11)",Celaya,1,1,0,0,AM,2024-06-20
,Comonfort,1,1,0,0,El Sol del Bajio,2024-06-20
,Irapuato,1,1,0,0,El Sol de Irapuato,2024-06-20
,Leon,1,1,0,0,Periodico Correo,2024-06-20
,Leon,1,1,0,0,Periodico Correo,2024-06-20
,Penjamo,2,2,0,0,Periodico Correo,2024-06-20
,Salamanca,2,2,0,0,Periodico Correo,2024-06-20
,Salvatierra,1,0,0,1,AM,2024-06-20
,Villagran,1,0,0,1,Celaya News,2024-06-20
"Guerrero
(4)","Acapulco de
Juarez",0,1,0,0,El Sol de Acapulco,2024-06-20
,,1,0,0,0,,2024-06-20
,,0,0,0,0,,2024-06-20
,"Acapulco de
Juarez",0,1,0,0,El Sol de Acapulco,2024-06-20
,,1,0,0,0,,2024-06-20
,,0,0,0,0,,2024-06-20
,"Acapulco de
Juarez",0,1,1,0,El Sur,2024-06-20
,,2,0,0,0,,2024-06-20
,,0,0,0,0,,2024-06-20
"Hidalgo
(2)","San Felipe
Orizatlan",0,1,0,0,Zunoticia,2024-06-20
,,1,0,0,0,,2024-06-20
,,0,0,0,0,,2024-06-20
,"Tepehuacan
de Guerrero",0,1,0,0,Criterio Hidalgo,2024-06-20
,,1,0,0,0,,2024-06-20
,,0,0,0,0,,2024-06-20
"Jalisco
(8)",Guadalajara,1,1,0,0,Alerta Jalisco,2024-06-20
,Guadalajara,1,1,0,0,Telediario,2024-06-20
,"San Pedro
Tlaquepaque",0,1,0,0,Debate,2024-06-20
,,1,0,0,0,,2024-06-20
,,0,0,0,0,,2024-06-20
,"Tlajomulco de
Zuniga",0,1,0,0,Guardia Nocturna,2024-06-20
,,1,0,0,0,,2024-06-20
,,0,0,0,0,,2024-06-20
,"Tlajomulco de
Zuniga",0,1,0,0,Guardia Nocturna,2024-06-20
,,1,0,0,0,,2024-06-20
,,0,0,0,0,,2024-06-20
,Zapopan,2,2,0,0,El Informador,2024-06-20
,Zapopan,1,1,0,0,Guardia Nocturna,2024-06-20
"Mexico
(4)","Ecatepec de
Morelos",0,1,0,0,La Prensa,2024-06-20
,,1,0,0,0,,2024-06-20
,,0,0,0,0,,2024-06-20
,Huehuetoca,1,1,0,0,N+,2024-06-20
,Lerma,1,0,1,0,Posta,2024-06-20
,Otzolotepec,1,0,0,1,A Fondo Edomex,2024-06-20
"Michoacan
de Ocampo
(7)",Apatzingan,0,1,0,0,"La Voz de
Michoacan",2024-06-20
,,1,0,0,0,,2024-06-20
,,0,0,0,0,,2024-06-20
,Apatzingan,1,1,0,0,Portal Hidalgo,2024-06-20
,Apatzingan,1,0,1,0,RED Michoacan,2024-06-20
,Morelia,0,1,0,0,"La Voz de
Michoacan",2024-06-20
,,1,0,0,0,,2024-06-20
,,0,0,0,0,,2024-06-20
,Morelia,0,1,0,0,"La Voz de
Michoacan",2024-06-20
,,1,0,0,0,,2024-06-20
,,0,0,0,0,,2024-06-20
,Uruapan,1,1,0,0,Noventa Grados,2024-06-20
,Zamora,1,1,0,0,Noventa Grados,2024-06-20
"Morelos
(7)",Cuernavaca,1,0,0,1,Central de Noticias,2024-06-20
,Cuernavaca,1,1,0,0,Morelos News,2024-06-20
,Huitzilac,2,2,0,0,Central de Noticias,2024-06-20
,Jiutepec,0,1,0,0,"El Sol de
Cuernavaca",2024-06-20
,,1,0,0,0,,2024-06-20
,,0,0,0,0,,2024-06-20
,Temixco,2,0,0,2,La Union,2024-06-20
"Nuevo Leon
(2)",Juarez,1,0,1,0,Telediario,2024-06-20
,Monterrey,1,1,0,0,El Porvenir,2024-06-20
"Oaxaca
(3)","Juchitan de
Zaragoza",0,1,0,0,ADN Sureste,2024-06-20
,,1,0,0,0,,2024-06-20
,,0,0,0,0,,2024-06-20
,"Santiago
Pinotepa
Nacional",0,2,0,0,RIOaxaca,2024-06-20
,,2,0,0,0,,2024-06-20
,,0,0,0,0,,2024-06-20
"Puebla
(2)",Tehuacan,1,1,0,0,Urbano Puebla,2024-06-20
,Yehualtepec,1,1,0,0,Desde Puebla,2024-06-20
"Sinaloa
(2)",Culiacan,1,1,0,0,Rio Doce,2024-06-20
,Culiacan,1,1,0,0,Rio Doce,2024-06-20
"Sonora
(4)",Cajeme,1,1,0,0,Diario del Yaqui,2024-06-20
,Cajeme,1,1,0,0,Medios Obson,2024-06-20
,Hermosillo,1,1,0,0,El Sol de Hermosillo,2024-06-20
,Hermosillo,1,1,0,0,N+,2024-06-20
"Veracruz de
Ignacio de la
Llave
(3)",Perote,2,2,0,0,Al Calor Politico,2024-06-20
,"Sayula de
Aleman",0,1,0,0,Presencia Veracruz,2024-06-20
,,1,0,0,0,,2024-06-20
,,0,0,0,0,,2024-06-20
"Zacatecas
(1)",Fresnillo,0,1,0,0,NTR Zacatecas,2024-06-20
,,1,0,0,0,,2024-06-20
,,0,0,0,0,,2024-06-20
Totales:,,78,63,7,8,,2024-06-20
