Entidad,Municipio,Muertos,Hombre,Mujer,No Identificado,Fuente,Fecha
,,0,0,0,0,,2024-04-11
,,0,0,0,0,,2024-04-11
,,0,0,0,0,,2024-04-11
"Baja
California
(7)",Mexicali,0,1,0,0,"La Voz de la
Frontera",2024-04-11
,,1,0,0,0,,2024-04-11
,,0,0,0,0,,2024-04-11
,Mexicali,0,1,0,0,"La Voz de la
Frontera",2024-04-11
,,1,0,0,0,,2024-04-11
,,0,0,0,0,,2024-04-11
,Tecate,1,0,1,0,Alfredoalvarez.mx,2024-04-11
,Tijuana,1,1,0,0,El Mexicano,2024-04-11
,Tijuana,1,0,0,1,El Mexicano,2024-04-11
,Tijuana,1,1,0,0,El Mexicano,2024-04-11
,Tijuana,1,0,0,1,El Sol de Tijuana,2024-04-11
"Chiapas
(3)","Tuxtla
Gutierrez",0,3,0,0,El Sol de Chiapas,2024-04-11
,,3,0,0,0,,2024-04-11
,,0,0,0,0,,2024-04-11
"Chihuahua
(2)",Juarez,1,1,0,0,La Polaka,2024-04-11
,Juarez,1,1,0,0,La Polaka,2024-04-11
"Ciudad de
Mexico
(1)","Venustiano
Carranza",0,1,0,0,TV Azteca,2024-04-11
,,1,0,0,0,,2024-04-11
,,0,0,0,0,,2024-04-11
"Colima
(3)",Colima,1,1,0,0,Colima Noticias,2024-04-11
,Colima,1,1,0,0,Diario de Colima,2024-04-11
,"Villa de
Alvarez",0,1,0,0,AFmedios,2024-04-11
,,1,0,0,0,,2024-04-11
,,0,0,0,0,,2024-04-11
"Guanajuato
(7)",Celaya,0,2,0,0,"Guanajuato
Informa",2024-04-11
,,2,0,0,0,,2024-04-11
,,0,0,0,0,,2024-04-11
,Irapuato,3,2,1,0,El Sol de Irapuato,2024-04-11
,Leon,1,1,0,0,AM,2024-04-11
,Leon,0,0,0,1,"Guanajuato
Informa",2024-04-11
,,1,0,0,0,,2024-04-11
,,0,0,0,0,,2024-04-11
"Guerrero
(2)","Acapulco de
Juarez",0,1,0,0,El Sur,2024-04-11
,,1,0,0,0,,2024-04-11
,,0,0,0,0,,2024-04-11
,"Atoyac de
Alvarez",0,1,0,0,"Agencia de Noticias
Guerrero",2024-04-11
,,1,0,0,0,,2024-04-11
,,0,0,0,0,,2024-04-11
"Jalisco
(5)","San Pedro
Tlaquepaque",0,1,0,0,Guardia Nocturna,2024-04-11
,,1,0,0,0,,2024-04-11
,,0,0,0,0,,2024-04-11
,"San Pedro
Tlaquepaque",0,1,0,0,Guardia Nocturna,2024-04-11
,,1,0,0,0,,2024-04-11
,,0,0,0,0,,2024-04-11
,"San Pedro
Tlaquepaque",0,0,0,2,Guardia Nocturna,2024-04-11
,,2,0,0,0,,2024-04-11
,,0,0,0,0,,2024-04-11
,"Tlajomulco de
Zuniga",0,0,0,1,Guardia Nocturna,2024-04-11
,,1,0,0,0,,2024-04-11
,,0,0,0,0,,2024-04-11
"Mexico
(3)","Cuautitlan
Izcalli",0,1,0,0,Quadratin,2024-04-11
,,1,0,0,0,,2024-04-11
,,0,0,0,0,,2024-04-11
,"Ecatepec de
Morelos",0,1,0,0,La Prensa,2024-04-11
,,1,0,0,0,,2024-04-11
,,0,0,0,0,,2024-04-11
,Teoloyucan,1,1,0,0,El Norte,2024-04-11
"Michoacan
de Ocampo
(3)",Apatzingan,1,1,0,0,Noventa Grados,2024-04-11
,Tarimbaro,0,0,1,0,"La Voz de
Michoacan",2024-04-11
,,1,0,0,0,,2024-04-11
,,0,0,0,0,,2024-04-11
,Uruapan,1,1,0,0,Primera Plana,2024-04-11
"Morelos
(4)",Cuautla,1,1,0,0,La Union,2024-04-11
,Jiutepec,0,1,0,0,"El Sol de
Cuernavaca",2024-04-11
,,1,0,0,0,,2024-04-11
,,0,0,0,0,,2024-04-11
,Yautepec,1,1,0,0,Noticias de Cuautla,2024-04-11
,Yautepec,1,1,0,0,Twitter,2024-04-11
"Nuevo Leon
(6)",Monterrey,3,3,0,0,La Jornada,2024-04-11
,"Sabinas
Hidalgo",0,2,1,0,El Porvenir,2024-04-11
,,3,0,0,0,,2024-04-11
,,0,0,0,0,,2024-04-11
"Oaxaca
(6)","Miahuatlan de
Porfirio Diaz",0,1,1,0,Zocalo,2024-04-11
,,2,0,0,0,,2024-04-11
,,0,0,0,0,,2024-04-11
,"Oaxaca de
Juarez",0,1,1,0,Zocalo,2024-04-11
,,2,0,0,0,,2024-04-11
,,0,0,0,0,,2024-04-11
,"Santiago
Jamiltepec",0,2,0,0,Quadratin,2024-04-11
,,2,0,0,0,,2024-04-11
,,0,0,0,0,,2024-04-11
"Puebla
(4)",Acateno,2,1,1,0,MTP Noticias,2024-04-11
,Ocoyucan,1,1,0,0,Urbano Puebla,2024-04-11
,Pantepec,1,1,0,0,Puebla Roja,2024-04-11
"Queretaro
(1)",Queretaro,0,1,0,0,Expreso Queretaro,2024-04-11
,,1,0,0,0,,2024-04-11
,,0,0,0,0,,2024-04-11
"Quintana
Roo
(2)","Felipe Carrillo
Puerto",0,1,0,0,Por Esto!,2024-04-11
,,1,0,0,0,,2024-04-11
,,0,0,0,0,,2024-04-11
,Solidaridad,1,0,1,0,Por Esto!,2024-04-11
"Sinaloa
(1)",Mazatlan,0,1,0,0,Debate,2024-04-11
,,1,0,0,0,,2024-04-11
,,0,0,0,0,,2024-04-11
"Tabasco
(3)",Cardenas,1,1,0,0,XEVA Noticias,2024-04-11
,Centro,1,1,0,0,Reforma,2024-04-11
,Paraiso,1,0,1,0,Debate,2024-04-11
"Tlaxcala
(2)","San Pablo del
Monte",0,0,0,1,Indice Media,2024-04-11
,,1,0,0,0,,2024-04-11
,,0,0,0,0,,2024-04-11
,"San Pablo del
Monte",0,1,0,0,Indice Media,2024-04-11
,,1,0,0,0,,2024-04-11
,,0,0,0,0,,2024-04-11
"Veracruz de
Ignacio de la","Alamo
Temapache",0,1,0,0,"Vanguardia
Veracruz",2024-04-11
,,1,0,0,0,,2024-04-11
,,0,0,0,0,,2024-04-11
"Llave
(5)",Cordoba,1,1,0,0,Imagen del Golfo,2024-04-11
,Cuitlahuac,1,1,0,0,El Buen Tono,2024-04-11
,Orizaba,1,0,1,0,Imagen del Golfo,2024-04-11
,Veracruz,1,0,0,1,El Buen Tono,2024-04-11
Totales:,,70,52,10,8,,2024-04-11
