Entidad,Municipio,Muertos,Hombre,Mujer,No Identificado,Fuente,Fecha
,,0,0,0,0,,2024-07-28
,,0,0,0,0,,2024-07-28
,,0,0,0,0,,2024-07-28
"Baja California
(2)",Tijuana,1,1,0,0,El Sol de Tijuana,2024-07-28
,Tijuana,1,1,0,0,Punto Norte,2024-07-28
"Baja California
Sur
(1)",Los Cabos,0,1,0,0,Tribuna,2024-07-28
,,1,0,0,0,,2024-07-28
,,0,0,0,0,,2024-07-28
"Chihuahua
(7)",Chihuahua,0,2,1,0,"La Opcion de
Chihuahua",2024-07-28
,,3,0,0,0,,2024-07-28
,,0,0,0,0,,2024-07-28
,Chihuahua,0,1,0,0,"La Opcion de
Chihuahua",2024-07-28
,,1,0,0,0,,2024-07-28
,,0,0,0,0,,2024-07-28
,Juarez,1,0,1,0,Calibre 800,2024-07-28
,Juarez,0,1,0,0,"La Opcion de
Chihuahua",2024-07-28
,,1,0,0,0,,2024-07-28
,,0,0,0,0,,2024-07-28
,Juarez,1,1,0,0,Net Noticias,2024-07-28
"Colima
(3)",Colima,1,1,0,0,Colima Noticias,2024-07-28
,Manzanillo,2,1,1,0,Noticias Manzanillo,2024-07-28
"Guanajuato
(11)",Irapuato,1,1,0,0,AM,2024-07-28
,Leon,1,1,0,0,AM,2024-07-28
,Leon,1,1,0,0,Periodico Correo,2024-07-28
,Leon,1,1,0,0,Periodico Correo,2024-07-28
,Leon,1,1,0,0,Periodico Correo,2024-07-28
,Leon,1,1,0,0,Periodico Correo,2024-07-28
,Penjamo,1,0,1,0,AM,2024-07-28
,Penjamo,1,1,0,0,AM,2024-07-28
,Penjamo,1,1,0,0,Periodico Correo,2024-07-28
,"Purisima del
Rincon",0,0,0,1,Pagina Central,2024-07-28
,,1,0,0,0,,2024-07-28
,,0,0,0,0,,2024-07-28
,"San Francisco
del Rincon",0,1,0,0,AM,2024-07-28
,,1,0,0,0,,2024-07-28
,,0,0,0,0,,2024-07-28
"Guerrero
(3)","Acapulco de
Juarez",0,1,0,0,Enfoque Informativo,2024-07-28
,,1,0,0,0,,2024-07-28
,,0,0,0,0,,2024-07-28
,"Acapulco de
Juarez",0,1,0,0,Sur Acapulco,2024-07-28
,,1,0,0,0,,2024-07-28
,,0,0,0,0,,2024-07-28
,"Zihuatanejo de
Azueta",0,1,0,0,Sur Acapulco,2024-07-28
,,1,0,0,0,,2024-07-28
,,0,0,0,0,,2024-07-28
"Hidalgo
(1)","Tezontepec de
Aldama",0,1,0,0,Punto por Punto,2024-07-28
,,1,0,0,0,,2024-07-28
,,0,0,0,0,,2024-07-28
"Jalisco
(3)","San Pedro
Tlaquepaque",0,2,0,0,Milenio,2024-07-28
,,2,0,0,0,,2024-07-28
,,0,0,0,0,,2024-07-28
,Zapopan,1,0,0,1,Telediario,2024-07-28
"Mexico
(1)","Naucalpan de
Juarez",0,1,0,0,Diario Portal,2024-07-28
,,1,0,0,0,,2024-07-28
,,0,0,0,0,,2024-07-28
"Michoacan de
Ocampo
(7)",Apatzingan,2,2,0,0,Noventa Grados,2024-07-28
,Copandaro,1,1,0,0,La Voz de Michoacan,2024-07-28
,Paracuaro,1,1,0,0,Noventa Grados,2024-07-28
,Uruapan,1,1,0,0,Quadratin,2024-07-28
,Zamora,2,2,0,0,Noventa Grados,2024-07-28
"Morelos
(3)",Cuernavaca,1,1,0,0,Diario de Morelos,2024-07-28
,Temixco,1,1,0,0,24 Morelos,2024-07-28
,Yautepec,1,1,0,0,Quadratin,2024-07-28
"Nuevo Leon
(2)",Galeana,1,1,0,0,El Horizonte,2024-07-28
,Monterrey,1,1,0,0,El Porvenir,2024-07-28
"Puebla
(2)","Rafael Lara
Grajales",0,2,0,0,Intolerencia Diario,2024-07-28
,,2,0,0,0,,2024-07-28
,,0,0,0,0,,2024-07-28
"Quintana Roo
(2)",Benito Juarez,1,1,0,0,Quadratin,2024-07-28
,Benito Juarez,1,1,0,0,Sipse,2024-07-28
"Sinaloa
(1)",Culiacan,0,1,0,0,Los Noticieristas,2024-07-28
,,1,0,0,0,,2024-07-28
,,0,0,0,0,,2024-07-28
"Tabasco
(3)",Centro,1,1,0,0,XEVT,2024-07-28
,Comalcalco,0,1,0,0,"El Heraldo de
Tabasco",2024-07-28
,,1,0,0,0,,2024-07-28
,,0,0,0,0,,2024-07-28
,"Jalpa de
Mendez",0,1,0,0,Tabasco al minuto,2024-07-28
,,1,0,0,0,,2024-07-28
,,0,0,0,0,,2024-07-28
"Veracruz de
Ignacio de la
Llave
(1)",Coatepec,0,1,0,0,Al Calor Politico,2024-07-28
,,1,0,0,0,,2024-07-28
,,0,0,0,0,,2024-07-28
Totales:,,53,47,4,2,,2024-07-28
