Entidad,Municipio,Muertos,Hombre,Mujer,No Identificado,Fuente,Fecha
,,0,0,0,0,,2024-06-18
,,0,0,0,0,,2024-06-18
,,0,0,0,0,,2024-06-18
"Baja
California
(4)",Tijuana,1,1,0,0,El Mexicano,2024-06-18
,Tijuana,1,1,0,0,El Mexicano,2024-06-18
,Tijuana,1,1,0,0,PSN en Linea,2024-06-18
,Tijuana,1,1,0,0,Sintesis,2024-06-18
"Chiapas
(2)",Pantelho,1,0,0,1,Noventa Grados,2024-06-18
,Suchiate,1,1,0,0,Diario del Sur,2024-06-18
"Chihuahua
(3)",Juarez,1,1,0,0,El Diario,2024-06-18
,Juarez,1,1,0,0,El Diario,2024-06-18
,Juarez,1,1,0,0,El Diario,2024-06-18
"Ciudad de
Mexico
(3)","Gustavo A.
Madero",0,1,1,0,La Prensa,2024-06-18
,,2,0,0,0,,2024-06-18
,,0,0,0,0,,2024-06-18
,"Venustiano
Carranza",0,0,1,0,Milenio,2024-06-18
,,1,0,0,0,,2024-06-18
,,0,0,0,0,,2024-06-18
"Colima
(3)",Manzanillo,1,1,0,0,Colima al dia,2024-06-18
,Manzanillo,1,1,0,0,Colima al dia,2024-06-18
,Villa de Alvarez,1,1,0,0,Colima Noticias,2024-06-18
"Guanajuato
(11)",Celaya,1,1,0,0,Guanajuato Informa,2024-06-18
,Celaya,1,1,0,0,Noventa Grados,2024-06-18
,Irapuato,1,1,0,0,El Sol de Irapuato,2024-06-18
,Irapuato,1,0,1,0,El Sol de Irapuato,2024-06-18
,Irapuato,1,1,0,0,Guanajuato Informa,2024-06-18
,Irapuato,1,1,0,0,Periodico Correo,2024-06-18
,Leon,1,1,0,0,AM,2024-06-18
,Leon,1,0,0,1,AM,2024-06-18
,Salamanca,1,1,0,0,Periodico Correo,2024-06-18
,"San Miguel de
Allende",0,1,0,0,El Sol del Bajio,2024-06-18
,,1,0,0,0,,2024-06-18
,,0,0,0,0,,2024-06-18
,"Valle de
Santiago",0,0,1,0,Periodico Correo,2024-06-18
,,1,0,0,0,,2024-06-18
,,0,0,0,0,,2024-06-18
"Guerrero
(14)","Acapulco de
Juarez",0,0,0,4,"Agencia de Noticias
Guerrero",2024-06-18
,,4,0,0,0,,2024-06-18
,,0,0,0,0,,2024-06-18
,"Acapulco de
Juarez",0,1,0,0,El Sol de Acapulco,2024-06-18
,,1,0,0,0,,2024-06-18
,,0,0,0,0,,2024-06-18
,"Acapulco de
Juarez",0,1,0,0,Quadratin Guerrero,2024-06-18
,,1,0,0,0,,2024-06-18
,,0,0,0,0,,2024-06-18
,"Acapulco de
Juarez",0,1,0,0,Quadratin Guerrero,2024-06-18
,,1,0,0,0,,2024-06-18
,,0,0,0,0,,2024-06-18
,"Acapulco de
Juarez",0,1,0,0,Sur Acapulco,2024-06-18
,,1,0,0,0,,2024-06-18
,,0,0,0,0,,2024-06-18
,"Acapulco de
Juarez",0,1,0,0,Twitter,2024-06-18
,,1,0,0,0,,2024-06-18
,,0,0,0,0,,2024-06-18
,"Acapulco de
Juarez",0,1,0,0,Twitter,2024-06-18
,,1,0,0,0,,2024-06-18
,,0,0,0,0,,2024-06-18
,"Iguala de la
Independencia",0,2,0,0,"Agencia de Noticias
Guerrero",2024-06-18
,,2,0,0,0,,2024-06-18
,,0,0,0,0,,2024-06-18
,"Leonardo
Bravo",0,1,0,0,Sur Acapulco,2024-06-18
,,1,0,0,0,,2024-06-18
,,0,0,0,0,,2024-06-18
,"Zihuatanejo de
Azueta",0,1,0,0,Quadratin,2024-06-18
,,1,0,0,0,,2024-06-18
,,0,0,0,0,,2024-06-18
"Hidalgo
(1)",Tizayuca,0,0,1,0,El Universal Hidalgo,2024-06-18
,,1,0,0,0,,2024-06-18
,,0,0,0,0,,2024-06-18
"Mexico
(4)",Tecamac,1,1,0,0,La Prensa,2024-06-18
,"Tenango del
Valle",0,1,0,0,"A Fondo Estado de
Mexico",2024-06-18
,,1,0,0,0,,2024-06-18
,,0,0,0,0,,2024-06-18
,Toluca,1,0,1,0,El Sol de Toluca,2024-06-18
,Tultitlan,0,1,0,0,"A Fondo Estado de
Mexico",2024-06-18
,,1,0,0,0,,2024-06-18
,,0,0,0,0,,2024-06-18
"Michoacan
de
Ocampo
(3)",Copandaro,0,2,0,0,"Grupo Marmor
Multimedios",2024-06-18
,,2,0,0,0,,2024-06-18
,,0,0,0,0,,2024-06-18
,Morelia,0,1,0,0,Noventa Grados,2024-06-18
,,1,0,0,0,,2024-06-18
,,0,0,0,0,,2024-06-18
"Morelos
(6)",Cuautla,2,2,0,0,La Union de Morelos,2024-06-18
,Cuernavaca,1,0,0,1,Metropoli MX,2024-06-18
,Huitzilac,1,1,0,0,BDM Noticias,2024-06-18
,Mazatepec,1,1,0,0,La Union de Morelos,2024-06-18
,Tlaquiltenango,1,0,1,0,La Union de Morelos,2024-06-18
"Nayarit
(1)",Tepic,0,1,0,0,Zocalo,2024-06-18
,,1,0,0,0,,2024-06-18
,,0,0,0,0,,2024-06-18
"Nuevo
Leon
(5)",Apodaca,2,2,0,0,ABC Noticias,2024-06-18
,Garcia,1,1,0,0,Telediario,2024-06-18
,Juarez,1,1,0,0,Milenio,2024-06-18
,Pesqueria,1,1,0,0,El Norte,2024-06-18
"Quintana
Roo
(3)",Benito Juarez,1,0,0,1,Periodico Quequi,2024-06-18
,Benito Juarez,1,1,0,0,Sipse,2024-06-18
,"Felipe Carrillo
Puerto",0,0,0,1,Noticaribe,2024-06-18
,,1,0,0,0,,2024-06-18
,,0,0,0,0,,2024-06-18
"San Luis
Potosi
(1)","San Ciro de
Acosta",0,1,0,0,Pulso San Luis Potosi,2024-06-18
,,1,0,0,0,,2024-06-18
,,0,0,0,0,,2024-06-18
Sinaloa,Angostura,1,1,0,0,A Discusion,2024-06-18
(2),Culiacan,1,1,0,0,A Discusion,2024-06-18
"Sonora
(1)",Cajeme,0,1,0,0,Tribuna,2024-06-18
,,1,0,0,0,,2024-06-18
,,0,0,0,0,,2024-06-18
"Tamaulipas
(4)",Hidalgo,1,0,1,0,Excelsior,2024-06-18
,Matamoros,1,1,0,0,Zocalo,2024-06-18
,Padilla,1,1,0,0,Twitter,2024-06-18
,Reynosa,1,0,1,0,Excelsior,2024-06-18
"Veracruz
de Ignacio
de la Llave
(2)",Acayucan,1,1,0,0,XEU Noticias,2024-06-18
,"Emiliano
Zapata",0,1,0,0,XEU Noticias,2024-06-18
,,1,0,0,0,,2024-06-18
,,0,0,0,0,,2024-06-18
Totales:,,73,55,9,9,,2024-06-18
