Entidad,Municipio,Muertos,Hombre,Mujer,No Identificado,Fuente,Fecha
,,0,0,0,0,,2024-04-17
,,0,0,0,0,,2024-04-17
,,0,0,0,0,,2024-04-17
"Baja
California
(2)",Ensenada,1,0,0,1,Zeta Tijuana,2024-04-17
,Tijuana,0,0,0,1,El Sol de Tijuana,2024-04-17
,,1,0,0,0,,2024-04-17
,,0,0,0,0,,2024-04-17
"Chiapas
(1)",Suchiate,0,0,0,1,Diario del Sur,2024-04-17
,,1,0,0,0,,2024-04-17
,,0,0,0,0,,2024-04-17
"Chihuahua
(2)",Juarez,1,0,0,1,El Diario,2024-04-17
,Juarez,1,1,0,0,La Polaka,2024-04-17
"Ciudad de
Mexico
(5)",Azcapotzalco,1,1,0,0,Quinceminutos,2024-04-17
,Tlahuac,0,4,0,0,ADN Sureste,2024-04-17
,,4,0,0,0,,2024-04-17
,,0,0,0,0,,2024-04-17
"Colima
(8)",Colima,1,1,0,0,Colima Noticias,2024-04-17
,Colima,1,1,0,0,Diario de Colima,2024-04-17
,Manzanillo,1,1,0,0,Va de Nuez,2024-04-17
,"Villa de
Alvarez",0,1,0,0,Colima Noticias,2024-04-17
,,1,0,0,0,,2024-04-17
,,0,0,0,0,,2024-04-17
,"Villa de
Alvarez",0,0,0,3,Colima Noticias,2024-04-17
,,3,0,0,0,,2024-04-17
,,0,0,0,0,,2024-04-17
,"Villa de
Alvarez",0,1,0,0,Diario de Colima,2024-04-17
,,1,0,0,0,,2024-04-17
,,0,0,0,0,,2024-04-17
"Guanajuato
(13)",Celaya,3,0,0,3,Periodico Correo,2024-04-17
,Irapuato,1,1,0,0,El Sol de Irapuato,2024-04-17
,Irapuato,1,1,0,0,El Sol de Irapuato,2024-04-17
,Irapuato,1,0,0,1,Zona Franca,2024-04-17
,Leon,1,1,0,0,El Sol de Leon,2024-04-17
,Leon,1,1,0,0,Periodico Correo,2024-04-17
,Moroleon,1,0,1,0,Periodico Correo,2024-04-17
,Penjamo,1,0,1,0,Periodico Correo,2024-04-17
,Salamanca,1,1,0,0,El Sol de Salamanca,2024-04-17
,Salamanca,1,1,0,0,El Sol de Salamanca,2024-04-17
,"San
Francisco del
Rincon",0,1,0,0,El Sol de Leon,2024-04-17
,,1,0,0,0,,2024-04-17
,,0,0,0,0,,2024-04-17
"Guerrero
(2)","Acapulco de
Juarez",0,1,0,0,Sur Acapulco,2024-04-17
,,1,0,0,0,,2024-04-17
,,0,0,0,0,,2024-04-17
,"Zihuatanejo
de Azueta",0,1,0,0,El Sur,2024-04-17
,,1,0,0,0,,2024-04-17
,,0,0,0,0,,2024-04-17
Hidalgo,Tizayuca,1,1,0,0,Periodico Central,2024-04-17
(1),,0,0,0,0,,2024-04-17
"Jalisco
(3)",Guadalajara,1,1,0,0,Guardia Nocturna,2024-04-17
,Guadalajara,1,0,0,1,Guardia Nocturna,2024-04-17
,Guadalajara,1,1,0,0,Mural,2024-04-17
"Mexico
(3)","Almoloya de
Juarez",0,1,0,0,Tres PM Noticias,2024-04-17
,,1,0,0,0,,2024-04-17
,,0,0,0,0,,2024-04-17
,"Ecatepec de
Morelos",0,1,0,0,La Prensa,2024-04-17
,,1,0,0,0,,2024-04-17
,,0,0,0,0,,2024-04-17
,"Naucalpan
de Juarez",0,1,0,0,El Heraldo de Mexico,2024-04-17
,,1,0,0,0,,2024-04-17
,,0,0,0,0,,2024-04-17
"Michoacan
de
Ocampo
(9)",Apatzingan,1,1,0,0,N Sintesis,2024-04-17
,Morelia,1,1,0,0,Quadratin,2024-04-17
,Panindicuaro,1,1,0,0,RED Michoacan,2024-04-17
,Senguio,2,2,0,0,RED Michoacan,2024-04-17
,Uruapan,2,2,0,0,Noventa Grados,2024-04-17
,Uruapan,1,1,0,0,Quadratin,2024-04-17
,Zitacuaro,1,1,0,0,Monitor Economico,2024-04-17
"Morelos
(2)",Cuernavaca,1,1,0,0,Central de Noticias,2024-04-17
,Jiutepec,1,0,0,1,24 Morelos,2024-04-17
"Nuevo
Leon
(3)",Garcia,1,1,0,0,El Porvenir,2024-04-17
,Monterrey,1,1,0,0,El Porvenir,2024-04-17
,Monterrey,1,1,0,0,Posta,2024-04-17
"Oaxaca
(1)","Oaxaca de
Juarez",0,1,0,0,Quadratin,2024-04-17
,,1,0,0,0,,2024-04-17
,,0,0,0,0,,2024-04-17
"Puebla
(6)","Canada
Morelos",0,2,0,0,Callejero,2024-04-17
,,2,0,0,0,,2024-04-17
,,0,0,0,0,,2024-04-17
,Chietla,2,2,0,0,Sucesos Puebla,2024-04-17
,"San Juan
Atenco",0,1,0,0,Desde Puebla,2024-04-17
,,1,0,0,0,,2024-04-17
,,0,0,0,0,,2024-04-17
,Tehuitzingo,1,1,0,0,Periodico Central,2024-04-17
"Queretaro
(1)","Amealco de
Bonfil",0,1,0,0,Noventa Grados,2024-04-17
,,1,0,0,0,,2024-04-17
,,0,0,0,0,,2024-04-17
"Sinaloa
(1)",Culiacan,0,1,0,0,Linea Directa,2024-04-17
,,1,0,0,0,,2024-04-17
,,0,0,0,0,,2024-04-17
"Sonora
(2)",Cajeme,1,1,0,0,Diario del Yaqui,2024-04-17
,Nogales,1,1,0,0,El Diario de Sonora,2024-04-17
"Tabasco
(12)",Cardenas,1,1,0,0,Tabasco Hoy,2024-04-17
,Centro,1,1,0,0,Tabasco Hoy,2024-04-17
,Jalapa,8,0,0,8,XEVT,2024-04-17
,Nacajuca,1,1,0,0,El Sol del Sureste,2024-04-17
,Nacajuca,1,1,0,0,Tabasco Hoy,2024-04-17
"Tamaulipas
(1)","San
Fernando",0,0,1,0,Hoy Tamaulipas,2024-04-17
,,1,0,0,0,,2024-04-17
,,0,0,0,0,,2024-04-17
"Veracruz
de Ignacio
de la Llave
(3)","Santiago
Tuxtla",0,0,1,0,Imagen de Veracruz,2024-04-17
,,1,0,0,0,,2024-04-17
,,0,0,0,0,,2024-04-17
,Tezonapa,1,1,0,0,El Sol de Cordoba,2024-04-17
,Tlapacoyan,1,1,0,0,Imagen del Golfo,2024-04-17
"Zacatecas
(2)",Jerez,0,2,0,0,Dominio Publico Noticias,2024-04-17
,,2,0,0,0,,2024-04-17
,,0,0,0,0,,2024-04-17
Totales:,,83,58,4,21,,2024-04-17
