Entidad,Municipio,Muertos,Hombre,Mujer,No Identificado,Fuente,Fecha
,,0,0,0,0,,2024-04-25
,,0,0,0,0,,2024-04-25
,,0,0,0,0,,2024-04-25
"Baja
California
(6)",Mexicali,1,1,0,0,La Voz de la Frontera,2024-04-25
,Tijuana,1,0,0,1,Debate,2024-04-25
,Tijuana,1,0,0,1,El Mexicano,2024-04-25
,Tijuana,1,1,0,0,El Sol de Tijuana,2024-04-25
,Tijuana,1,1,0,0,Punto Norte,2024-04-25
,Tijuana,1,0,0,1,Uniradio Informa,2024-04-25
"Chiapas
(1)",Tuzantan,0,1,0,0,Diario del Sur,2024-04-25
,,1,0,0,0,,2024-04-25
,,0,0,0,0,,2024-04-25
"Chihuahua
(4)",Chihuahua,1,0,0,1,Entrelineas,2024-04-25
,Juarez,1,1,0,0,Diario 21,2024-04-25
,Juarez,1,1,0,0,El Diario de Chihuahua,2024-04-25
,Matamoros,1,1,0,0,Codigo 13,2024-04-25
"Ciudad de
Mexico
(3)","Alvaro
Obregon",0,1,0,0,"A Fondo Estado de
Mexico",2024-04-25
,,1,0,0,0,,2024-04-25
,,0,0,0,0,,2024-04-25
,Benito Juarez,1,1,0,0,Excelsior,2024-04-25
,"Gustavo A.
Madero",0,1,0,0,La Prensa,2024-04-25
,,1,0,0,0,,2024-04-25
,,0,0,0,0,,2024-04-25
"Coahuila
de
Zaragoza
(1)",Torreon,0,0,1,0,Telediario,2024-04-25
,,1,0,0,0,,2024-04-25
,,0,0,0,0,,2024-04-25
"Colima
(3)",Colima,1,0,0,1,Diario de Colima,2024-04-25
,Manzanillo,1,1,0,0,Colima Noticias,2024-04-25
,Manzanillo,1,1,0,0,Colima Noticias,2024-04-25
"Guanajuato
(6)",Celaya,2,1,0,1,Pagina Central,2024-04-25
,Leon,1,0,0,1,El Sol de Leon,2024-04-25
,Salamanca,1,0,0,1,El Sol de Salamanca,2024-04-25
,Salvatierra,1,1,0,0,AM,2024-04-25
,"Valle de
Santiago",0,1,0,0,Periodico Correo,2024-04-25
,,1,0,0,0,,2024-04-25
,,0,0,0,0,,2024-04-25
"Guerrero
(4)","Acapulco de
Juarez",0,1,0,0,"Agencia de Noticias
Guerrero",2024-04-25
,,1,0,0,0,,2024-04-25
,,0,0,0,0,,2024-04-25
,"Acapulco de
Juarez",0,1,1,0,"Agencia de Noticias
Guerrero",2024-04-25
,,2,0,0,0,,2024-04-25
,,0,0,0,0,,2024-04-25
,"Chilpancingo
de los Bravo",0,1,0,0,Quadratin Guerrero,2024-04-25
,,1,0,0,0,,2024-04-25
,,0,0,0,0,,2024-04-25
Hidalgo,Tulancingo de,1,0,1,0,Milenio,2024-04-25
(1),Bravo,0,0,0,0,,2024-04-25
"Jalisco
(9)",El Salto,1,1,0,0,Guardia Nocturna,2024-04-25
,"Encarnacion
de Diaz",0,0,0,4,Twitter,2024-04-25
,,4,0,0,0,,2024-04-25
,,0,0,0,0,,2024-04-25
,Guadalajara,1,1,0,0,Guardia Nocturna,2024-04-25
,Guadalajara,2,0,0,2,Guardia Nocturna,2024-04-25
,"Tlajomulco de
Zuniga",0,1,0,0,Guardia Nocturna,2024-04-25
,,1,0,0,0,,2024-04-25
,,0,0,0,0,,2024-04-25
"Mexico
(3)","Naucalpan de
Juarez",0,1,0,0,El Sol de Mexico,2024-04-25
,,1,0,0,0,,2024-04-25
,,0,0,0,0,,2024-04-25
,Nezahualcoyotl,1,1,0,0,El Universal,2024-04-25
,"Tlalnepantla de
Baz",0,0,1,0,La Prensa,2024-04-25
,,1,0,0,0,,2024-04-25
,,0,0,0,0,,2024-04-25
"Michoacan
de
Ocampo
(8)",Apatzingan,1,1,0,0,Canal 13 Mexico,2024-04-25
,Apatzingan,2,2,0,0,La Voz de Michoacan,2024-04-25
,Apatzingan,1,1,0,0,La Voz de Michoacan,2024-04-25
,Copandaro,1,1,0,0,PCM Agencia de Noticias,2024-04-25
,Huandacareo,1,1,0,0,Quadratin,2024-04-25
,Morelia,1,1,0,0,Mi Morelia,2024-04-25
,Zamora,1,1,0,0,Noventa Grados,2024-04-25
"Morelos
(9)",Ayala,1,1,0,0,Noticias de Cuautla,2024-04-25
,Cuernavaca,1,1,0,0,Diario de Morelos,2024-04-25
,Cuernavaca,1,1,0,0,La Union,2024-04-25
,Jiutepec,1,1,0,0,El Sol de Cuernavaca,2024-04-25
,Tetecala,3,3,0,0,El Universal,2024-04-25
,Xochitepec,1,1,0,0,Central de Noticias,2024-04-25
,Xochitepec,1,1,0,0,La Union,2024-04-25
"Nuevo
Leon
(3)",Allende,1,1,0,0,El Porvenir,2024-04-25
,Juarez,1,1,0,0,Telediario,2024-04-25
,Monterrey,1,1,0,0,Milenio,2024-04-25
"Oaxaca
(1)","Heroica Ciudad
de Huajuapan
de Leon",0,1,0,0,Imparcial de Oaxaca,2024-04-25
,,1,0,0,0,,2024-04-25
,,0,0,0,0,,2024-04-25
"Quintana
Roo
(1)","Othon P.
Blanco",0,1,0,0,Marcrix Noticias,2024-04-25
,,1,0,0,0,,2024-04-25
,,0,0,0,0,,2024-04-25
"San Luis
Potosi
(1)",San Luis Potosi,0,0,0,1,Pulso San Luis Potosi,2024-04-25
,,1,0,0,0,,2024-04-25
,,0,0,0,0,,2024-04-25
"Sonora
(2)",Bacum,0,2,0,0,N+,2024-04-25
,,2,0,0,0,,2024-04-25
,,0,0,0,0,,2024-04-25
Tabasco,Cardenas,5,3,2,0,El Heraldo de Tabasco,2024-04-25
(7),Huimanguillo,1,0,1,0,El Heraldo de Tabasco,2024-04-25
,Huimanguillo,1,0,1,0,El Heraldo de Tabasco,2024-04-25
"Veracruz
de Ignacio
de la Llave
(1)",Acayucan,0,0,0,1,El Dictamen,2024-04-25
,,1,0,0,0,,2024-04-25
,,0,0,0,0,,2024-04-25
"Zacatecas
(4)",Fresnillo,1,1,0,0,Imagen Zacatecas,2024-04-25
,Guadalupe,1,0,0,1,El Universal,2024-04-25
,Guadalupe,1,1,0,0,NTR Guadalajara,2024-04-25
,Pinos,1,1,0,0,El Universal,2024-04-25
Totales:,,78,53,8,17,,2024-04-25
