Entidad,Municipio,Muertos,Hombre,Mujer,No Identificado,Fuente,Fecha
,,0,0,0,0,,2024-03-10
,,0,0,0,0,,2024-03-10
,,0,0,0,0,,2024-03-10
"Baja
California
(3)",Tijuana,1,1,0,0,Uniradio Informa,2024-03-10
,Tijuana,1,1,0,0,Uniradio Informa,2024-03-10
,Tijuana,1,1,0,0,Uniradio Informa,2024-03-10
"Baja
California
Sur
(1)",Los Cabos,0,1,0,0,Colectivo Pericu,2024-03-10
,,1,0,0,0,,2024-03-10
,,0,0,0,0,,2024-03-10
"Chiapas
(4)",Chiapa de Corzo,0,2,0,0,"El Heraldo de
Chiapas",2024-03-10
,,2,0,0,0,,2024-03-10
,,0,0,0,0,,2024-03-10
,Tapachula,1,1,0,0,Diario del Sur,2024-03-10
,Villa Corzo,1,1,0,0,Diario de Chiapas,2024-03-10
"Chihuahua
(2)",Juarez,1,1,0,0,Net Noticias,2024-03-10
,La Cruz,1,1,0,0,Noticias Delicias,2024-03-10
"Ciudad de
Mexico
(2)",Alvaro Obregon,1,1,0,0,Twitter,2024-03-10
,Tlahuac,0,1,0,0,SDP Noticias,2024-03-10
,,1,0,0,0,,2024-03-10
,,0,0,0,0,,2024-03-10
"Coahuila
de
Zaragoza
(2)",Hidalgo,0,2,0,0,Zocalo,2024-03-10
,,2,0,0,0,,2024-03-10
,,0,0,0,0,,2024-03-10
"Guanajuato
(16)",Celaya,5,3,2,0,AM,2024-03-10
,Irapuato,1,1,0,0,AD Archivo Digital,2024-03-10
,Irapuato,1,1,0,0,AM,2024-03-10
,Irapuato,1,0,1,0,AM,2024-03-10
,Leon,2,0,0,2,AM,2024-03-10
,Salamanca,2,2,0,0,Azteca Bajio,2024-03-10
,Salvatierra,1,0,1,0,Canal 6,2024-03-10
,Valle de Santiago,1,0,1,0,Periodico Correo,2024-03-10
,Villagran,2,2,0,0,Periodico Correo,2024-03-10
"Guerrero
(2)","Acapulco de
Juarez",0,2,0,0,Quadratin,2024-03-10
,,2,0,0,0,,2024-03-10
,,0,0,0,0,,2024-03-10
"Hidalgo
(1)",Tula de Allende,0,1,0,0,La Silla Rota,2024-03-10
,,1,0,0,0,,2024-03-10
,,0,0,0,0,,2024-03-10
"Jalisco
(3)",El Salto,1,1,0,0,Guardia Nocturna,2024-03-10
,Guadalajara,1,1,0,0,Guardia Nocturna,2024-03-10
,Puerto Vallarta,1,1,0,0,Omnia,2024-03-10
Mexico,Chicoloapan,1,1,0,0,La Prensa,2024-03-10
(2),"Ecatepec de
Morelos",0,0,0,1,"Jose Cardenas
Informa",2024-03-10
,,1,0,0,0,,2024-03-10
,,0,0,0,0,,2024-03-10
"Michoacan
de Ocampo
(4)",Morelia,3,2,1,0,Quadratin,2024-03-10
,Uruapan,0,1,0,0,Noventa Grados,2024-03-10
,,1,0,0,0,,2024-03-10
,,0,0,0,0,,2024-03-10
"Morelos
(2)",Cuernavaca,1,0,1,0,Diario de Morelos,2024-03-10
,Jiutepec,1,1,0,0,24 Morelos,2024-03-10
"Nuevo
Leon
(11)",Garcia,1,0,1,0,El Financiero,2024-03-10
,Paras,0,10,0,0,Milenio,2024-03-10
,,10,0,0,0,,2024-03-10
,,0,0,0,0,,2024-03-10
"Puebla
(2)",Chignahuapan,1,0,1,0,Desde Puebla,2024-03-10
,Huejotzingo,1,1,0,0,Periodico Central,2024-03-10
"Quintana
Roo
(1)",Othon P. Blanco,0,1,0,0,Punto de Quiebre,2024-03-10
,,1,0,0,0,,2024-03-10
,,0,0,0,0,,2024-03-10
"San Luis
Potosi
(1)","Soledad de
Graciano
Sanchez",0,1,0,0,Milenio,2024-03-10
,,1,0,0,0,,2024-03-10
,,0,0,0,0,,2024-03-10
"Sonora
(2)",Cajeme,1,0,0,1,Medios Obson,2024-03-10
,Navojoa,1,1,0,0,Debate,2024-03-10
"Tabasco
(1)",Huimanguillo,0,1,0,0,Tabasco Hoy,2024-03-10
,,1,0,0,0,,2024-03-10
,,0,0,0,0,,2024-03-10
"Zacatecas
(1)",Zacatecas,0,1,0,0,NTR Zacatecas,2024-03-10
,,1,0,0,0,,2024-03-10
,,0,0,0,0,,2024-03-10
Totales:,,63,50,9,4,,2024-03-10
