Entidad,Municipio,Muertos,Hombre,Mujer,No Identificado,Fuente,Fecha
,,0,0,0,0,,2024-03-11
,,0,0,0,0,,2024-03-11
,,0,0,0,0,,2024-03-11
"Baja
California
(10)",Tijuana,0,1,0,0,"A Fondo
Edomex",2024-03-11
,,1,0,0,0,,2024-03-11
,,0,0,0,0,,2024-03-11
,Tijuana,1,1,0,0,AFN Tijuana,2024-03-11
,Tijuana,1,1,0,0,El Mexicano,2024-03-11
,Tijuana,0,1,0,0,"Uniradio
Informa",2024-03-11
,,1,0,0,0,,2024-03-11
,,0,0,0,0,,2024-03-11
,Tijuana,0,1,0,0,"Uniradio
Informa",2024-03-11
,,1,0,0,0,,2024-03-11
,,0,0,0,0,,2024-03-11
,Tijuana,0,1,0,0,"Uniradio
Informa",2024-03-11
,,1,0,0,0,,2024-03-11
,,0,0,0,0,,2024-03-11
,Tijuana,0,0,0,1,"Uniradio
Informa",2024-03-11
,,1,0,0,0,,2024-03-11
,,0,0,0,0,,2024-03-11
,Tijuana,0,0,0,1,"Uniradio
Informa",2024-03-11
,,1,0,0,0,,2024-03-11
,,0,0,0,0,,2024-03-11
,Tijuana,0,1,0,0,"Uniradio
Informa",2024-03-11
,,1,0,0,0,,2024-03-11
,,0,0,0,0,,2024-03-11
,Tijuana,1,1,0,0,Zeta,2024-03-11
"Chiapas
(3)",Tapachula,0,1,0,0,"Diario de
Chiapas",2024-03-11
,,1,0,0,0,,2024-03-11
,,0,0,0,0,,2024-03-11
,Tapachula,2,1,1,0,Diario del Sur,2024-03-11
"Chihuahua
(5)",Cuauhtemoc,0,1,0,0,"El Diario de
Chihuahua",2024-03-11
,,1,0,0,0,,2024-03-11
,,0,0,0,0,,2024-03-11
,Guachochi,1,0,1,0,Codigo 13,2024-03-11
,Juarez,0,1,0,0,"El Diario de
Chihuahua",2024-03-11
,,1,0,0,0,,2024-03-11
,,0,0,0,0,,2024-03-11
,Juarez,0,1,0,0,"La Opcion de
Chihuahua",2024-03-11
,,1,0,0,0,,2024-03-11
,,0,0,0,0,,2024-03-11
,Juarez,1,1,0,0,La Polaka,2024-03-11
"Ciudad de
Mexico
(1)",Tlahuac,0,1,0,0,La Prensa,2024-03-11
,,1,0,0,0,,2024-03-11
,,0,0,0,0,,2024-03-11
"Colima
(2)",Cuauhtemoc,1,1,0,0,AFmedios,2024-03-11
,Villa de Alvarez,1,1,0,0,Va de Nuez,2024-03-11
"Durango
(2)",Durango,0,1,0,0,"El Sol de la
Laguna",2024-03-11
,,1,0,0,0,,2024-03-11
,,0,0,0,0,,2024-03-11
,El Oro,1,1,0,0,Posta,2024-03-11
Guanajuato,Celaya,1,0,1,0,El Sol del Bajio,2024-03-11
(5),Irapuato,0,0,0,1,"Periodico
Correo",2024-03-11
,,1,0,0,0,,2024-03-11
,,0,0,0,0,,2024-03-11
,Irapuato,0,0,0,1,"Periodico
Correo",2024-03-11
,,1,0,0,0,,2024-03-11
,,0,0,0,0,,2024-03-11
,Salamanca,0,1,0,0,"Informativo
Agora",2024-03-11
,,1,0,0,0,,2024-03-11
,,0,0,0,0,,2024-03-11
,Salvatierra,0,0,1,0,"Noventa
Grados",2024-03-11
,,1,0,0,0,,2024-03-11
,,0,0,0,0,,2024-03-11
"Guerrero
(1)","Acapulco de
Juarez",0,0,1,0,"Agencia de
Noticias
Guerrero",2024-03-11
,,1,0,0,0,,2024-03-11
,,0,0,0,0,,2024-03-11
"Hidalgo
(2)","Tulancingo de
Bravo",0,1,1,0,TV Azteca,2024-03-11
,,2,0,0,0,,2024-03-11
,,0,0,0,0,,2024-03-11
"Jalisco
(1)",Tonala,0,1,0,0,"Guardia
Nocturna",2024-03-11
,,1,0,0,0,,2024-03-11
,,0,0,0,0,,2024-03-11
"Mexico
(3)","Acambay de Ruiz
Castaneda",0,1,0,0,"A Fondo
Edomex",2024-03-11
,,1,0,0,0,,2024-03-11
,,0,0,0,0,,2024-03-11
,Atizapan,2,2,0,0,La Prensa,2024-03-11
"Michoacan
de Ocampo
(2)",Charo,0,2,0,0,"La Voz de
Michoacan",2024-03-11
,,2,0,0,0,,2024-03-11
,,0,0,0,0,,2024-03-11
"Morelos
(3)",Tlayacapan,0,1,0,0,"La Union de
Morelos",2024-03-11
,,1,0,0,0,,2024-03-11
,,0,0,0,0,,2024-03-11
,Xochitepec,2,2,0,0,24 Morelos,2024-03-11
"Nuevo Leon
(3)",Apodaca,1,1,0,0,El Porvenir,2024-03-11
,Guadalupe,1,1,0,0,El Porvenir,2024-03-11
,Juarez,1,1,0,0,Telediario,2024-03-11
"Puebla
(3)",Chila,1,1,0,0,Municipios,2024-03-11
,"San Salvador
Huixcolotla",0,1,0,0,Puebla Roja,2024-03-11
,,1,0,0,0,,2024-03-11
,,0,0,0,0,,2024-03-11
,Tehuitzingo,1,1,0,0,Puebla Roja,2024-03-11
"San Luis
Potosi
(1)",San Luis Potosi,0,1,0,0,Telediario,2024-03-11
,,1,0,0,0,,2024-03-11
,,0,0,0,0,,2024-03-11
"Sinaloa
(2)",Culiacan,1,1,0,0,El Universal,2024-03-11
,Mazatlan,0,0,1,0,"El Sol de
Mazatlan",2024-03-11
,,1,0,0,0,,2024-03-11
,,0,0,0,0,,2024-03-11
"Tabasco
(3)",Centro,0,1,0,0,"El Heraldo de
Mexico",2024-03-11
,,1,0,0,0,,2024-03-11
,,0,0,0,0,,2024-03-11
,Comalcalco,0,0,1,0,"El Heraldo de
Tabasco",2024-03-11
,,1,0,0,0,,2024-03-11
,,0,0,0,0,,2024-03-11
,Comalcalco,1,1,0,0,Tabasco Hoy,2024-03-11
"Tamaulipas
(1)",Reynosa,0,1,0,0,"La Voz de
Tamaulipas",2024-03-11
,,1,0,0,0,,2024-03-11
,,0,0,0,0,,2024-03-11
"Veracruz de
Ignacio de la
Llave
(3)",Angel R. Cabada,1,0,1,0,XEU Noticias,2024-03-11
,Atzalan,0,0,0,1,"El Pinero de la
Cuenca",2024-03-11
,,1,0,0,0,,2024-03-11
,,0,0,0,0,,2024-03-11
,Veracruz,0,1,0,0,"Diario de
Xalapa",2024-03-11
,,1,0,0,0,,2024-03-11
,,0,0,0,0,,2024-03-11
Totales:,,56,42,9,5,,2024-03-11
