Entidad,Municipio,Muertos,Hombre,Mujer,No Identificado,Fuente,Fecha
,,0,0,0,0,,2024-05-18
,,0,0,0,0,,2024-05-18
,,0,0,0,0,,2024-05-18
"Baja California
(5)",Tijuana,1,0,0,1,El Mexicano,2024-05-18
,Tijuana,1,1,0,0,Punto Norte,2024-05-18
,Tijuana,2,1,1,0,Uniradio Informa,2024-05-18
,Tijuana,1,1,0,0,Uniradio Informa,2024-05-18
"Campeche
(1)",Campeche,0,1,0,0,Por Esto!,2024-05-18
,,1,0,0,0,,2024-05-18
,,0,0,0,0,,2024-05-18
"Chiapas
(2)",Arriaga,1,1,0,0,El Heraldo de Chiapas,2024-05-18
,Pijijiapan,1,1,0,0,Diario de Chiapas,2024-05-18
"Chihuahua
(7)",Chihuahua,1,1,0,0,La Paradoja,2024-05-18
,Juarez,0,1,0,0,"La Opcion de
Chihuahua",2024-05-18
,,1,0,0,0,,2024-05-18
,,0,0,0,0,,2024-05-18
,Juarez,1,0,1,0,Net Noticias,2024-05-18
,Juarez,1,1,0,0,Net Noticias,2024-05-18
,Juarez,2,0,0,2,Net Noticias,2024-05-18
,Juarez,1,1,0,0,Net Noticias,2024-05-18
"Durango
(1)","Pueblo
Nuevo",0,1,0,0,El Sol de Durango,2024-05-18
,,1,0,0,0,,2024-05-18
,,0,0,0,0,,2024-05-18
"Guanajuato
(14)",Acambaro,1,1,0,0,Periodico Correo,2024-05-18
,Celaya,1,1,0,0,Periodico Correo,2024-05-18
,Irapuato,1,1,0,0,Meganoticias,2024-05-18
,Irapuato,1,1,0,0,Periodico Correo,2024-05-18
,Irapuato,1,1,0,0,Periodico Correo,2024-05-18
,Irapuato,1,1,0,0,Periodico Correo,2024-05-18
,Leon,1,0,1,0,AM,2024-05-18
,Leon,2,2,0,0,Pagina Central,2024-05-18
,Leon,1,1,0,0,Periodico Correo,2024-05-18
,Leon,1,1,0,0,Periodico Correo,2024-05-18
,Moroleon,1,1,0,0,AM,2024-05-18
,Salamanca,1,1,0,0,Periodico Correo,2024-05-18
,Salamanca,1,1,0,0,Periodico Correo,2024-05-18
"Hidalgo
(1)",Atitalaquia,0,1,0,0,Milenio,2024-05-18
,,1,0,0,0,,2024-05-18
,,0,0,0,0,,2024-05-18
"Jalisco
(1)",Guadalajara,0,1,0,0,El Occidental,2024-05-18
,,1,0,0,0,,2024-05-18
,,0,0,0,0,,2024-05-18
"Mexico
(3)","Coacalco de
Berriozabal",0,1,0,0,Diario de Morelos,2024-05-18
,,1,0,0,0,,2024-05-18
,,0,0,0,0,,2024-05-18
,Coyotepec,1,1,0,0,La Prensa,2024-05-18
,Xalatlaco,1,1,0,0,La Prensa,2024-05-18
"Michoacan de
Ocampo",Apatzingan,1,1,0,0,RED Michoacan,2024-05-18
,Uruapan,1,1,0,0,Michoacan 3.0,2024-05-18
(2),,0,0,0,0,,2024-05-18
"Nuevo Leon
(2)",Garcia,1,1,0,0,Milenio,2024-05-18
,"General
Zuazua",0,1,0,0,Milenio,2024-05-18
,,1,0,0,0,,2024-05-18
,,0,0,0,0,,2024-05-18
"Oaxaca
(1)","San Juan
Bautista
Tuxtepec",0,1,0,0,NTV,2024-05-18
,,1,0,0,0,,2024-05-18
,,0,0,0,0,,2024-05-18
"Puebla
(10)",Coronango,1,1,0,0,Callejero,2024-05-18
,Guadalupe,2,2,0,0,Estado 21,2024-05-18
,"Los Reyes
de Juarez",0,1,0,0,Estado 21,2024-05-18
,,1,0,0,0,,2024-05-18
,,0,0,0,0,,2024-05-18
,Puebla,1,1,0,0,Callejero,2024-05-18
,Puebla,1,1,0,0,Meganoticias,2024-05-18
,Puebla,1,1,0,0,Puebla en Linea,2024-05-18
,"San Martin
Texmelucan",0,1,0,0,Puebla Roja,2024-05-18
,,1,0,0,0,,2024-05-18
,,0,0,0,0,,2024-05-18
,Tlaola,2,1,1,0,MTP Noticias,2024-05-18
"Sinaloa
(2)",Culiacan,1,1,0,0,Noreste,2024-05-18
,Guasave,1,1,0,0,Debate,2024-05-18
"Tabasco
(1)",Comalcalco,0,1,0,0,Ahora Tabasco,2024-05-18
,,1,0,0,0,,2024-05-18
,,0,0,0,0,,2024-05-18
"Tlaxcala
(1)","San Pablo
del Monte",0,1,0,0,Quadratin,2024-05-18
,,1,0,0,0,,2024-05-18
,,0,0,0,0,,2024-05-18
"Veracruz de
Ignacio de la
Llave
(1)",Papantla,0,1,0,0,Vanguardia Veracruz,2024-05-18
,,1,0,0,0,,2024-05-18
,,0,0,0,0,,2024-05-18
"Zacatecas
(1)",Zacatecas,0,0,0,1,NTR Zacatecas,2024-05-18
,,1,0,0,0,,2024-05-18
,,0,0,0,0,,2024-05-18
Totales:,,56,48,4,4,,2024-05-18
