Entidad,Municipio,Muertos,Hombre,Mujer,No Identificado,Fuente,Fecha
,,0,0,0,0,,2024-04-10
,,0,0,0,0,,2024-04-10
,,0,0,0,0,,2024-04-10
"Baja California
(10)",Tecate,0,1,0,0,"Zeta
Tijuana",2024-04-10
,,1,0,0,0,,2024-04-10
,,0,0,0,0,,2024-04-10
,Tijuana,4,4,0,0,AFN Tijuana,2024-04-10
,Tijuana,0,0,0,2,"Alfredoalvar
ez.mx",2024-04-10
,,2,0,0,0,,2024-04-10
,,0,0,0,0,,2024-04-10
,Tijuana,0,0,1,0,"Guardia
Nocturna",2024-04-10
,,1,0,0,0,,2024-04-10
,,0,0,0,0,,2024-04-10
,Tijuana,0,1,0,0,"Uniradio
Informa",2024-04-10
,,1,0,0,0,,2024-04-10
,,0,0,0,0,,2024-04-10
,Tijuana,0,0,0,1,"Uniradio
Informa",2024-04-10
,,1,0,0,0,,2024-04-10
,,0,0,0,0,,2024-04-10
"Campeche
(1)",Escarcega,0,1,0,0,"La I
Campeche",2024-04-10
,,1,0,0,0,,2024-04-10
,,0,0,0,0,,2024-04-10
"Chiapas
(3)","Benemerito de
las Americas",0,0,0,1,"Diario del
Sur",2024-04-10
,,1,0,0,0,,2024-04-10
,,0,0,0,0,,2024-04-10
,"Ocozocoautla de
Espinosa",0,2,0,0,"Despertar
del Sur",2024-04-10
,,2,0,0,0,,2024-04-10
,,0,0,0,0,,2024-04-10
"Chihuahua
(1)",Juarez,0,0,1,0,"Norte de
Ciudad
Juarez",2024-04-10
,,1,0,0,0,,2024-04-10
,,0,0,0,0,,2024-04-10
"Ciudad de
Mexico
(4)",Alvaro Obregon,1,1,0,0,Tribuna,2024-04-10
,Azcapotzalco,1,1,0,0,La Prensa,2024-04-10
,Xochimilco,0,2,0,0,"El
Financiero",2024-04-10
,,2,0,0,0,,2024-04-10
,,0,0,0,0,,2024-04-10
"Coahuila de
Zaragoza
(1)",Torreon,0,1,0,0,"El Siglo de
Torreon",2024-04-10
,,1,0,0,0,,2024-04-10
,,0,0,0,0,,2024-04-10
"Colima
(2)",Villa de Alvarez,1,1,0,0,AFmedios,2024-04-10
,Villa de Alvarez,1,1,0,0,Avanzada,2024-04-10
"Guanajuato
(9)",Acambaro,0,1,0,0,"El Sol del
Bajio",2024-04-10
,,1,0,0,0,,2024-04-10
,,0,0,0,0,,2024-04-10
,Celaya,0,1,0,0,"El Sol del
Bajio",2024-04-10
,,1,0,0,0,,2024-04-10
,,0,0,0,0,,2024-04-10
,Celaya,0,1,0,0,"Periodico
Correo",2024-04-10
,,1,0,0,0,,2024-04-10
,,0,0,0,0,,2024-04-10
,Irapuato,2,1,1,0,AM,2024-04-10
,Leon,0,0,1,0,"Periodico
Correo",2024-04-10
,,1,0,0,0,,2024-04-10
,,0,0,0,0,,2024-04-10
,Salvatierra,0,1,0,0,"Periodico
Correo",2024-04-10
,,1,0,0,0,,2024-04-10
,,0,0,0,0,,2024-04-10
,"San Miguel de
Allende",0,1,0,0,AM,2024-04-10
,,1,0,0,0,,2024-04-10
,,0,0,0,0,,2024-04-10
,Villagran,0,1,0,0,"Informativo
Agora",2024-04-10
,,1,0,0,0,,2024-04-10
,,0,0,0,0,,2024-04-10
"Guerrero
(2)","Acapulco de
Juarez",0,1,0,0,El Sur,2024-04-10
,,1,0,0,0,,2024-04-10
,,0,0,0,0,,2024-04-10
,Marquelia,1,1,0,0,Quadratin,2024-04-10
"Jalisco
(5)",Guadalajara,0,1,0,0,"El
Occidental",2024-04-10
,,1,0,0,0,,2024-04-10
,,0,0,0,0,,2024-04-10
,Puerto Vallarta,1,1,0,0,El Universal,2024-04-10
,"Tlajomulco de
Zuniga",0,0,1,0,"Guardia
Nocturna",2024-04-10
,,1,0,0,0,,2024-04-10
,,0,0,0,0,,2024-04-10
,Tonala,0,1,0,0,"Guardia
Nocturna",2024-04-10
,,1,0,0,0,,2024-04-10
,,0,0,0,0,,2024-04-10
,Zapopan,1,1,0,0,TV Azteca,2024-04-10
"Michoacan de
Ocampo
(7)",Apatzingan,1,1,0,0,Quadratin,2024-04-10
,Charo,1,0,0,1,Mi Morelia,2024-04-10
,Zinapecuaro,0,5,0,0,"La Voz de
Michoacan",2024-04-10
,,5,0,0,0,,2024-04-10
,,0,0,0,0,,2024-04-10
"Morelos
(7)",Cuernavaca,0,1,0,0,"La Union de
Morelos",2024-04-10
,,1,0,0,0,,2024-04-10
,,0,0,0,0,,2024-04-10
,Jojutla,2,2,0,0,TV Azteca,2024-04-10
,"Tlaltizapan de
Zapata",0,1,0,0,"Diario de
Morelos",2024-04-10
,,1,0,0,0,,2024-04-10
,,0,0,0,0,,2024-04-10
,"Tlaltizapan de
Zapata",0,0,0,2,"La Cronica
de Morelos",2024-04-10
,,2,0,0,0,,2024-04-10
,,0,0,0,0,,2024-04-10
,"Tlaltizapan de
Zapata",0,1,0,0,Sin Linea,2024-04-10
,,1,0,0,0,,2024-04-10
,,0,0,0,0,,2024-04-10
"Nuevo Leon
(1)",Juarez,0,1,0,0,Telediario,2024-04-10
,,1,0,0,0,,2024-04-10
,,0,0,0,0,,2024-04-10
"Oaxaca
(4)","Juchitan de
Zaragoza",0,1,0,0,El Imparcial,2024-04-10
,,1,0,0,0,,2024-04-10
,,0,0,0,0,,2024-04-10
,"Miahuatlan de
Porfirio Diaz",0,1,0,0,"El Pinero de
la Cuenca",2024-04-10
,,1,0,0,0,,2024-04-10
,,0,0,0,0,,2024-04-10
,"Oaxaca de
Juarez",0,1,1,0,"Entidad
Oaxaca",2024-04-10
,,2,0,0,0,,2024-04-10
,,0,0,0,0,,2024-04-10
"Puebla
(3)",Ahuacatlan,0,0,0,1,"Periodico
Central",2024-04-10
,,1,0,0,0,,2024-04-10
,,0,0,0,0,,2024-04-10
,Tehuitzingo,1,1,0,0,El Universal,2024-04-10
,Xicotepec,0,0,0,1,"Periodico
Central",2024-04-10
,,1,0,0,0,,2024-04-10
,,0,0,0,0,,2024-04-10
Quintana Roo (2),Solidaridad,0,0,1,0,"Punto de
Quiebre",2024-04-10
,,1,0,0,0,,2024-04-10
,,0,0,0,0,,2024-04-10
,Solidaridad,0,0,0,1,"Quintana
Roo Hoy",2024-04-10
,,1,0,0,0,,2024-04-10
,,0,0,0,0,,2024-04-10
"Sinaloa
(1)",Culiacan,0,1,0,0,Debate,2024-04-10
,,1,0,0,0,,2024-04-10
,,0,0,0,0,,2024-04-10
"Sonora
(1)",Hermosillo,0,1,0,0,"Uniradio
Informa",2024-04-10
,,1,0,0,0,,2024-04-10
,,0,0,0,0,,2024-04-10
"Tabasco
(2)",Comalcalco,1,0,1,0,XEVT,2024-04-10
,Paraiso,0,0,1,0,"El Heraldo
de Tabasco",2024-04-10
,,1,0,0,0,,2024-04-10
,,0,0,0,0,,2024-04-10
"Tamaulipas
(1)",Altamira,0,1,0,0,La Tarde,2024-04-10
,,1,0,0,0,,2024-04-10
,,0,0,0,0,,2024-04-10
"Veracruz de
Ignacio de la
Llave
(3)","San Andres
Tuxtla",0,1,2,0,"Oliva
Noticias",2024-04-10
,,3,0,0,0,,2024-04-10
,,0,0,0,0,,2024-04-10
Totales:,,70,49,11,10,,2024-04-10
