Entidad,Municipio,Muertos,Hombre,Mujer,No Identificado,Fuente,Fecha
,,0,0,0,0,,2024-06-04
,,0,0,0,0,,2024-06-04
,,0,0,0,0,,2024-06-04
"Baja California
(9)",Tijuana,1,0,1,0,El Imparcial,2024-06-04
,Tijuana,1,0,1,0,El Mexicano,2024-06-04
,Tijuana,1,0,0,1,Sintesis TV,2024-06-04
,Tijuana,0,0,1,0,"Uniradio
Informa",2024-06-04
,,1,0,0,0,,2024-06-04
,,0,0,0,0,,2024-06-04
,Tijuana,0,0,0,1,"Uniradio
Informa",2024-06-04
,,1,0,0,0,,2024-06-04
,,0,0,0,0,,2024-06-04
,Tijuana,0,1,0,0,"Uniradio
Informa",2024-06-04
,,1,0,0,0,,2024-06-04
,,0,0,0,0,,2024-06-04
,Tijuana,0,1,0,0,"Uniradio
Informa",2024-06-04
,,1,0,0,0,,2024-06-04
,,0,0,0,0,,2024-06-04
,Tijuana,0,0,1,0,"Uniradio
Informa",2024-06-04
,,1,0,0,0,,2024-06-04
,,0,0,0,0,,2024-06-04
,Tijuana,0,0,0,1,"Uniradio
Informa",2024-06-04
,,1,0,0,0,,2024-06-04
,,0,0,0,0,,2024-06-04
"Chiapas
(1)","Chiapa de
Corzo",0,1,0,0,Foro Coatza,2024-06-04
,,1,0,0,0,,2024-06-04
,,0,0,0,0,,2024-06-04
"Chihuahua
(8)",Cuauhtemoc,0,1,0,0,"El Diario de
Chihuahua",2024-06-04
,,1,0,0,0,,2024-06-04
,,0,0,0,0,,2024-06-04
,"Guadalupe y
Calvo",0,3,0,0,"El heraldo de
Chihuahua",2024-06-04
,,3,0,0,0,,2024-06-04
,,0,0,0,0,,2024-06-04
,Juarez,2,2,0,0,El Heraldo,2024-06-04
,Juarez,0,1,0,0,"La Opcion de
Chihuahua",2024-06-04
,,1,0,0,0,,2024-06-04
,,0,0,0,0,,2024-06-04
,Juarez,0,1,0,0,"La Opcion de
Chihuahua",2024-06-04
,,1,0,0,0,,2024-06-04
,,0,0,0,0,,2024-06-04
"Ciudad de
Mexico
(2)",Cuauhtemoc,1,1,0,0,Milenio,2024-06-04
,Iztapalapa,0,1,0,0,La Prensa,2024-06-04
,,1,0,0,0,,2024-06-04
,,0,0,0,0,,2024-06-04
"Colima
(5)",Colima,1,1,0,0,Colima Noticias,2024-06-04
,Cuauhtemoc,1,1,0,0,Colima Noticias,2024-06-04
,Manzanillo,1,1,0,0,AFmedios,2024-06-04
,Manzanillo,1,1,0,0,Colima Noticias,2024-06-04
,Manzanillo,1,1,0,0,Colima Noticias,2024-06-04
"Durango
(1)",Durango,0,1,0,0,"El Siglo de
Durango",2024-06-04
,,1,0,0,0,,2024-06-04
,,0,0,0,0,,2024-06-04
"Guanajuato
(9)",Abasolo,1,0,1,0,Periodico Correo,2024-06-04
,Abasolo,1,1,0,0,Periodico Correo,2024-06-04
,Apaseo el Alto,1,1,0,0,El Sol del Bajio,2024-06-04
,Cortazar,1,1,0,0,Periodico Correo,2024-06-04
,Irapuato,1,1,0,0,Pagina Central,2024-06-04
,Leon,1,1,0,0,Periodico Correo,2024-06-04
,Salvatierra,1,0,1,0,El Sol del Bajio,2024-06-04
,Salvatierra,1,1,0,0,Periodico Correo,2024-06-04
,Salvatierra,1,0,1,0,TV Azteca,2024-06-04
"Guerrero
(6)","Acapulco de
Juarez",0,1,0,0,El Sur,2024-06-04
,,1,0,0,0,,2024-06-04
,,0,0,0,0,,2024-06-04
,"Acapulco de
Juarez",0,1,0,0,"Quadratin
Guerrero",2024-06-04
,,1,0,0,0,,2024-06-04
,,0,0,0,0,,2024-06-04
,"Acapulco de
Juarez",0,2,0,0,"Quadratin
Guerrero",2024-06-04
,,2,0,0,0,,2024-06-04
,,0,0,0,0,,2024-06-04
,Pilcaya,0,2,0,0,"Agencia de
Noticias
Guerrero",2024-06-04
,,2,0,0,0,,2024-06-04
,,0,0,0,0,,2024-06-04
"Hidalgo
(1)",Tizayuca,0,1,0,0,La Silla Rota,2024-06-04
,,1,0,0,0,,2024-06-04
,,0,0,0,0,,2024-06-04
"Jalisco
(3)",Arandas,0,2,0,0,"Lider
Informativo 91.9
FM",2024-06-04
,,2,0,0,0,,2024-06-04
,,0,0,0,0,,2024-06-04
,Guadalajara,0,0,1,0,"Uniradio
Informa",2024-06-04
,,1,0,0,0,,2024-06-04
,,0,0,0,0,,2024-06-04
"Mexico
(1)","Naucalpan de
Juarez",0,1,0,0,La Prensa,2024-06-04
,,1,0,0,0,,2024-06-04
,,0,0,0,0,,2024-06-04
"Michoacan de
Ocampo
(3)",Cotija,2,1,1,0,La Silla Rota,2024-06-04
,Uruapan,0,1,0,0,"La Voz de
Michoacan",2024-06-04
,,1,0,0,0,,2024-06-04
,,0,0,0,0,,2024-06-04
"Morelos
(4)",Amacuzac,1,1,0,0,Sin Linea,2024-06-04
,Coatetelco,1,1,0,0,La Cronica,2024-06-04
,Temixco,0,1,0,0,"La Union de
Morelos",2024-06-04
,,1,0,0,0,,2024-06-04
,,0,0,0,0,,2024-06-04
,Temixco,1,0,1,0,TV Azteca,2024-06-04
"Nuevo Leon
(1)","San Pedro
Garza Garcia",0,1,0,0,Telediario,2024-06-04
,,1,0,0,0,,2024-06-04
,,0,0,0,0,,2024-06-04
"Puebla
(2)",Huejotzingo,0,0,1,0,"Municipios
Puebla",2024-06-04
,,1,0,0,0,,2024-06-04
,,0,0,0,0,,2024-06-04
,"San Martin
Texmelucan",0,1,0,0,e-consulta,2024-06-04
,,1,0,0,0,,2024-06-04
,,0,0,0,0,,2024-06-04
"Quintana Roo
(2)",Benito Juarez,1,1,0,0,Noticaribe,2024-06-04
,Benito Juarez,0,0,0,1,"Quintana Roo
Hoy",2024-06-04
,,1,0,0,0,,2024-06-04
,,0,0,0,0,,2024-06-04
"San Luis Potosi
(1)",San Luis Potosi,0,1,0,0,Antena San Luis,2024-06-04
,,1,0,0,0,,2024-06-04
,,0,0,0,0,,2024-06-04
"Sinaloa
(4)",Culiacan,0,1,0,0,"EL Sol de
Sinaloa",2024-06-04
,,1,0,0,0,,2024-06-04
,,0,0,0,0,,2024-06-04
,Culiacan,1,1,0,0,La Razon,2024-06-04
,Culiacan,1,1,0,0,Reflectores MX,2024-06-04
,Navolato,1,1,0,0,Rio Doce,2024-06-04
"Sonora
(1)",Cajeme,0,1,0,0,Tribuna,2024-06-04
,,1,0,0,0,,2024-06-04
,,0,0,0,0,,2024-06-04
"Tabasco
(2)",Teapa,0,1,0,0,"El Heraldo de
Tabasco",2024-06-04
,,1,0,0,0,,2024-06-04
,,0,0,0,0,,2024-06-04
,Teapa,1,1,0,0,Twitter,2024-06-04
"Tamaulipas
(2)",Reynosa,0,1,0,0,"Dia a Dia
Tamaulipas",2024-06-04
,,1,0,0,0,,2024-06-04
,,0,0,0,0,,2024-06-04
,Reynosa,0,1,0,0,"El Manana de
Reynosa",2024-06-04
,,1,0,0,0,,2024-06-04
,,0,0,0,0,,2024-06-04
"Tlaxcala
(1)",Hueyotlipan,0,0,1,0,e-consulta,2024-06-04
,,1,0,0,0,,2024-06-04
,,0,0,0,0,,2024-06-04
"Veracruz de
Ignacio de la
Llave
(1)",Coatzacoalcos,0,1,0,0,"Vanguardia
Veracruz",2024-06-04
,,1,0,0,0,,2024-06-04
,,0,0,0,0,,2024-06-04
Totales:,,70,54,12,4,,2024-06-04
