Entidad,Municipio,Muertos,Hombre,Mujer,No Identificado,Fuente,Fecha
,,0,0,0,0,,2024-08-14
,,0,0,0,0,,2024-08-14
,,0,0,0,0,,2024-08-14
"Baja
California
(14)",Ensenada,1,0,0,1,Zeta Tijuana,2024-08-14
,Ensenada,1,0,0,1,Zeta Tijuana,2024-08-14
,Ensenada,1,1,0,0,Zeta Tijuana,2024-08-14
,Mexicali,1,0,1,0,Alfredoalvarez.mx,2024-08-14
,Tijuana,1,1,0,0,AFN Tijuana,2024-08-14
,Tijuana,1,1,0,0,El Imparcial,2024-08-14
,Tijuana,2,2,0,0,La Jornada,2024-08-14
,Tijuana,1,0,0,1,TV Azteca,2024-08-14
,Tijuana,1,1,0,0,Uniradio Informa,2024-08-14
,Tijuana,3,3,0,0,Uniradio Informa,2024-08-14
,Tijuana,1,1,0,0,Uniradio Informa,2024-08-14
"Chiapas
(2)",Tapachula,1,1,0,0,Diario del Sur,2024-08-14
,Tapachula,1,1,0,0,Diario del Sur,2024-08-14
"Chihuahua
(5)",Balleza,1,1,0,0,El Diario de Chihuahua,2024-08-14
,Chihuahua,1,0,1,0,La Opcion de Chihuahua,2024-08-14
,Cuauhtemoc,1,1,0,0,El Diario de Chihuahua,2024-08-14
,Cuauhtemoc,1,1,0,0,El Diario de Chihuahua,2024-08-14
,Juarez,1,1,0,0,La Opcion,2024-08-14
"Guanajuato
(11)",Celaya,1,1,0,0,Informativo Agora,2024-08-14
,Celaya,2,1,1,0,Periodico Correo,2024-08-14
,Celaya,1,1,0,0,Periodico Correo,2024-08-14
,Salamanca,1,1,0,0,El Sol de Salamanca,2024-08-14
,Salamanca,2,2,0,0,El Sol de Salamanca,2024-08-14
,Salvatierra,1,1,0,0,Periodico Correo,2024-08-14
,"San Francisco
del Rincon",0,1,0,0,AM,2024-08-14
,,1,0,0,0,,2024-08-14
,,0,0,0,0,,2024-08-14
,"San Miguel de
Allende",0,1,0,0,AM,2024-08-14
,,1,0,0,0,,2024-08-14
,,0,0,0,0,,2024-08-14
,"Santa Cruz de
Juventino
Rosas",0,1,0,0,Periodico Correo,2024-08-14
,,1,0,0,0,,2024-08-14
,,0,0,0,0,,2024-08-14
"Guerrero
(7)","Acapulco de
Juarez",0,1,0,0,El Sol de Acapulco,2024-08-14
,,1,0,0,0,,2024-08-14
,,0,0,0,0,,2024-08-14
,"Acapulco de
Juarez",0,1,0,0,Quadratin,2024-08-14
,,1,0,0,0,,2024-08-14
,,0,0,0,0,,2024-08-14
,"Acapulco de
Juarez",0,1,0,0,Quadratin Guerrero,2024-08-14
,,1,0,0,0,,2024-08-14
,,0,0,0,0,,2024-08-14
,"Acapulco de
Juarez",0,1,0,0,Sur Acapulco,2024-08-14
,,1,0,0,0,,2024-08-14
,,0,0,0,0,,2024-08-14
,Benito Juarez,1,1,0,0,Quadratin,2024-08-14
,"Chilpancingo
de los Bravo",0,1,0,0,Quadratin Guerrero,2024-08-14
,,1,0,0,0,,2024-08-14
,,0,0,0,0,,2024-08-14
,"Tixtla de
Guerrero",0,1,0,0,"Agencia de Noticias
Guerrero",2024-08-14
,,1,0,0,0,,2024-08-14
,,0,0,0,0,,2024-08-14
"Hidalgo
(1)",Tizayuca,0,0,0,1,Milenio,2024-08-14
,,1,0,0,0,,2024-08-14
,,0,0,0,0,,2024-08-14
"Jalisco
(2)",Puerto Vallarta,1,1,0,0,Tribuna de la Bahia,2024-08-14
,"Tlajomulco de
Zuniga",0,1,0,0,Guardia Nocturna,2024-08-14
,,1,0,0,0,,2024-08-14
,,0,0,0,0,,2024-08-14
"Mexico
(2)",Tianguistenco,0,2,0,0,TV Azteca,2024-08-14
,,2,0,0,0,,2024-08-14
,,0,0,0,0,,2024-08-14
"Michoacan
de
Ocampo
(3)",Morelia,1,1,0,0,Mi Morelia,2024-08-14
,Uruapan,0,1,0,0,"Grupo Marmor
Multimedios",2024-08-14
,,1,0,0,0,,2024-08-14
,,0,0,0,0,,2024-08-14
,Zamora,1,1,0,0,Noventa Grados,2024-08-14
"Morelos
(5)",Ayala,1,1,0,0,La Union de Morelos,2024-08-14
,"Emiliano
Zapata",0,1,0,0,La Union de Morelos,2024-08-14
,,1,0,0,0,,2024-08-14
,,0,0,0,0,,2024-08-14
,Jiutepec,2,2,0,0,Central de Noticias,2024-08-14
,Mazatepec,1,1,0,0,Central de Noticias,2024-08-14
"Nuevo
Leon
(2)",Guadalupe,1,1,0,0,El Porvenir,2024-08-14
,Montemorelos,0,1,0,0,Telediario,2024-08-14
,,1,0,0,0,,2024-08-14
,,0,0,0,0,,2024-08-14
"Puebla
(2)",Puebla,1,1,0,0,Los Noticieristas,2024-08-14
,Tehuacan,1,1,0,0,Municipios Puebla,2024-08-14
"Sinaloa
(2)",Culiacan,1,1,0,0,Debate,2024-08-14
,Culiacan,1,1,0,0,Vivavoz,2024-08-14
"Tamaulipas
(6)",Reynosa,1,1,0,0,El Manana de Reynosa,2024-08-14
,Reynosa,1,1,0,0,Hoy Tamaulipas,2024-08-14
,San Fernando,4,4,0,0,Voces de Morelos,2024-08-14
"Tlaxcala
(2)","Mazatecochco
de Jose Maria
Morelos",0,0,0,1,Gentlx,2024-08-14
,,1,0,0,0,,2024-08-14
,,0,0,0,0,,2024-08-14
,"Tepetitla de
Lardizabal",0,1,0,0,Los Noticieristas,2024-08-14
,,1,0,0,0,,2024-08-14
,,0,0,0,0,,2024-08-14
"Zacatecas
(2)",Fresnillo,1,1,0,0,NTR Zacatecas,2024-08-14
,Zacatecas,1,1,0,0,NTR Zacatecas,2024-08-14
Totales:,,68,60,3,5,,2024-08-14
