Entidad,Municipio,Muertos,Hombre,Mujer,No Identificado,Fuente,Fecha
,,0,0,0,0,,2024-06-06
,,0,0,0,0,,2024-06-06
,,0,0,0,0,,2024-06-06
"Baja
California
(7)",Tecate,2,0,2,0,Zeta Tijuana,2024-06-06
,Tijuana,1,1,0,0,AFN Tijuana,2024-06-06
,Tijuana,1,1,0,0,El Sol de Tijuana,2024-06-06
,Tijuana,1,1,0,0,El Sol de Tijuana,2024-06-06
,Tijuana,1,1,0,0,Uniradio Informa,2024-06-06
,Tijuana,1,0,0,1,Uniradio Informa,2024-06-06
"Chiapas
(4)",La Concordia,1,1,0,0,Plano Informativo,2024-06-06
,Suchiate,1,0,0,1,Diario del Sur,2024-06-06
,Tila,2,2,0,0,Chiapas Paralelo,2024-06-06
"Chihuahua
(6)",Chihuahua,1,0,1,0,La Opcion de Chihuahua,2024-06-06
,Juarez,1,1,0,0,El Diario de Chihuahua,2024-06-06
,Juarez,1,0,0,1,La Opcion de Chihuahua,2024-06-06
,Juarez,1,1,0,0,La Opcion de Chihuahua,2024-06-06
,Juarez,1,0,0,1,La Polaka,2024-06-06
,Madera,1,1,0,0,Notigram,2024-06-06
"Ciudad de
Mexico
(2)",Azcapotzalco,1,0,1,0,La Prensa,2024-06-06
,Iztapalapa,0,1,0,0,N+,2024-06-06
,,1,0,0,0,,2024-06-06
,,0,0,0,0,,2024-06-06
"Coahuila
de
Zaragoza
(1)",Torreon,0,1,0,0,El Siglo de Torreon,2024-06-06
,,1,0,0,0,,2024-06-06
,,0,0,0,0,,2024-06-06
"Colima
(1)",Colima,0,1,0,0,Colima Noticias,2024-06-06
,,1,0,0,0,,2024-06-06
,,0,0,0,0,,2024-06-06
"Guanajuato
(16)",Celaya,1,1,0,0,Celaya News,2024-06-06
,Celaya,1,0,1,0,Noventa Grados,2024-06-06
,Irapuato,1,1,0,0,Periodico Correo,2024-06-06
,Leon,1,1,0,0,El Sol de Leon,2024-06-06
,Leon,1,1,0,0,El Sol de Leon,2024-06-06
,Leon,1,0,1,0,Periodico Correo,2024-06-06
,Leon,1,0,0,1,Periodico Correo,2024-06-06
,Leon,2,2,0,0,Periodico Correo,2024-06-06
,Leon,2,2,0,0,TV Azteca,2024-06-06
,"San Francisco
del Rincon",0,2,0,0,Periodico Correo,2024-06-06
,,2,0,0,0,,2024-06-06
,,0,0,0,0,,2024-06-06
,"San Luis de la
Paz",0,2,0,0,Periodico Correo,2024-06-06
,,2,0,0,0,,2024-06-06
,,0,0,0,0,,2024-06-06
,Yuriria,1,1,0,0,Periodico Correo,2024-06-06
"Guerrero
(6)","Acapulco de
Juarez",0,1,0,0,El Sur,2024-06-06
,,1,0,0,0,,2024-06-06
,,0,0,0,0,,2024-06-06
,"Acapulco de
Juarez",0,1,0,0,El Sur,2024-06-06
,,1,0,0,0,,2024-06-06
,,0,0,0,0,,2024-06-06
,"Acapulco de
Juarez",0,1,0,0,El Sur,2024-06-06
,,1,0,0,0,,2024-06-06
,,0,0,0,0,,2024-06-06
,"Acapulco de
Juarez",0,1,0,0,Quadratin Guerrero,2024-06-06
,,1,0,0,0,,2024-06-06
,,0,0,0,0,,2024-06-06
,"Chilpancingo
de los Bravo",0,1,0,0,Milenio,2024-06-06
,,1,0,0,0,,2024-06-06
,,0,0,0,0,,2024-06-06
,"Iguala de la
Independencia",0,1,0,0,Quadratin Guerrero,2024-06-06
,,1,0,0,0,,2024-06-06
,,0,0,0,0,,2024-06-06
"Jalisco
(4)",Guadalajara,1,1,0,0,Guardia Nocturna,2024-06-06
,Guadalajara,1,0,0,1,Telediario,2024-06-06
,"Lagos de
Moreno",0,0,1,0,Lider Informativo 91.9 FM,2024-06-06
,,1,0,0,0,,2024-06-06
,,0,0,0,0,,2024-06-06
,"Tlajomulco de
Zuniga",0,1,0,0,Guardia Nocturna,2024-06-06
,,1,0,0,0,,2024-06-06
,,0,0,0,0,,2024-06-06
"Mexico
(3)","Almoloya de
Juarez",0,1,0,0,"A Fondo Estado de
Mexico",2024-06-06
,,1,0,0,0,,2024-06-06
,,0,0,0,0,,2024-06-06
,"Cuautitlan
Izcalli",0,1,0,0,Reforma,2024-06-06
,,1,0,0,0,,2024-06-06
,,0,0,0,0,,2024-06-06
,La Paz,0,1,0,0,"Reporteros en
Movimiento",2024-06-06
,,1,0,0,0,,2024-06-06
,,0,0,0,0,,2024-06-06
"Michoacan
de Ocampo
(9)",Aquila,5,0,0,5,La Voz de Michoacan,2024-06-06
,Jacona,1,1,0,0,Noventa Grados,2024-06-06
,Uruapan,1,1,0,0,CB Television,2024-06-06
,Uruapan,1,1,0,0,La Voz de Michoacan,2024-06-06
,Uruapan,1,1,0,0,Noventa Grados,2024-06-06
"Nuevo
Leon
(6)",Garcia,2,2,0,0,Telediario,2024-06-06
,"General
Escobedo",0,2,0,0,El Norte,2024-06-06
,,2,0,0,0,,2024-06-06
,,0,0,0,0,,2024-06-06
,Monterrey,1,0,0,1,Posta,2024-06-06
,Monterrey,1,1,0,0,Telediario,2024-06-06
"Quintana
Roo
(2)",Benito Juarez,0,1,1,0,Quadratin,2024-06-06
,,2,0,0,0,,2024-06-06
,,0,0,0,0,,2024-06-06
"San Luis
Potosi
(1)",Villa de Ramos,0,1,0,0,Pulso San Luis Potosi,2024-06-06
,,1,0,0,0,,2024-06-06
,,0,0,0,0,,2024-06-06
"Sinaloa
(2)",Culiacan,1,1,0,0,Linea Directa,2024-06-06
,Culiacan,1,0,0,1,Noreste,2024-06-06
"Sonora
(1)","San Luis Rio
Colorado",0,0,1,0,El Imparcial,2024-06-06
,,1,0,0,0,,2024-06-06
,,0,0,0,0,,2024-06-06
"Tabasco
(2)",Cardenas,0,2,0,0,Tabasco Hoy,2024-06-06
,,2,0,0,0,,2024-06-06
,,0,0,0,0,,2024-06-06
"Tamaulipas
(1)",Reynosa,0,0,0,1,Hoy Tamaulipas,2024-06-06
,,1,0,0,0,,2024-06-06
,,0,0,0,0,,2024-06-06
"Veracruz
de Ignacio
de la Llave
(2)",Coatzintla,0,1,1,0,e-veracruz,2024-06-06
,,2,0,0,0,,2024-06-06
,,0,0,0,0,,2024-06-06
Totales:,,76,52,10,14,,2024-06-06
