Entidad,Municipio,Muertos,Hombre,Mujer,No Identificado,Fuente,Fecha
,,0,0,0,0,,2024-07-15
,,0,0,0,0,,2024-07-15
,,0,0,0,0,,2024-07-15
"Baja
California
(7)",Tijuana,1,1,0,0,Alfredoalvarez.mx,2024-07-15
,Tijuana,1,1,0,0,El Imparcial,2024-07-15
,Tijuana,1,0,0,1,Uniradio Informa,2024-07-15
,Tijuana,1,0,0,1,Uniradio Informa,2024-07-15
,Tijuana,1,1,0,0,Uniradio Informa,2024-07-15
,Tijuana,1,1,0,0,Zeta Tijuana,2024-07-15
,Tijuana,1,1,0,0,Zeta Tijuana,2024-07-15
"Chiapas
(3)","Cintalapa de
Figueroa",0,1,0,0,Diario de Chiapas,2024-07-15
,,1,0,0,0,,2024-07-15
,,0,0,0,0,,2024-07-15
,Tapachula,1,1,0,0,Diario del Sur,2024-07-15
,"Tuxtla
Gutierrez",0,0,1,0,Telediario,2024-07-15
,,1,0,0,0,,2024-07-15
,,0,0,0,0,,2024-07-15
"Chihuahua
(2)",Chihuahua,0,0,1,0,"La Opcion de
Chihuahua",2024-07-15
,,1,0,0,0,,2024-07-15
,,0,0,0,0,,2024-07-15
,Juarez,0,0,1,0,"La Opcion de
Chihuahua",2024-07-15
,,1,0,0,0,,2024-07-15
,,0,0,0,0,,2024-07-15
"Ciudad de
Mexico
(2)",Cuauhtemoc,1,1,0,0,Impacto Noticias,2024-07-15
,"Gustavo A.
Madero",0,1,0,0,TV Azteca,2024-07-15
,,1,0,0,0,,2024-07-15
,,0,0,0,0,,2024-07-15
"Colima
(5)",Colima,1,1,0,0,Colima al dia,2024-07-15
,Colima,1,1,0,0,Colima Noticias,2024-07-15
,Cuauhtemoc,1,1,0,0,Colima Noticias,2024-07-15
,Villa de Alvarez,1,0,1,0,AFmedios,2024-07-15
,Villa de Alvarez,1,1,0,0,Colima Noticias,2024-07-15
"Guanajuato
(7)",Celaya,1,1,0,0,Celaya News,2024-07-15
,Celaya,0,1,0,0,"Noticias
Vespertinas",2024-07-15
,,1,0,0,0,,2024-07-15
,,0,0,0,0,,2024-07-15
,Celaya,2,1,1,0,Periodico Correo,2024-07-15
,Irapuato,1,1,0,0,El Sol de Irapuato,2024-07-15
,Leon,1,1,0,0,AM,2024-07-15
,"San Francisco
del Rincon",0,0,0,1,El Sol de Leon,2024-07-15
,,1,0,0,0,,2024-07-15
,,0,0,0,0,,2024-07-15
"Guerrero
(2)","Acapulco de
Juarez",0,1,0,0,"Agencia de
Noticias Guerrero",2024-07-15
,,1,0,0,0,,2024-07-15
,,0,0,0,0,,2024-07-15
,"Acapulco de
Juarez",0,1,0,0,El Sol de Acapulco,2024-07-15
,,1,0,0,0,,2024-07-15
,,0,0,0,0,,2024-07-15
"Hidalgo
(1)","Pachuca de
Soto",0,0,0,1,Criterio Hidalgo,2024-07-15
,,1,0,0,0,,2024-07-15
,,0,0,0,0,,2024-07-15
"Jalisco
(3)",Puerto Vallarta,1,1,0,0,Diario del Sur,2024-07-15
,"San Pedro
Tlaquepaque",0,1,0,0,Guardia Nocturna,2024-07-15
,,1,0,0,0,,2024-07-15
,,0,0,0,0,,2024-07-15
,Zapopan,1,0,0,1,Notisistema,2024-07-15
"Mexico
(3)","Ecatepec de
Morelos",0,1,0,0,La Prensa,2024-07-15
,,1,0,0,0,,2024-07-15
,,0,0,0,0,,2024-07-15
,Tenancingo,1,1,0,0,Plano Informativo,2024-07-15
,"Valle de Chalco
Solidaridad",0,1,0,0,La Prensa,2024-07-15
,,1,0,0,0,,2024-07-15
,,0,0,0,0,,2024-07-15
"Michoacan
de Ocampo
(1)",Uruapan,0,1,0,0,Noventa Grados,2024-07-15
,,1,0,0,0,,2024-07-15
,,0,0,0,0,,2024-07-15
"Morelos
(8)",Cuernavaca,0,1,0,0,"El Sol de
Cuernavaca",2024-07-15
,,1,0,0,0,,2024-07-15
,,0,0,0,0,,2024-07-15
,"Emiliano
Zapata",0,1,0,0,"La Union de
Morelos",2024-07-15
,,1,0,0,0,,2024-07-15
,,0,0,0,0,,2024-07-15
,Jiutepec,0,1,0,0,"La Union de
Morelos",2024-07-15
,,1,0,0,0,,2024-07-15
,,0,0,0,0,,2024-07-15
,Temixco,1,1,0,0,Punto por Punto,2024-07-15
,"Tlaltizapan de
Zapata",0,2,0,0,"Linea Caliente
Noticias",2024-07-15
,,2,0,0,0,,2024-07-15
,,0,0,0,0,,2024-07-15
,Tlayacapan,0,1,0,0,"La Union de
Morelos",2024-07-15
,,1,0,0,0,,2024-07-15
,,0,0,0,0,,2024-07-15
,Xoxocotla,0,1,0,0,"La Cronica de
Morelos",2024-07-15
,,1,0,0,0,,2024-07-15
,,0,0,0,0,,2024-07-15
"Nuevo Leon
(3)",Apodaca,1,1,0,0,Telediario,2024-07-15
,Garcia,1,1,0,0,Telediario,2024-07-15
,Monterrey,1,0,1,0,Telediario,2024-07-15
"Oaxaca
(1)","San Pedro
Mixtepec (22)",0,1,0,0,El Imparcial,2024-07-15
,,1,0,0,0,,2024-07-15
,,0,0,0,0,,2024-07-15
"Puebla
(1)",Huaquechula,0,0,1,0,El Sol de Puebla,2024-07-15
,,1,0,0,0,,2024-07-15
,,0,0,0,0,,2024-07-15
"Quintana
Roo
(4)",Benito Juarez,1,1,0,0,Marcrix Noticias,2024-07-15
,Benito Juarez,1,1,0,0,Meganoticias,2024-07-15
,Benito Juarez,1,1,0,0,Sipse,2024-07-15
,"Jose Maria
Morelos",0,1,0,0,Noticaribe,2024-07-15
,,1,0,0,0,,2024-07-15
,,0,0,0,0,,2024-07-15
"San Luis
Potosi
(1)",San Luis Potosi,0,1,0,0,"Pulso San Luis
Potosi",2024-07-15
,,1,0,0,0,,2024-07-15
,,0,0,0,0,,2024-07-15
"Sinaloa
(2)",Culiacan,0,2,0,0,EL Sol de Sinaloa,2024-07-15
,,2,0,0,0,,2024-07-15
,,0,0,0,0,,2024-07-15
"Sonora
(1)",Cajeme,0,0,0,1,Diario del Yaqui,2024-07-15
,,1,0,0,0,,2024-07-15
,,0,0,0,0,,2024-07-15
"Tabasco
(1)",Centro,0,1,0,0,Tabasco Hoy,2024-07-15
,,1,0,0,0,,2024-07-15
,,0,0,0,0,,2024-07-15
"Tamaulipas
(2)",Reynosa,1,1,0,0,Hoy Tamaulipas,2024-07-15
,Tampico,1,1,0,0,La Tarde,2024-07-15
"Tlaxcala
(1)",Chiautempan,0,1,0,0,Urbano Puebla,2024-07-15
,,1,0,0,0,,2024-07-15
,,0,0,0,0,,2024-07-15
"Veracruz de
Ignacio de la
Llave
(5)",Cordoba,1,1,0,0,El Sol de Cordoba,2024-07-15
,Tecolutla,1,1,0,0,Es Noticia Veracruz,2024-07-15
,Totutla,1,1,0,0,El Sol de Cordoba,2024-07-15
,Xalapa,1,1,0,0,Cronica de Xalapa,2024-07-15
,Xalapa,1,1,0,0,Imagen del Golfo,2024-07-15
"Zacatecas
(1)",Pinos,0,1,0,0,NTR Zacatecas,2024-07-15
,,1,0,0,0,,2024-07-15
,,0,0,0,0,,2024-07-15
Totales:,,67,54,7,6,,2024-07-15
