Entidad,Municipio,Muertos,Hombre,Mujer,No Identificado,Fuente,Fecha
,,0,0,0,0,,2024-06-15
,,0,0,0,0,,2024-06-15
,,0,0,0,0,,2024-06-15
"Baja California
(8)",Tecate,1,1,0,0,Uniradio Informa,2024-06-15
,Tijuana,1,1,0,0,Debate,2024-06-15
,Tijuana,1,1,0,0,Esquina 32,2024-06-15
,Tijuana,1,1,0,0,Sintesis TV,2024-06-15
,Tijuana,1,1,0,0,Uniradio Informa,2024-06-15
,Tijuana,1,1,0,0,Uniradio Informa,2024-06-15
,Tijuana,1,1,0,0,Uniradio Informa,2024-06-15
,Tijuana,1,1,0,0,Uniradio Informa,2024-06-15
"Chihuahua
(5)",Cuauhtemoc,0,1,0,0,"La Opcion de
Chihuahua",2024-06-15
,,1,0,0,0,,2024-06-15
,,0,0,0,0,,2024-06-15
,Juarez,0,1,0,0,"La Opcion de
Chihuahua",2024-06-15
,,1,0,0,0,,2024-06-15
,,0,0,0,0,,2024-06-15
,Juarez,1,1,0,0,Net Noticias,2024-06-15
,Juarez,1,1,0,0,Net Noticias,2024-06-15
,Juarez,1,1,0,0,Net Noticias,2024-06-15
"Ciudad de Mexico
(1)",Iztacalco,0,1,0,0,La Prensa,2024-06-15
,,1,0,0,0,,2024-06-15
,,0,0,0,0,,2024-06-15
"Coahuila de
Zaragoza
(1)",Torreon,0,0,1,0,Milenio,2024-06-15
,,1,0,0,0,,2024-06-15
,,0,0,0,0,,2024-06-15
"Guanajuato
(7)",Acambaro,1,1,0,0,Reporte 24QR,2024-06-15
,Celaya,1,1,0,0,Periodico Correo,2024-06-15
,Celaya,1,1,0,0,Periodico Correo,2024-06-15
,Leon,1,1,0,0,AM,2024-06-15
,Leon,1,1,0,0,Pagina Central,2024-06-15
,Tarimoro,1,1,0,0,AM,2024-06-15
,Tarimoro,1,1,0,0,AM,2024-06-15
"Guerrero
(9)","Acapulco de
Juarez",0,1,0,0,Alarma Guerrero,2024-06-15
,,1,0,0,0,,2024-06-15
,,0,0,0,0,,2024-06-15
,"Acapulco de
Juarez",0,1,0,0,Quadratin,2024-06-15
,,1,0,0,0,,2024-06-15
,,0,0,0,0,,2024-06-15
,"Acapulco de
Juarez",0,1,0,0,Sur Acapulco,2024-06-15
,,1,0,0,0,,2024-06-15
,,0,0,0,0,,2024-06-15
,"Chilpancingo
de los Bravo",0,1,0,0,Sur Acapulco,2024-06-15
,,1,0,0,0,,2024-06-15
,,0,0,0,0,,2024-06-15
,Metlatonoc,1,1,0,0,Sur Acapulco,2024-06-15
,Metlatonoc,4,4,0,0,Sur Acapulco,2024-06-15
"Hidalgo
(1)",Atitalaquia,0,1,0,0,Hora 25,2024-06-15
,,1,0,0,0,,2024-06-15
,,0,0,0,0,,2024-06-15
"Mexico
(1)","Tenango del
Valle",0,0,1,0,Quadratin,2024-06-15
,,1,0,0,0,,2024-06-15
,,0,0,0,0,,2024-06-15
"Michoacan de
Ocampo
(2)",Jacona,1,1,0,0,Noventa Grados,2024-06-15
,Paracuaro,0,1,0,0,Excelsior,2024-06-15
,,1,0,0,0,,2024-06-15
,,0,0,0,0,,2024-06-15
"Morelos
(2)",Cuernavaca,0,1,0,0,"Red Morelos
Noticias",2024-06-15
,,1,0,0,0,,2024-06-15
,,0,0,0,0,,2024-06-15
,Temixco,1,1,0,0,Diario de Morelos,2024-06-15
"Nuevo Leon
(2)",El Carmen,1,1,0,0,El Porvenir,2024-06-15
,Pesqueria,1,1,0,0,Milenio,2024-06-15
"Oaxaca
(1)","Putla Villa de
Guerrero",0,1,0,0,El Universal,2024-06-15
,,1,0,0,0,,2024-06-15
,,0,0,0,0,,2024-06-15
"Puebla
(2)",Acatzingo,0,2,0,0,"El Pinero de la
Cuenca",2024-06-15
,,2,0,0,0,,2024-06-15
,,0,0,0,0,,2024-06-15
"Quintana Roo
(3)",Benito Juarez,1,0,0,1,TVP Noticias,2024-06-15
,Cozumel,1,0,1,0,Quintana Roo Hoy,2024-06-15
,"Jose Maria
Morelos",0,1,0,0,Noticaribe,2024-06-15
,,1,0,0,0,,2024-06-15
,,0,0,0,0,,2024-06-15
"San Luis Potosi
(1)",Rayon,0,1,0,0,Codigo San Luis,2024-06-15
,,1,0,0,0,,2024-06-15
,,0,0,0,0,,2024-06-15
"Sinaloa
(4)",Culiacan,1,1,0,0,A Discusion,2024-06-15
,Culiacan,1,1,0,0,Los Noticieristas,2024-06-15
,Culiacan,1,0,0,1,Quadratin,2024-06-15
,"Salvador
Alvarado",0,1,0,0,Los Noticieristas,2024-06-15
,,1,0,0,0,,2024-06-15
,,0,0,0,0,,2024-06-15
"Sonora
(3)",Cajeme,1,1,0,0,Soy Queretaro,2024-06-15
,Guaymas,2,2,0,0,Debate,2024-06-15
"Tamaulipas
(1)",Matamoros,0,0,1,0,Hoy Tamaulipas,2024-06-15
,,1,0,0,0,,2024-06-15
,,0,0,0,0,,2024-06-15
"Veracruz de
Ignacio de la
Llave
(1)","Angel R.
Cabada",0,1,0,0,Golpe Politico,2024-06-15
,,1,0,0,0,,2024-06-15
,,0,0,0,0,,2024-06-15
"Zacatecas
(1)",Guadalupe,0,1,0,0,NTR Zacatecas,2024-06-15
,,1,0,0,0,,2024-06-15
,,0,0,0,0,,2024-06-15
Totales:,,56,50,4,2,,2024-06-15
