Entidad,Municipio,Muertos,Hombre,Mujer,No Identificado,Fuente,Fecha
,,0,0,0,0,,2024-03-28
,,0,0,0,0,,2024-03-28
,,0,0,0,0,,2024-03-28
"Aguascalientes
(3)",Aguascalientes,1,1,0,0,El Clarinete,2024-03-28
,Aguascalientes,1,1,0,0,TV Azteca,2024-03-28
,Calvillo,1,0,1,0,Hidrocalido,2024-03-28
"Baja California
(3)",Mexicali,1,1,0,0,El Imparcial,2024-03-28
,Tijuana,1,1,0,0,Baja News,2024-03-28
,Tijuana,1,1,0,0,Debate,2024-03-28
"Chiapas
(1)",Tapachula,0,1,0,0,Diario del Sur,2024-03-28
,,1,0,0,0,,2024-03-28
,,0,0,0,0,,2024-03-28
"Chihuahua
(7)",Chihuahua,1,1,0,0,Radiza,2024-03-28
,Juarez,1,1,0,0,Codigo Delicias,2024-03-28
,Juarez,3,2,1,0,Net Noticias,2024-03-28
,Juarez,2,2,0,0,Net Noticias,2024-03-28
"Ciudad de Mexico
(1)",Iztapalapa,0,1,0,0,El Grafico,2024-03-28
,,1,0,0,0,,2024-03-28
,,0,0,0,0,,2024-03-28
"Colima
(2)",Colima,1,0,1,0,AFmedios,2024-03-28
,Villa de Alvarez,1,1,0,0,Va de Nuez,2024-03-28
"Guanajuato
(12)",Celaya,1,1,0,0,Celaya News,2024-03-28
,Celaya,0,1,0,0,"Noticias del
Estado de
Guanajuato",2024-03-28
,,1,0,0,0,,2024-03-28
,,0,0,0,0,,2024-03-28
,Celaya,0,1,0,0,"Noticias del
Estado de
Guanajuato",2024-03-28
,,1,0,0,0,,2024-03-28
,,0,0,0,0,,2024-03-28
,Celaya,1,0,1,0,Periodico Correo,2024-03-28
,Irapuato,1,1,0,0,Periodico Correo,2024-03-28
,Leon,1,1,0,0,AM,2024-03-28
,Leon,2,2,0,0,AM,2024-03-28
,Leon,1,1,0,0,Azteca Bajio,2024-03-28
,Salamanca,1,1,0,0,AM,2024-03-28
,Salamanca,2,1,1,0,Periodico Correo,2024-03-28
"Guerrero
(3)","Acapulco de
Juarez",0,1,0,0,El Sur,2024-03-28
,,1,0,0,0,,2024-03-28
,,0,0,0,0,,2024-03-28
,"Taxco de
Alarcon",0,0,1,0,Quadratin,2024-03-28
,,1,0,0,0,,2024-03-28
,,0,0,0,0,,2024-03-28
,"Taxco de
Alarcon",0,0,1,0,Sur Acapulco,2024-03-28
,,1,0,0,0,,2024-03-28
,,0,0,0,0,,2024-03-28
Jalisco,San Pedro,2,2,0,0,Debate,2024-03-28
(4),Tlaquepaque,0,0,0,0,,2024-03-28
,"San Pedro
Tlaquepaque",0,1,0,0,NTR Zacatecas,2024-03-28
,,1,0,0,0,,2024-03-28
,,0,0,0,0,,2024-03-28
,Zapopan,0,1,0,0,"Noticias de
Yucatan",2024-03-28
,,1,0,0,0,,2024-03-28
,,0,0,0,0,,2024-03-28
"Mexico
(3)",Aculco,1,1,0,0,Voz Imparcial,2024-03-28
,"Cuautitlan
Izcalli",0,1,0,0,Cuspide Mexico,2024-03-28
,,1,0,0,0,,2024-03-28
,,0,0,0,0,,2024-03-28
,"Ecatepec de
Morelos",0,1,0,0,Cuspide Mexico,2024-03-28
,,1,0,0,0,,2024-03-28
,,0,0,0,0,,2024-03-28
"Michoacan de
Ocampo
(2)",Morelia,0,2,0,0,Quadratin,2024-03-28
,,2,0,0,0,,2024-03-28
,,0,0,0,0,,2024-03-28
"Morelos
(4)",Cuautla,0,1,0,0,"Central de
Noticias",2024-03-28
,,1,0,0,0,,2024-03-28
,,0,0,0,0,,2024-03-28
,Cuernavaca,0,1,0,0,"Central de
Noticias",2024-03-28
,,1,0,0,0,,2024-03-28
,,0,0,0,0,,2024-03-28
,Cuernavaca,1,1,0,0,Diario de Morelos,2024-03-28
,Temixco,0,1,0,0,"El Sol de
Cuernavaca",2024-03-28
,,1,0,0,0,,2024-03-28
,,0,0,0,0,,2024-03-28
"Nuevo Leon
(2)","Cienega de
Flores",0,1,0,0,Milenio,2024-03-28
,,1,0,0,0,,2024-03-28
,,0,0,0,0,,2024-03-28
,Garcia,1,1,0,0,Enfoque Diario,2024-03-28
"Oaxaca
(1)","Santiago
Jamiltepec",0,1,0,0,"El Pinero de la
Cuenca",2024-03-28
,,1,0,0,0,,2024-03-28
,,0,0,0,0,,2024-03-28
"Quintana Roo
(1)",Benito Juarez,0,1,0,0,Quadratin,2024-03-28
,,1,0,0,0,,2024-03-28
,,0,0,0,0,,2024-03-28
"Sinaloa
(1)",Culiacan,0,1,0,0,Los Noticieristas,2024-03-28
,,1,0,0,0,,2024-03-28
,,0,0,0,0,,2024-03-28
"Sonora
(1)","San Luis Rio
Colorado",0,1,0,0,"Tribuna de San
Luis",2024-03-28
,,1,0,0,0,,2024-03-28
,,0,0,0,0,,2024-03-28
"Tabasco
(1)",Comalcalco,0,1,0,0,"El Heraldo de
Tabasco",2024-03-28
,,1,0,0,0,,2024-03-28
,,0,0,0,0,,2024-03-28
"Veracruz de
Ignacio de la Llave
(4)",Jaltipan,0,1,0,0,"Agencia
Informativa",2024-03-28
,,1,0,0,0,,2024-03-28
,,0,0,0,0,,2024-03-28
,Minatitlan,1,1,0,0,Oliva Noticias,2024-03-28
,Tlapacoyan,1,1,0,0,La Nigua,2024-03-28
,Veracruz,1,1,0,0,Al Calor Politico,2024-03-28
"Zacatecas
(1)",Morelos,0,1,0,0,NTR Zacatecas,2024-03-28
,,1,0,0,0,,2024-03-28
,,0,0,0,0,,2024-03-28
Totales:,,57,50,7,0,,2024-03-28
