Entidad,Municipio,Muertos,Hombre,Mujer,No Identificado,Fuente,Fecha
,,0,0,0,0,,2024-06-02
,,0,0,0,0,,2024-06-02
,,0,0,0,0,,2024-06-02
"Aguascalientes
(3)",Asientos,0,2,1,0,El Sol del Centro,2024-06-02
,,3,0,0,0,,2024-06-02
,,0,0,0,0,,2024-06-02
"Baja California
(5)",Mexicali,1,0,1,0,Podermx,2024-06-02
,Tijuana,1,1,0,0,Alfredoalvarez.mx,2024-06-02
,Tijuana,1,1,0,0,Uniradio Informa,2024-06-02
,Tijuana,1,1,0,0,Uniradio Informa,2024-06-02
,Tijuana,1,1,0,0,Uniradio Informa,2024-06-02
"Baja California
Sur
(1)",Los Cabos,0,1,0,0,Peninsular Digital,2024-06-02
,,1,0,0,0,,2024-06-02
,,0,0,0,0,,2024-06-02
"Chiapas
(2)",La Concordia,1,1,0,0,TV Azteca,2024-06-02
,Suchiate,1,0,1,0,Diario del Sur,2024-06-02
"Chihuahua
(4)",Chihuahua,1,1,0,0,Canal 44,2024-06-02
,Delicias,1,1,0,0,Codigo Delicias,2024-06-02
,Juarez,1,1,0,0,El Heraldo,2024-06-02
,Juarez,0,1,0,0,"La Opcion de
Chihuahua",2024-06-02
,,1,0,0,0,,2024-06-02
,,0,0,0,0,,2024-06-02
"Colima
(2)",Manzanillo,1,0,1,0,Colima Noticias,2024-06-02
,Manzanillo,1,1,0,0,Diario de Colima,2024-06-02
"Guanajuato
(1)",Leon,0,1,0,0,"Noticias
Vespertinas",2024-06-02
,,1,0,0,0,,2024-06-02
,,0,0,0,0,,2024-06-02
"Guerrero
(1)","Acapulco de
Juarez",0,1,0,0,Sur Acapulco,2024-06-02
,,1,0,0,0,,2024-06-02
,,0,0,0,0,,2024-06-02
"Jalisco
(4)",Guadalajara,0,1,0,0,"Vox Populi
Noticias",2024-06-02
,,1,0,0,0,,2024-06-02
,,0,0,0,0,,2024-06-02
,Tecolotlan,1,0,1,0,El Occidental,2024-06-02
,"Tlajomulco
de Zuniga",0,1,0,0,Notisistema,2024-06-02
,,1,0,0,0,,2024-06-02
,,0,0,0,0,,2024-06-02
,Zapopan,0,1,0,0,"Lider Informativo
91.9 FM",2024-06-02
,,1,0,0,0,,2024-06-02
,,0,0,0,0,,2024-06-02
"Mexico
(3)",Jiquipilco,0,1,0,0,"El Siglo de
Durango",2024-06-02
,,1,0,0,0,,2024-06-02
,,0,0,0,0,,2024-06-02
,Jocotitlan,2,2,0,0,Quadratin,2024-06-02
"Michoacan de
Ocampo
(1)",Cuitzeo,0,1,0,0,El Sol de Mexico,2024-06-02
,,1,0,0,0,,2024-06-02
,,0,0,0,0,,2024-06-02
Morelos,Mazatepec,2,2,0,0,El Griton,2024-06-02
(2),,0,0,0,0,,2024-06-02
"Nuevo Leon
(2)",Apodaca,1,1,0,0,El Porvenir,2024-06-02
,Guadalupe,1,1,0,0,El Porvenir,2024-06-02
"Oaxaca
(3)","Oaxaca de
Juarez",0,0,1,0,El Universal,2024-06-02
,,1,0,0,0,,2024-06-02
,,0,0,0,0,,2024-06-02
,"San Felipe
Jalapa de
Diaz",0,1,0,0,"Imparcial de
Oaxaca",2024-06-02
,,1,0,0,0,,2024-06-02
,,0,0,0,0,,2024-06-02
,"San Juan
Bautista
Tuxtepec",0,1,0,0,"El Pinero de la
Cuenca",2024-06-02
,,1,0,0,0,,2024-06-02
,,0,0,0,0,,2024-06-02
"Puebla
(4)",Coyomeapan,1,1,0,0,Cambio,2024-06-02
,"San Martin
Texmelucan",0,1,0,0,Reto Diario,2024-06-02
,,1,0,0,0,,2024-06-02
,,0,0,0,0,,2024-06-02
,"San Miguel
Xoxtla",0,1,0,0,Oro Noticias,2024-06-02
,,1,0,0,0,,2024-06-02
,,0,0,0,0,,2024-06-02
,Tlapanala,1,0,1,0,Tiempo,2024-06-02
"Queretaro
(1)",Queretaro,0,1,0,0,"Noticias de
Queretaro",2024-06-02
,,1,0,0,0,,2024-06-02
,,0,0,0,0,,2024-06-02
"Quintana Roo
(1)","Benito
Juarez",0,1,0,0,Turquesa News,2024-06-02
,,1,0,0,0,,2024-06-02
,,0,0,0,0,,2024-06-02
"Sinaloa
(3)",Badiraguato,1,1,0,0,A Discusion,2024-06-02
,Culiacan,1,1,0,0,Debate,2024-06-02
,Culiacan,1,1,0,0,Extraoficial,2024-06-02
"Tabasco
(3)",Cardenas,1,1,0,0,Tabasco Hoy,2024-06-02
,Cardenas,2,2,0,0,XEVA Noticias,2024-06-02
"Tamaulipas
(1)",Reynosa,0,1,0,0,Milenio,2024-06-02
,,1,0,0,0,,2024-06-02
,,0,0,0,0,,2024-06-02
"Veracruz de
Ignacio de la
Llave
(2)",Acayucan,0,1,0,0,"Diario de
Acayucan",2024-06-02
,,1,0,0,0,,2024-06-02
,,0,0,0,0,,2024-06-02
,"Martinez de
la Torre",0,1,0,0,Al Calor Politico,2024-06-02
,,1,0,0,0,,2024-06-02
,,0,0,0,0,,2024-06-02
"Zacatecas
(2)",Guadalupe,1,1,0,0,NTR Zacatecas,2024-06-02
,Guadalupe,1,1,0,0,Zacatecas Online,2024-06-02
Totales:,,51,44,7,0,,2024-06-02
