Entidad,Municipio,Muertos,Hombre,Mujer,No Identificado,Fuente,Fecha
,,0,0,0,0,,2024-08-15
,,0,0,0,0,,2024-08-15
,,0,0,0,0,,2024-08-15
"Baja
California
(7)","Playas de
Rosarito",0,2,0,0,En Linea directa,2024-08-15
,,2,0,0,0,,2024-08-15
,,0,0,0,0,,2024-08-15
,"Playas de
Rosarito",0,1,0,0,Uniradio Informa,2024-08-15
,,1,0,0,0,,2024-08-15
,,0,0,0,0,,2024-08-15
,Tijuana,1,1,0,0,Alfredoalvarez.mx,2024-08-15
,Tijuana,1,0,0,1,El Mexicano,2024-08-15
,Tijuana,1,1,0,0,El Mexicano,2024-08-15
,Tijuana,1,1,0,0,El Mexicano,2024-08-15
"Campeche
(1)",Carmen,0,1,0,0,Por Esto!,2024-08-15
,,1,0,0,0,,2024-08-15
,,0,0,0,0,,2024-08-15
"Chihuahua
(1)",Juarez,0,0,0,1,La Polaka,2024-08-15
,,1,0,0,0,,2024-08-15
,,0,0,0,0,,2024-08-15
"Ciudad de
Mexico
(3)",Cuauhtemoc,1,0,0,1,Jorge Becerril,2024-08-15
,"La Magdalena
Contreras",0,1,0,0,Jorge Becerril,2024-08-15
,,1,0,0,0,,2024-08-15
,,0,0,0,0,,2024-08-15
,Tlahuac,1,1,0,0,La Prensa,2024-08-15
"Coahuila de
Zaragoza
(2)",Saltillo,1,0,0,1,Zocalo,2024-08-15
,Torreon,0,0,1,0,Posta,2024-08-15
,,1,0,0,0,,2024-08-15
,,0,0,0,0,,2024-08-15
"Colima
(1)",Manzanillo,0,1,0,0,Colima Noticias,2024-08-15
,,1,0,0,0,,2024-08-15
,,0,0,0,0,,2024-08-15
"Guanajuato
(10)",Celaya,1,1,0,0,Celaya News,2024-08-15
,Celaya,0,1,0,0,"Guanajuato
Informa",2024-08-15
,,1,0,0,0,,2024-08-15
,,0,0,0,0,,2024-08-15
,Leon,1,1,0,0,Periodico Correo,2024-08-15
,Penjamo,1,1,0,0,Periodico Correo,2024-08-15
,Salvatierra,1,1,0,0,El Sol del Bajio,2024-08-15
,Salvatierra,1,1,0,0,El Sol del Bajio,2024-08-15
,"San Francisco
del Rincon",0,1,0,0,El Sol de Leon,2024-08-15
,,1,0,0,0,,2024-08-15
,,0,0,0,0,,2024-08-15
,"San Francisco
del Rincon",0,1,0,0,El Sol de Leon,2024-08-15
,,1,0,0,0,,2024-08-15
,,0,0,0,0,,2024-08-15
,Tarimoro,2,1,1,0,Noventa Grados,2024-08-15
"Guerrero
(5)","Acapulco de
Juarez",0,0,0,1,Al Tanto Guerrero,2024-08-15
,,1,0,0,0,,2024-08-15
,,0,0,0,0,,2024-08-15
,"Acapulco de
Juarez",0,1,0,0,Al Tanto Guerrero,2024-08-15
,,1,0,0,0,,2024-08-15
,,0,0,0,0,,2024-08-15
,"Acapulco de
Juarez",0,2,0,0,Sintesis,2024-08-15
,,2,0,0,0,,2024-08-15
,,0,0,0,0,,2024-08-15
,"Chilpancingo
de los Bravo",0,1,0,0,"Agencia de
Noticias Guerrero",2024-08-15
,,1,0,0,0,,2024-08-15
,,0,0,0,0,,2024-08-15
"Jalisco
(6)","Tlajomulco de
Zuniga",0,2,0,0,Guardia Nocturna,2024-08-15
,,2,0,0,0,,2024-08-15
,,0,0,0,0,,2024-08-15
,"Tlajomulco de
Zuniga",0,1,0,0,Guardia Nocturna,2024-08-15
,,1,0,0,0,,2024-08-15
,,0,0,0,0,,2024-08-15
,Zapopan,1,1,0,0,Milenio,2024-08-15
,Zapopan,2,1,1,0,Notisistema,2024-08-15
"Mexico
(7)","Naucalpan de
Juarez",0,3,0,0,El Universal,2024-08-15
,,3,0,0,0,,2024-08-15
,,0,0,0,0,,2024-08-15
,Temascalapa,0,1,0,0,"Reporteros en
Movimiento",2024-08-15
,,1,0,0,0,,2024-08-15
,,0,0,0,0,,2024-08-15
,Toluca,0,1,0,0,"El Siglo de
Durango",2024-08-15
,,1,0,0,0,,2024-08-15
,,0,0,0,0,,2024-08-15
,Tultitlan,1,0,1,0,La Jornada,2024-08-15
,Zumpango,1,1,0,0,La Prensa,2024-08-15
"Michoacan
de Ocampo
(4)",Copandaro,1,1,0,0,Changoonga,2024-08-15
,Morelia,0,1,0,0,"La Voz de
Michoacan",2024-08-15
,,1,0,0,0,,2024-08-15
,,0,0,0,0,,2024-08-15
,"Salvador
Escalante",0,0,1,0,"La Voz de
Michoacan",2024-08-15
,,1,0,0,0,,2024-08-15
,,0,0,0,0,,2024-08-15
,Uruapan,0,1,0,0,"La Voz de
Michoacan",2024-08-15
,,1,0,0,0,,2024-08-15
,,0,0,0,0,,2024-08-15
"Nuevo Leon
(4)",Apodaca,1,1,0,0,El Porvenir,2024-08-15
,Garcia,1,1,0,0,El Porvenir,2024-08-15
,Garcia,1,1,0,0,Telediario,2024-08-15
,Montemorelos,1,0,1,0,ABC Noticias,2024-08-15
"Puebla
(1)",Chietla,0,1,0,0,El Sol de Puebla,2024-08-15
,,1,0,0,0,,2024-08-15
,,0,0,0,0,,2024-08-15
"Queretaro
(1)",Huimilpan,0,1,0,0,"Noticias de
Queretaro",2024-08-15
,,1,0,0,0,,2024-08-15
,,0,0,0,0,,2024-08-15
"Quintana
Roo
(1)",Solidaridad,0,1,0,0,Infolliteras,2024-08-15
,,1,0,0,0,,2024-08-15
,,0,0,0,0,,2024-08-15
"Sinaloa
(3)",Culiacan,1,1,0,0,Medios Obson,2024-08-15
,Culiacan,2,2,0,0,Satelite Online,2024-08-15
"Sonora
(2)",Hermosillo,1,0,0,1,El Sol de Hermosillo,2024-08-15
,Nogales,1,1,0,0,El Diario de Sonora,2024-08-15
,Altotonga,1,0,1,0,Quadratin,2024-08-15
"Veracruz de
Ignacio de la
Llave
(3)",Perote,0,0,0,2,El Buen Tono,2024-08-15
,,2,0,0,0,,2024-08-15
,,0,0,0,0,,2024-08-15
Totales:,,62,47,7,8,,2024-08-15
