Entidad,Municipio,Muertos,Hombre,Mujer,No Identificado,Fuente,Fecha
,,0,0,0,0,,2024-05-03
,,0,0,0,0,,2024-05-03
,,0,0,0,0,,2024-05-03
"Baja
California
(6)",Ensenada,3,0,0,3,Noventa Grados,2024-05-03
,Tijuana,1,1,0,0,El Sol de Tijuana,2024-05-03
,Tijuana,1,1,0,0,El Sol de Tijuana,2024-05-03
,Tijuana,1,1,0,0,Uniradio Informa,2024-05-03
"Chiapas
(1)",Tuzantan,0,1,0,0,Diario de Chiapas,2024-05-03
,,1,0,0,0,,2024-05-03
,,0,0,0,0,,2024-05-03
"Chihuahua
(4)",Chihuahua,1,1,0,0,AR Noticias,2024-05-03
,Juarez,0,1,0,0,"El Diario de
Chihuahua",2024-05-03
,,1,0,0,0,,2024-05-03
,,0,0,0,0,,2024-05-03
,Juarez,1,0,0,1,Noticias de Yucatan,2024-05-03
,Juarez,1,0,1,0,Radiza,2024-05-03
"Colima
(3)",Colima,1,0,0,1,Colima Noticias,2024-05-03
,Colima,1,1,0,0,Colima Noticias,2024-05-03
,"Villa de
Alvarez",0,1,0,0,Diario de Colima,2024-05-03
,,1,0,0,0,,2024-05-03
,,0,0,0,0,,2024-05-03
"Guanajuato
(5)",Acambaro,1,1,0,0,Periodico Correo,2024-05-03
,Celaya,1,1,0,0,Noventa Grados,2024-05-03
,Celaya,1,1,0,0,Noventa Grados,2024-05-03
,Salvatierra,1,0,1,0,AM,2024-05-03
,Tarimoro,1,1,0,0,Periodico Correo,2024-05-03
"Guerrero
(1)","Acapulco de
Juarez",0,1,0,0,"Agencia de Noticias
Guerrero",2024-05-03
,,1,0,0,0,,2024-05-03
,,0,0,0,0,,2024-05-03
"Hidalgo
(1)",Ixmiquilpan,0,0,0,1,El Sol de Hidalgo,2024-05-03
,,1,0,0,0,,2024-05-03
,,0,0,0,0,,2024-05-03
"Jalisco
(8)",Guadalajara,1,1,0,0,El Occidental,2024-05-03
,"San Pedro
Tlaquepaque",0,0,1,0,Guardia Nocturna,2024-05-03
,,1,0,0,0,,2024-05-03
,,0,0,0,0,,2024-05-03
,"Tlajomulco de
Zuniga",0,1,0,0,El Occidental,2024-05-03
,,1,0,0,0,,2024-05-03
,,0,0,0,0,,2024-05-03
,"Tlajomulco de
Zuniga",0,1,0,0,Guardia Nocturna,2024-05-03
,,1,0,0,0,,2024-05-03
,,0,0,0,0,,2024-05-03
,"Tlajomulco de
Zuniga",0,1,0,0,TV Azteca,2024-05-03
,,1,0,0,0,,2024-05-03
,,0,0,0,0,,2024-05-03
,Tonala,2,2,0,0,El Occidental,2024-05-03
,Zapotiltic,1,1,0,0,La Voz del Sureste,2024-05-03
Mexico,Ixtlahuaca,1,1,0,0,DigitalMex,2024-05-03
(2),Tultitlan,0,1,0,0,Portal Hidalgo,2024-05-03
,,1,0,0,0,,2024-05-03
,,0,0,0,0,,2024-05-03
"Michoacan
de Ocampo
(2)",Morelia,1,1,0,0,Noventa Grados,2024-05-03
,Morelia,0,1,0,0,"Quadratin
Michoacan",2024-05-03
,,1,0,0,0,,2024-05-03
,,0,0,0,0,,2024-05-03
"Morelos
(5)",Axochiapan,1,0,1,0,Noticias de Cuautla,2024-05-03
,Cuautla,1,1,0,0,Noticias de Cuautla,2024-05-03
,Cuernavaca,1,1,0,0,La Union,2024-05-03
,Jiutepec,1,1,0,0,Noticias de Morelos,2024-05-03
,"Tlaltizapan de
Zapata",0,1,0,0,"Zona Centro
Noticias",2024-05-03
,,1,0,0,0,,2024-05-03
,,0,0,0,0,,2024-05-03
"Nuevo Leon
(4)",Apodaca,1,1,0,0,Telediario,2024-05-03
,Monterrey,1,1,0,0,El Porvenir,2024-05-03
,Monterrey,1,1,0,0,Posta,2024-05-03
,Monterrey,1,1,0,0,Telediario,2024-05-03
"Puebla
(1)",Puebla,0,0,0,1,Callejero,2024-05-03
,,1,0,0,0,,2024-05-03
,,0,0,0,0,,2024-05-03
"Quintana
Roo
(3)","Othon P.
Blanco",0,1,0,0,Despertar,2024-05-03
,,1,0,0,0,,2024-05-03
,,0,0,0,0,,2024-05-03
,Solidaridad,1,1,0,0,Noticaribe,2024-05-03
,Solidaridad,1,1,0,0,Noticaribe,2024-05-03
"Sinaloa
(3)",Culiacan,0,0,0,1,"El Sol de
Cuernavaca",2024-05-03
,,1,0,0,0,,2024-05-03
,,0,0,0,0,,2024-05-03
,Culiacan,1,0,0,1,EL Sol de Sinaloa,2024-05-03
,Culiacan,1,0,0,1,EL Sol de Sinaloa,2024-05-03
"Sonora
(1)",Cajeme,0,1,0,0,Diario del Yaqui,2024-05-03
,,1,0,0,0,,2024-05-03
,,0,0,0,0,,2024-05-03
"Tabasco
(1)",Cardenas,0,1,0,0,Diario Presente,2024-05-03
,,1,0,0,0,,2024-05-03
,,0,0,0,0,,2024-05-03
"Tlaxcala
(1)",Nativitas,0,1,0,0,Punto Critico,2024-05-03
,,1,0,0,0,,2024-05-03
,,0,0,0,0,,2024-05-03
"Veracruz de
Ignacio de la
Llave
(3)",Perote,0,2,1,0,Imagen del Golfo,2024-05-03
,,3,0,0,0,,2024-05-03
,,0,0,0,0,,2024-05-03
Totales:,,55,40,5,10,,2024-05-03
