Entidad,Municipio,Muertos,Hombre,Mujer,No Identificado,Fuente,Fecha
,,0,0,0,0,,2024-09-12
,,0,0,0,0,,2024-09-12
,,0,0,0,0,,2024-09-12
"Baja
California
(1)",Tijuana,0,0,1,0,"Uniradio
Informa",2024-09-12
,,1,0,0,0,,2024-09-12
,,0,0,0,0,,2024-09-12
"Chihuahua
(1)",Chihuahua,0,0,1,0,Notigram,2024-09-12
,,1,0,0,0,,2024-09-12
,,0,0,0,0,,2024-09-12
"Colima
(1)",Colima,0,1,0,0,Colima Noticias,2024-09-12
,,1,0,0,0,,2024-09-12
,,0,0,0,0,,2024-09-12
"Guanajuato
(10)",Celaya,1,1,0,0,El Sol del Bajio,2024-09-12
,Celaya,0,1,0,0,"Noticias del
Estado de
Guanajuato",2024-09-12
,,1,0,0,0,,2024-09-12
,,0,0,0,0,,2024-09-12
,Celaya,1,1,0,0,Zocalo,2024-09-12
,Leon,2,0,0,2,El Sol de Leon,2024-09-12
,Leon,1,1,0,0,Periodico Correo,2024-09-12
,"San Francisco
del Rincon",0,1,0,0,El Sol de Leon,2024-09-12
,,1,0,0,0,,2024-09-12
,,0,0,0,0,,2024-09-12
,"Santiago
Maravatio",0,0,1,0,Zocalo,2024-09-12
,,1,0,0,0,,2024-09-12
,,0,0,0,0,,2024-09-12
,"Valle de
Santiago",0,1,0,0,"El Sol de
Salamanca",2024-09-12
,,1,0,0,0,,2024-09-12
,,0,0,0,0,,2024-09-12
,"Valle de
Santiago",0,1,0,0,Zocalo,2024-09-12
,,1,0,0,0,,2024-09-12
,,0,0,0,0,,2024-09-12
"Hidalgo
(1)","Tepeji del Rio
de Ocampo",0,1,0,0,El Sol de Hidalgo,2024-09-12
,,1,0,0,0,,2024-09-12
,,0,0,0,0,,2024-09-12
"Jalisco
(3)",Tonala,0,1,1,0,"Guardia
Nocturna",2024-09-12
,,2,0,0,0,,2024-09-12
,,0,0,0,0,,2024-09-12
,Zapopan,1,1,0,0,Telediario,2024-09-12
"Mexico
(3)","Ecatepec de
Morelos",0,1,0,0,Excelsior,2024-09-12
,,1,0,0,0,,2024-09-12
,,0,0,0,0,,2024-09-12
,"Naucalpan de
Juarez",0,1,0,0,La Prensa,2024-09-12
,,1,0,0,0,,2024-09-12
,,0,0,0,0,,2024-09-12
,Tultitlan,1,1,0,0,La Prensa,2024-09-12
"Michoacan
de Ocampo
(3)",Buenavista,1,1,0,0,Noventa Grados,2024-09-12
,La Piedad,0,1,0,0,"La Voz de
Michoacan",2024-09-12
,,1,0,0,0,,2024-09-12
,,0,0,0,0,,2024-09-12
,Morelia,1,1,0,0,Sintesis,2024-09-12
"Morelos
(5)",Huitzilac,0,0,0,2,"Diario de
Morelos",2024-09-12
,,2,0,0,0,,2024-09-12
,,0,0,0,0,,2024-09-12
,Temixco,0,1,0,0,"Central de
Noticias",2024-09-12
,,1,0,0,0,,2024-09-12
,,0,0,0,0,,2024-09-12
,Yautepec,2,1,1,0,24 Morelos,2024-09-12
"Nayarit
(12)",Huajicori,11,11,0,0,La Jornada,2024-09-12
,Tepic,1,1,0,0,NTV,2024-09-12
"Nuevo Leon
(4)",Apodaca,1,1,0,0,El Porvenir,2024-09-12
,Juarez,1,1,0,0,Telediario,2024-09-12
,Juarez,1,1,0,0,Telediario,2024-09-12
,Monterrey,1,1,0,0,Telediario,2024-09-12
"Puebla
(4)",Puebla,0,1,0,0,"Contrastes de
Puebla",2024-09-12
,,1,0,0,0,,2024-09-12
,,0,0,0,0,,2024-09-12
,Tehuacan,1,0,1,0,Milenio,2024-09-12
,Xochiltepec,1,1,0,0,Noventa Grados,2024-09-12
,Zacatlan,0,1,0,0,"Periodico
Central",2024-09-12
,,1,0,0,0,,2024-09-12
,,0,0,0,0,,2024-09-12
"Quintana
Roo
(5)",Benito Juarez,1,0,0,1,Quadratin,2024-09-12
,Benito Juarez,0,2,0,0,"Quintana Roo
Hoy",2024-09-12
,,2,0,0,0,,2024-09-12
,,0,0,0,0,,2024-09-12
,Othon P. Blanco,0,0,0,2,"Sol Quintana
Roo",2024-09-12
,,2,0,0,0,,2024-09-12
,,0,0,0,0,,2024-09-12
"Sinaloa
(4)",Culiacan,1,0,0,1,Luz Noticias,2024-09-12
,Culiacan,1,1,0,0,Noreste,2024-09-12
,Culiacan,1,1,0,0,Noreste,2024-09-12
,Culiacan,1,1,0,0,Rio Doce,2024-09-12
"Sonora
(3)",Caborca,1,1,0,0,Proyecto Puente,2024-09-12
,Cajeme,1,1,0,0,Diario del Yaqui,2024-09-12
,Cajeme,1,1,0,0,Medios Obson,2024-09-12
"Tabasco
(3)",Comalcalco,0,2,0,0,"El Heraldo de
Tabasco",2024-09-12
,,2,0,0,0,,2024-09-12
,,0,0,0,0,,2024-09-12
,Teapa,1,1,0,0,Tabasco Hoy,2024-09-12
"Tamaulipas
(1)",Reynosa,0,1,0,0,La Tarde,2024-09-12
,,1,0,0,0,,2024-09-12
,,0,0,0,0,,2024-09-12
"Veracruz de
Ignacio de la
Llave
(5)",Coatzacoalcos,2,2,0,0,Al Calor Politico,2024-09-12
,Orizaba,0,0,1,0,"El Pinero de la
Cuenca",2024-09-12
,,1,0,0,0,,2024-09-12
,,0,0,0,0,,2024-09-12
,Orizaba,1,0,1,0,Telediario,2024-09-12
,Xalapa,1,1,0,0,Golpe Politico,2024-09-12
"Zacatecas
(2)",Zacatecas,1,1,0,0,NTR Zacatecas,2024-09-12
,Zacatecas,1,1,0,0,Pagina 24,2024-09-12
Totales:,,71,55,8,8,,2024-09-12
