Entidad,Municipio,Muertos,Hombre,Mujer,No Identificado,Fuente,Fecha
,,0,0,0,0,,2024-07-30
,,0,0,0,0,,2024-07-30
,,0,0,0,0,,2024-07-30
"Baja
California
(2)",Tijuana,1,1,0,0,Alfredoalvarez.mx,2024-07-30
,Tijuana,0,1,0,0,El Sol de Tijuana,2024-07-30
,,1,0,0,0,,2024-07-30
,,0,0,0,0,,2024-07-30
"Chihuahua
(4)",Cuauhtemoc,1,1,0,0,El Diario de Chihuahua,2024-07-30
,Juarez,1,1,0,0,El Diario de Chihuahua,2024-07-30
,Juarez,1,1,0,0,El Diario de Chihuahua,2024-07-30
,Juarez,1,1,0,0,El Diario de Chihuahua,2024-07-30
"Ciudad de
Mexico
(3)",Iztacalco,1,1,0,0,El Grafico,2024-07-30
,Tlalpan,0,0,2,0,Eje Central,2024-07-30
,,2,0,0,0,,2024-07-30
,,0,0,0,0,,2024-07-30
"Colima
(3)",Manzanillo,1,1,0,0,Diario de Colima,2024-07-30
,"Villa de
Alvarez",0,1,0,0,Colima al dia,2024-07-30
,,1,0,0,0,,2024-07-30
,,0,0,0,0,,2024-07-30
,"Villa de
Alvarez",0,1,0,0,Diario de Colima,2024-07-30
,,1,0,0,0,,2024-07-30
,,0,0,0,0,,2024-07-30
"Guanajuato
(12)",Acambaro,1,1,0,0,El Sol del Bajio,2024-07-30
,"Apaseo el
Grande",0,2,0,0,Periodico Correo,2024-07-30
,,2,0,0,0,,2024-07-30
,,0,0,0,0,,2024-07-30
,Celaya,2,1,1,0,Periodico Correo,2024-07-30
,Comonfort,1,1,0,0,Guanajuato Informa,2024-07-30
,Irapuato,2,1,1,0,El Sol de Irapuato,2024-07-30
,Irapuato,1,1,0,0,El Sol de Irapuato,2024-07-30
,Leon,1,1,0,0,El Sol de Leon,2024-07-30
,Leon,1,1,0,0,Guanajuato Informa,2024-07-30
,Leon,1,1,0,0,Noticias Vespertinas,2024-07-30
"Hidalgo
(2)",Chilcuautla,1,1,0,0,Quadratin,2024-07-30
,"Tula de
Allende",0,0,0,1,Ultra Noticias,2024-07-30
,,1,0,0,0,,2024-07-30
,,0,0,0,0,,2024-07-30
"Jalisco
(9)","San Pedro
Tlaquepaque",0,1,0,0,Guardia Nocturna,2024-07-30
,,1,0,0,0,,2024-07-30
,,0,0,0,0,,2024-07-30
,"San Pedro
Tlaquepaque",0,1,0,0,Milenio,2024-07-30
,,1,0,0,0,,2024-07-30
,,0,0,0,0,,2024-07-30
,"San Pedro
Tlaquepaque",0,1,0,0,Telediario,2024-07-30
,,1,0,0,0,,2024-07-30
,,0,0,0,0,,2024-07-30
,"Tlajomulco
de Zuniga",0,1,0,0,Guardia Nocturna,2024-07-30
,,1,0,0,0,,2024-07-30
,,0,0,0,0,,2024-07-30
,"Tlajomulco
de Zuniga",0,0,0,1,Lider Informativo 91.9 FM,2024-07-30
,,1,0,0,0,,2024-07-30
,,0,0,0,0,,2024-07-30
,"Tlajomulco
de Zuniga",0,1,0,0,Lider Informativo 91.9 FM,2024-07-30
,,1,0,0,0,,2024-07-30
,,0,0,0,0,,2024-07-30
,"Tlajomulco
de Zuniga",0,1,0,0,Milenio,2024-07-30
,,1,0,0,0,,2024-07-30
,,0,0,0,0,,2024-07-30
,"Tlajomulco
de Zuniga",0,0,0,1,Notisistema,2024-07-30
,,1,0,0,0,,2024-07-30
,,0,0,0,0,,2024-07-30
,Tonala,1,1,0,0,Lider Informativo 91.9 FM,2024-07-30
"Michoacan
de
Ocampo
(6)",Apatzingan,1,1,0,0,Contramuro,2024-07-30
,Jacona,1,1,0,0,La Voz de Michoacan,2024-07-30
,Morelia,1,1,0,0,Quadratin,2024-07-30
,Uruapan,0,1,0,0,"DIARIO ABC DE
MICHOACAN",2024-07-30
,,1,0,0,0,,2024-07-30
,,0,0,0,0,,2024-07-30
,Uruapan,1,1,0,0,Noventa Grados,2024-07-30
,Zamora,1,1,0,0,La Voz de Michoacan,2024-07-30
"Morelos
(4)",Cuautla,1,1,0,0,Twitter,2024-07-30
,Huitzilac,2,2,0,0,La Union de Morelos,2024-07-30
,Yautepec,1,1,0,0,La Union de Morelos,2024-07-30
"Nuevo
Leon
(9)",Guadalupe,3,2,1,0,El Porvenir,2024-07-30
,Juarez,1,1,0,0,El Porvenir,2024-07-30
,Juarez,1,1,0,0,El Porvenir,2024-07-30
,Monterrey,1,1,0,0,El Porvenir,2024-07-30
,Monterrey,2,2,0,0,El Porvenir,2024-07-30
,Monterrey,1,0,1,0,Noticias En La Mira,2024-07-30
"Oaxaca
(2)","Juchitan de
Zaragoza",0,1,0,0,Acierta,2024-07-30
,,1,0,0,0,,2024-07-30
,,0,0,0,0,,2024-07-30
,"Putla Villa de
Guerrero",0,1,0,0,NVI Noticias,2024-07-30
,,1,0,0,0,,2024-07-30
,,0,0,0,0,,2024-07-30
"Quintana
Roo
(3)","Benito
Juarez",0,1,0,0,Noticaribe,2024-07-30
,,1,0,0,0,,2024-07-30
,,0,0,0,0,,2024-07-30
,"Othon P.
Blanco",0,1,0,0,Sipse,2024-07-30
,,1,0,0,0,,2024-07-30
,,0,0,0,0,,2024-07-30
,Tulum,1,1,0,0,Noticaribe,2024-07-30
"Sonora
(2)",Cajeme,1,0,0,1,Milenio,2024-07-30
,Hermosillo,1,1,0,0,El Sol de Hermosillo,2024-07-30
"Tamaulipas
(1)",Matamoros,0,1,0,0,Hoy Tamaulipas,2024-07-30
,,1,0,0,0,,2024-07-30
,,0,0,0,0,,2024-07-30
"Tlaxcala
(2)","Benito
Juarez",0,1,0,0,Indice Media,2024-07-30
,,1,0,0,0,,2024-07-30
,,0,0,0,0,,2024-07-30
,Terrenate,1,1,0,0,Urbano Puebla,2024-07-30
"Zacatecas
(1)",Guadalupe,0,1,0,0,NTR Zacatecas,2024-07-30
,,1,0,0,0,,2024-07-30
,,0,0,0,0,,2024-07-30
Totales:,,65,55,6,4,,2024-07-30
