Entidad,Municipio,Muertos,Hombre,Mujer,No Identificado,Fuente,Fecha
,,0,0,0,0,,2024-03-24
,,0,0,0,0,,2024-03-24
,,0,0,0,0,,2024-03-24
"Baja California
(2)",Tijuana,1,1,0,0,Esquina 32,2024-03-24
,Tijuana,1,1,0,0,Uniradio Informa,2024-03-24
"Chiapas
(5)",Tapachula,2,2,0,0,Debate,2024-03-24
,Tuxtla Gutierrez,3,3,0,0,Milenio,2024-03-24
"Chihuahua
(5)",Chihuahua,1,1,0,0,Por la Libre,2024-03-24
,Juarez,0,1,0,0,"La Opcion de
Chihuahua",2024-03-24
,,1,0,0,0,,2024-03-24
,,0,0,0,0,,2024-03-24
,Juarez,1,1,0,0,Net Noticias,2024-03-24
,Juarez,1,1,0,0,Net Noticias,2024-03-24
,Juarez,1,1,0,0,Net Noticias,2024-03-24
"Ciudad de
Mexico
(1)",Iztapalapa,0,1,0,0,Excelsior,2024-03-24
,,1,0,0,0,,2024-03-24
,,0,0,0,0,,2024-03-24
"Guanajuato
(8)",Celaya,1,1,0,0,Periodico Correo,2024-03-24
,Irapuato,1,1,0,0,AM,2024-03-24
,Irapuato,2,2,0,0,Periodico Correo,2024-03-24
,"Purisima del
Rincon",0,1,0,0,Periodico Correo,2024-03-24
,,1,0,0,0,,2024-03-24
,,0,0,0,0,,2024-03-24
,Salamanca,1,1,0,0,AM,2024-03-24
,Salvatierra,1,0,1,0,AM,2024-03-24
,Valle de Santiago,1,1,0,0,AM,2024-03-24
"Guerrero
(3)","Acapulco de
Juarez",0,1,0,0,"Bajo Palabra
Noticias",2024-03-24
,,1,0,0,0,,2024-03-24
,,0,0,0,0,,2024-03-24
,"Acapulco de
Juarez",0,2,0,0,Sur Acapulco,2024-03-24
,,2,0,0,0,,2024-03-24
,,0,0,0,0,,2024-03-24
"Hidalgo
(1)","Tezontepec de
Aldama",0,1,0,0,AM,2024-03-24
,,1,0,0,0,,2024-03-24
,,0,0,0,0,,2024-03-24
"Jalisco
(2)",El Salto,1,0,0,1,Debate,2024-03-24
,Guadalajara,0,1,0,0,"Guardia
Nocturna",2024-03-24
,,1,0,0,0,,2024-03-24
,,0,0,0,0,,2024-03-24
"Mexico
(2)",Ocuilan,1,1,0,0,Cuspide Mexico,2024-03-24
,Tultepec,1,1,0,0,Reforma,2024-03-24
"Michoacan de
Ocampo
(1)",Caracuaro,0,1,0,0,Red 113,2024-03-24
,,1,0,0,0,,2024-03-24
,,0,0,0,0,,2024-03-24
"Morelos
(5)",Cuernavaca,1,1,0,0,Diario de Morelos,2024-03-24
,Emiliano Zapata,2,2,0,0,La Union,2024-03-24
,Miacatlan,1,1,0,0,Morelos News,2024-03-24
,Puente de Ixtla,0,1,0,0,"Central de
Noticias",2024-03-24
,,1,0,0,0,,2024-03-24
,,0,0,0,0,,2024-03-24
"Nuevo Leon
(2)",Monterrey,1,1,0,0,Milenio,2024-03-24
,Pesqueria,1,1,0,0,Milenio,2024-03-24
"Puebla
(1)",Tehuacan,0,0,1,0,Reto Diario,2024-03-24
,,1,0,0,0,,2024-03-24
,,0,0,0,0,,2024-03-24
"Quintana Roo
(1)",Othon P. Blanco,0,1,0,0,Quadratin,2024-03-24
,,1,0,0,0,,2024-03-24
,,0,0,0,0,,2024-03-24
"Sinaloa
(4)",Ahome,1,0,0,1,Los Noticieristas,2024-03-24
,Culiacan,1,1,0,0,Debate,2024-03-24
,Culiacan,0,1,0,0,"El Heraldo de
Mexico",2024-03-24
,,1,0,0,0,,2024-03-24
,,0,0,0,0,,2024-03-24
,Culiacan,1,1,0,0,Reflectores MX,2024-03-24
"Tabasco
(6)",Cardenas,1,1,0,0,Tabasco Hoy,2024-03-24
,Huimanguillo,2,2,0,0,XEVT,2024-03-24
,Nacajuca,1,1,0,0,Tabasco Hoy,2024-03-24
,Nacajuca,1,1,0,0,XEVA Noticias,2024-03-24
,Nacajuca,1,1,0,0,XEVA Noticias,2024-03-24
"Tlaxcala
(1)",Yauhquemehcan,0,1,0,0,Foro TV,2024-03-24
,,1,0,0,0,,2024-03-24
,,0,0,0,0,,2024-03-24
"Veracruz de
Ignacio de la
Llave
(5)",Carrillo Puerto,2,2,0,0,Milenio,2024-03-24
,Texistepec,2,1,1,0,Latinus,2024-03-24
,Yanga,0,1,0,0,Diario de Xalapa,2024-03-24
,,1,0,0,0,,2024-03-24
,,0,0,0,0,,2024-03-24
"Zacatecas
(2)",Fresnillo,0,2,0,0,NTR Zacatecas,2024-03-24
,,2,0,0,0,,2024-03-24
,,0,0,0,0,,2024-03-24
Totales:,,57,52,3,2,,2024-03-24
