Entidad,Municipio,Muertos,Hombre,Mujer,No Identificado,Fuente,Fecha
,,0,0,0,0,,2024-03-06
,,0,0,0,0,,2024-03-06
,,0,0,0,0,,2024-03-06
"Baja
California
(1)",Mexicali,0,1,0,0,La Voz de la Frontera,2024-03-06
,,1,0,0,0,,2024-03-06
,,0,0,0,0,,2024-03-06
"Chiapas
(2)","Chiapa de
Corzo",0,1,0,0,Cuarto Poder,2024-03-06
,,1,0,0,0,,2024-03-06
,,0,0,0,0,,2024-03-06
,"Tuxtla
Gutierrez",0,1,0,0,El Diario,2024-03-06
,,1,0,0,0,,2024-03-06
,,0,0,0,0,,2024-03-06
"Chihuahua
(12)",Chihuahua,1,1,0,0,AR Noticias,2024-03-06
,Chihuahua,1,1,0,0,La Opcion de Chihuahua,2024-03-06
,Guachochi,1,1,0,0,El heraldo de Chihuahua,2024-03-06
,Juarez,1,1,0,0,El Diario de Chihuahua,2024-03-06
,Juarez,6,0,0,6,El Heraldo,2024-03-06
,Juarez,2,2,0,0,Puente Libre,2024-03-06
"Ciudad de
Mexico
(1)","Gustavo A.
Madero",0,1,0,0,La Prensa,2024-03-06
,,1,0,0,0,,2024-03-06
,,0,0,0,0,,2024-03-06
"Colima
(3)",Colima,1,1,0,0,Colima Noticias,2024-03-06
,Coquimatlan,1,1,0,0,Diario de Colima,2024-03-06
,"Villa de
Alvarez",0,1,0,0,Colima Noticias,2024-03-06
,,1,0,0,0,,2024-03-06
,,0,0,0,0,,2024-03-06
"Guanajuato
(4)",Celaya,2,0,2,0,Celaya News,2024-03-06
,Leon,1,1,0,0,Periodico Correo,2024-03-06
,Penjamo,1,0,1,0,Periodico Correo,2024-03-06
"Guerrero
(3)","Acapulco de
Juarez",0,1,0,0,El Sur,2024-03-06
,,1,0,0,0,,2024-03-06
,,0,0,0,0,,2024-03-06
,"Acapulco de
Juarez",0,1,0,0,Sur Acapulco,2024-03-06
,,1,0,0,0,,2024-03-06
,,0,0,0,0,,2024-03-06
,"Chilapa de
Alvarez",0,1,0,0,Quadratin,2024-03-06
,,1,0,0,0,,2024-03-06
,,0,0,0,0,,2024-03-06
"Hidalgo
(2)",Apan,1,1,0,0,El Sol de Hidalgo,2024-03-06
,Ixmiquilpan,1,0,1,0,El Sol de Mexico,2024-03-06
"Jalisco
(6)",Guadalajara,2,0,0,2,Debate,2024-03-06
,Guadalajara,2,0,2,0,TV Azteca,2024-03-06
,Tonala,1,1,0,0,Guardia Nocturna,2024-03-06
,Zapopan,1,1,0,0,Guardia Nocturna,2024-03-06
Mexico,Jocotitlan,1,0,1,0,Quadratin,2024-03-06
(1),,0,0,0,0,,2024-03-06
"Michoacan
de
Ocampo
(6)",Jacona,5,3,2,0,Contramuro,2024-03-06
,Morelia,0,1,0,0,Primera Plana,2024-03-06
,,1,0,0,0,,2024-03-06
,,0,0,0,0,,2024-03-06
"Morelos
(1)",Coatetelco,0,1,0,0,24 Morelos,2024-03-06
,,1,0,0,0,,2024-03-06
,,0,0,0,0,,2024-03-06
"Nuevo
Leon
(2)",Pesqueria,1,1,0,0,Posta,2024-03-06
,Pesqueria,0,1,0,0,Telediario,2024-03-06
,,1,0,0,0,,2024-03-06
,,0,0,0,0,,2024-03-06
"Oaxaca
(4)","Miahuatlan
de Porfirio
Diaz",0,0,1,0,El Pinero de la Cuenca,2024-03-06
,,1,0,0,0,,2024-03-06
,,0,0,0,0,,2024-03-06
,"Ocotlan de
Morelos",0,1,0,0,Imparcial de Oaxaca,2024-03-06
,,1,0,0,0,,2024-03-06
,,0,0,0,0,,2024-03-06
,Salina Cruz,1,1,0,0,Quadratin,2024-03-06
,"San Pedro
Mixtepec (22)",0,1,0,0,El Pinero de la Cuenca,2024-03-06
,,1,0,0,0,,2024-03-06
,,0,0,0,0,,2024-03-06
"Puebla
(5)",Coyomeapan,1,0,0,1,Municipios,2024-03-06
,Puebla,3,0,0,3,Tribuna Noticias,2024-03-06
,"San Pedro
Cholula",0,1,0,0,Municipios,2024-03-06
,,1,0,0,0,,2024-03-06
,,0,0,0,0,,2024-03-06
"Quintana
Roo
(1)",Tulum,0,0,1,0,De Peso,2024-03-06
,,1,0,0,0,,2024-03-06
,,0,0,0,0,,2024-03-06
"Sinaloa
(2)",El Fuerte,1,1,0,0,Luz Noticias,2024-03-06
,Navolato,1,1,0,0,Cafe Negro Portal,2024-03-06
"Tabasco
(1)",Tacotalpa,0,1,0,0,El Sol del Sureste,2024-03-06
,,1,0,0,0,,2024-03-06
,,0,0,0,0,,2024-03-06
"Tamaulipas
(4)",Matamoros,1,1,0,0,Vox Populi Noticias,2024-03-06
,Reynosa,1,1,0,0,Hoy Tamaulipas,2024-03-06
,Reynosa,1,1,0,0,Valor por Tamaulipas,2024-03-06
,Reynosa,1,1,0,0,Vox Populi Noticias,2024-03-06
"Veracruz
de Ignacio
de la Llave
(2)",Boca del Rio,1,1,0,0,Mas Noticias.net,2024-03-06
,Coatzacoalcos,0,1,0,0,Noreste,2024-03-06
,,1,0,0,0,,2024-03-06
,,0,0,0,0,,2024-03-06
"Zacatecas
(1)",Fresnillo,0,1,0,0,Imagen Zacatecas,2024-03-06
,,1,0,0,0,,2024-03-06
,,0,0,0,0,,2024-03-06
Totales:,,64,41,11,12,,2024-03-06
