Entidad,Municipio,Muertos,Hombre,Mujer,No Identificado,Fuente,Fecha
,,0,0,0,0,,2024-03-12
,,0,0,0,0,,2024-03-12
,,0,0,0,0,,2024-03-12
"Baja
California
(3)",Tijuana,0,1,0,0,"Uniradio
Informa",2024-03-12
,,1,0,0,0,,2024-03-12
,,0,0,0,0,,2024-03-12
,Tijuana,0,1,0,0,"Uniradio
Informa",2024-03-12
,,1,0,0,0,,2024-03-12
,,0,0,0,0,,2024-03-12
,Tijuana,0,1,0,0,"Uniradio
Informa",2024-03-12
,,1,0,0,0,,2024-03-12
,,0,0,0,0,,2024-03-12
"Chiapas
(5)",Catazaja,0,1,0,0,"El Heraldo de
Chiapas",2024-03-12
,,1,0,0,0,,2024-03-12
,,0,0,0,0,,2024-03-12
,Pantelho,3,3,0,0,La Jornada,2024-03-12
,Villaflores,0,0,0,1,"El Heraldo de
Chiapas",2024-03-12
,,1,0,0,0,,2024-03-12
,,0,0,0,0,,2024-03-12
"Chihuahua
(4)",Chihuahua,1,1,0,0,La Polaka,2024-03-12
,Chihuahua,1,0,0,1,Omnia,2024-03-12
,Juarez,0,0,0,1,"El Diario de
Chihuahua",2024-03-12
,,1,0,0,0,,2024-03-12
,,0,0,0,0,,2024-03-12
,Juarez,0,0,1,0,"El Diario de
Chihuahua",2024-03-12
,,1,0,0,0,,2024-03-12
,,0,0,0,0,,2024-03-12
"Ciudad de
Mexico
(5)",Azcapotzalco,0,0,0,1,"Hoy
Tamaulipas",2024-03-12
,,1,0,0,0,,2024-03-12
,,0,0,0,0,,2024-03-12
,"Gustavo A.
Madero",0,1,0,0,La Prensa,2024-03-12
,,1,0,0,0,,2024-03-12
,,0,0,0,0,,2024-03-12
,"La Magdalena
Contreras",0,1,0,0,El Universal,2024-03-12
,,1,0,0,0,,2024-03-12
,,0,0,0,0,,2024-03-12
,Tlahuac,1,1,0,0,El Buen Tono,2024-03-12
,"Venustiano
Carranza",0,1,0,0,La Prensa,2024-03-12
,,1,0,0,0,,2024-03-12
,,0,0,0,0,,2024-03-12
"Colima
(1)",Colima,0,1,0,0,Colima al dia,2024-03-12
,,1,0,0,0,,2024-03-12
,,0,0,0,0,,2024-03-12
"Guanajuato
(6)",Leon,1,1,0,0,AM,2024-03-12
,Leon,1,0,0,1,El Sol de Leon,2024-03-12
,Leon,1,1,0,0,El Sol de Leon,2024-03-12
,Leon,0,0,0,1,"Noticias
Vespertinas",2024-03-12
,,1,0,0,0,,2024-03-12
,,0,0,0,0,,2024-03-12
,Romita,1,1,0,0,El Sol de Leon,2024-03-12
,"San Miguel de
Allende",0,1,0,0,"Periodico
Correo",2024-03-12
,,1,0,0,0,,2024-03-12
,,0,0,0,0,,2024-03-12
Guerrero,Acapulco de,1,0,0,1,El Sol de,2024-03-12
(1),Juarez,0,0,0,0,Acapulco,2024-03-12
"Hidalgo
(1)",Nicolas Flores,0,0,1,0,"La Jornada
Hidalgo",2024-03-12
,,1,0,0,0,,2024-03-12
,,0,0,0,0,,2024-03-12
"Jalisco
(6)",Guadalajara,2,2,0,0,El Informador,2024-03-12
,Guadalajara,0,1,0,0,"Guardia
Nocturna",2024-03-12
,,1,0,0,0,,2024-03-12
,,0,0,0,0,,2024-03-12
,"San Pedro
Tlaquepaque",0,0,0,1,El Informador,2024-03-12
,,1,0,0,0,,2024-03-12
,,0,0,0,0,,2024-03-12
,"Tlajomulco de
Zuniga",0,0,0,2,"Guardia
Nocturna",2024-03-12
,,2,0,0,0,,2024-03-12
,,0,0,0,0,,2024-03-12
"Mexico
(3)",Chalco,1,0,1,0,El Sol de Toluca,2024-03-12
,Temoaya,0,1,0,0,"Quadratin
Edomex",2024-03-12
,,1,0,0,0,,2024-03-12
,,0,0,0,0,,2024-03-12
,Toluca,0,1,0,0,"A Fondo Estado
de Mexico",2024-03-12
,,1,0,0,0,,2024-03-12
,,0,0,0,0,,2024-03-12
"Michoacan
de Ocampo
(2)",Morelia,1,1,0,0,Red 113,2024-03-12
,Morelia,0,0,0,1,Red 113,2024-03-12
,,1,0,0,0,,2024-03-12
,,0,0,0,0,,2024-03-12
"Morelos
(3)",Cuernavaca,0,0,0,1,"Diario de
Morelos",2024-03-12
,,1,0,0,0,,2024-03-12
,,0,0,0,0,,2024-03-12
,Temixco,0,1,0,0,"Central de
Noticias",2024-03-12
,,1,0,0,0,,2024-03-12
,,0,0,0,0,,2024-03-12
,Yecapixtla,1,0,1,0,TV Azteca,2024-03-12
"Nuevo Leon
(4)",Apodaca,1,1,0,0,Milenio,2024-03-12
,Garcia,1,1,0,0,Telediario,2024-03-12
,Guadalupe,1,1,0,0,Telediario,2024-03-12
,Santa Catarina,1,1,0,0,El Porvenir,2024-03-12
"Oaxaca
(2)","Juchitan de
Zaragoza",0,0,0,1,Meganoticias,2024-03-12
,,1,0,0,0,,2024-03-12
,,0,0,0,0,,2024-03-12
,"San Juan
Bautista
Tuxtepec",0,0,0,1,"El Pinero de la
Cuenca",2024-03-12
,,1,0,0,0,,2024-03-12
,,0,0,0,0,,2024-03-12
"Puebla
(6)",Coronango,1,0,0,1,Cambio,2024-03-12
,Puebla,1,1,0,0,e-consulta,2024-03-12
,Puebla,0,1,0,0,"Periodico
Central",2024-03-12
,,1,0,0,0,,2024-03-12
,,0,0,0,0,,2024-03-12
,Puebla,0,1,0,0,"Tribuna
Noticias",2024-03-12
,,1,0,0,0,,2024-03-12
,,0,0,0,0,,2024-03-12
,Puebla,1,1,0,0,Twitter,2024-03-12
,"San Martin
Texmelucan",0,1,0,0,Oro Noticias,2024-03-12
,,1,0,0,0,,2024-03-12
,,0,0,0,0,,2024-03-12
"San Luis
Potosi",Guadalcazar,0,1,0,0,"Pulso San Luis
Potosi",2024-03-12
,,1,0,0,0,,2024-03-12
,,0,0,0,0,,2024-03-12
(1),,0,0,0,0,,2024-03-12
"Sinaloa
(3)",Culiacan,1,1,0,0,Debate,2024-03-12
,Culiacan,1,1,0,0,Linea Directa,2024-03-12
,Navolato,0,1,0,0,"Cafe Negro
Portal",2024-03-12
,,1,0,0,0,,2024-03-12
,,0,0,0,0,,2024-03-12
"Tabasco
(2)",Centro,1,1,0,0,Tabasco Hoy,2024-03-12
,Teapa,1,1,0,0,Tabasco Hoy,2024-03-12
"Tamaulipas
(2)",Victoria,0,2,0,0,Pagina Central,2024-03-12
,,2,0,0,0,,2024-03-12
,,0,0,0,0,,2024-03-12
"Veracruz de
Ignacio de la
Llave
(5)",Atzalan,0,1,0,0,"El Pinero de la
Cuenca",2024-03-12
,,1,0,0,0,,2024-03-12
,,0,0,0,0,,2024-03-12
,Cuitlahuac,0,1,0,0,"Vanguardia
Veracruz",2024-03-12
,,1,0,0,0,,2024-03-12
,,0,0,0,0,,2024-03-12
,Las Choapas,0,1,0,0,"Presencia
Veracruz",2024-03-12
,,1,0,0,0,,2024-03-12
,,0,0,0,0,,2024-03-12
,San Rafael,0,1,0,0,"Diario de
Xalapa",2024-03-12
,,1,0,0,0,,2024-03-12
,,0,0,0,0,,2024-03-12
,Veracruz,1,1,0,0,XEU Noticias,2024-03-12
Totales:,,65,46,4,15,,2024-03-12
