Entidad,Municipio,Muertos,Hombre,Mujer,No Identificado,Fuente,Fecha
,,0,0,0,0,,2024-03-23
,,0,0,0,0,,2024-03-23
,,0,0,0,0,,2024-03-23
"Aguascalientes
(1)",Aguascalientes,0,1,0,0,El Sol del Centro,2024-03-23
,,1,0,0,0,,2024-03-23
,,0,0,0,0,,2024-03-23
"Baja California
(8)",Mexicali,0,1,0,0,"La Voz de la
Frontera",2024-03-23
,,1,0,0,0,,2024-03-23
,,0,0,0,0,,2024-03-23
,Tecate,1,1,0,0,Uniradio Informa,2024-03-23
,Tijuana,1,1,0,0,El Mexicano,2024-03-23
,Tijuana,1,1,0,0,Esquina 32,2024-03-23
,Tijuana,1,1,0,0,Punto Norte,2024-03-23
,Tijuana,2,2,0,0,Uniradio Informa,2024-03-23
,Tijuana,1,1,0,0,Uniradio Informa,2024-03-23
"Chiapas
(2)",Suchiate,1,1,0,0,El Orbe,2024-03-23
,Tapachula,1,1,0,0,Diario del Sur,2024-03-23
"Chihuahua
(3)",Juarez,2,1,1,0,Net Noticias,2024-03-23
,Juarez,1,1,0,0,Net Noticias,2024-03-23
"Ciudad de
Mexico
(1)","Venustiano
Carranza",0,0,1,0,TV Azteca,2024-03-23
,,1,0,0,0,,2024-03-23
,,0,0,0,0,,2024-03-23
"Colima
(1)",Manzanillo,0,1,0,0,Noticias,2024-03-23
,,1,0,0,0,,2024-03-23
,,0,0,0,0,,2024-03-23
Guanajuato (12),Abasolo,1,1,0,0,AM,2024-03-23
,Celaya,1,0,1,0,AM,2024-03-23
,Celaya,1,1,0,0,AM,2024-03-23
,Celaya,1,1,0,0,Periodico Correo,2024-03-23
,Irapuato,1,1,0,0,Periodico Correo,2024-03-23
,Leon,1,1,0,0,Pagina Central,2024-03-23
,Leon,1,1,0,0,Periodico Correo,2024-03-23
,Leon,1,1,0,0,Periodico Correo,2024-03-23
,Leon,2,2,0,0,Periodico Correo,2024-03-23
,Salamanca,1,0,1,0,Periodico Correo,2024-03-23
,Salvatierra,1,1,0,0,AM,2024-03-23
"Jalisco
(3)",Guadalajara,0,1,0,0,"Guardia
Nocturna",2024-03-23
,,1,0,0,0,,2024-03-23
,,0,0,0,0,,2024-03-23
,Tonala,2,1,1,0,Debate,2024-03-23
"Mexico
(7)",Jilotzingo,0,2,1,0,"Fiscalia General
de Edomex",2024-03-23
,,3,0,0,0,,2024-03-23
,,0,0,0,0,,2024-03-23
,Ocuilan,1,1,0,0,A Fondo Edomex,2024-03-23
,Tenango del,1,1,0,0,Tres PM Noticias,2024-03-23
,Valle,0,0,0,0,,2024-03-23
,Tepetlaoxtoc,1,1,0,0,Contra Papel,2024-03-23
,"Tlalnepantla
de Baz",0,1,0,0,La Jornada,2024-03-23
,,1,0,0,0,,2024-03-23
,,0,0,0,0,,2024-03-23
"Michoacan de
Ocampo
(2)",Paracuaro,1,1,0,0,Noventa Grados,2024-03-23
,Zamora,0,1,0,0,Red 113,2024-03-23
,,1,0,0,0,,2024-03-23
,,0,0,0,0,,2024-03-23
"Morelos
(3)",Cuautla,0,0,0,2,"Linea Caliente
Noticias",2024-03-23
,,2,0,0,0,,2024-03-23
,,0,0,0,0,,2024-03-23
,Jiutepec,1,1,0,0,24 Morelos,2024-03-23
"Nuevo Leon
(3)",Apodaca,1,1,0,0,La Tarde,2024-03-23
,Pesqueria,1,0,0,1,Callejero,2024-03-23
,Santa Catarina,1,0,1,0,ABC Noticias,2024-03-23
"Oaxaca
(5)","San Pedro
Ixtlahuaca",0,1,1,0,Zona Roja,2024-03-23
,,2,0,0,0,,2024-03-23
,,0,0,0,0,,2024-03-23
,"Santa Maria
Xadani",0,3,0,0,RIOaxaca,2024-03-23
,,3,0,0,0,,2024-03-23
,,0,0,0,0,,2024-03-23
"Puebla
(3)",Acatzingo,1,1,0,0,Quinceminutos,2024-03-23
,"Ayotoxco de
Guerrero",0,1,0,0,Urbano Puebla,2024-03-23
,,1,0,0,0,,2024-03-23
,,0,0,0,0,,2024-03-23
,Puebla,1,0,1,0,El Sol de Puebla,2024-03-23
"San Luis Potosi
(1)",San Luis Potosi,0,1,0,0,Pulso,2024-03-23
,,1,0,0,0,,2024-03-23
,,0,0,0,0,,2024-03-23
"Sonora
(1)",Cajeme,0,1,0,0,Diario del Yaqui,2024-03-23
,,1,0,0,0,,2024-03-23
,,0,0,0,0,,2024-03-23
"Tlaxcala
(1)",Totolac,0,1,0,0,El Diario,2024-03-23
,,1,0,0,0,,2024-03-23
,,0,0,0,0,,2024-03-23
"Veracruz de
Ignacio de la
Llave
(1)",Papantla,0,1,0,0,La Nigua,2024-03-23
,,1,0,0,0,,2024-03-23
,,0,0,0,0,,2024-03-23
Totales:,,58,46,9,3,,2024-03-23
