Entidad,Municipio,Muertos,Hombre,Mujer,No Identificado,Fuente,Fecha
,,0,0,0,0,,2024-04-08
,,0,0,0,0,,2024-04-08
,,0,0,0,0,,2024-04-08
"Baja
California
(8)",Ensenada,2,1,1,0,Debate,2024-04-08
,Tecate,1,1,0,0,Zeta Tijuana,2024-04-08
,Tijuana,1,0,0,1,Alfredoalvarez.mx,2024-04-08
,Tijuana,1,0,1,0,Alfredoalvarez.mx,2024-04-08
,Tijuana,1,1,0,0,El Imparcial,2024-04-08
,Tijuana,1,0,1,0,El Mexicano,2024-04-08
,Tijuana,1,0,0,1,Sintesis,2024-04-08
"Baja
California
Sur
(2)",Los Cabos,1,0,1,0,BCS Noticias,2024-04-08
,Mulege,0,1,0,0,El Sudcaliforniano,2024-04-08
,,1,0,0,0,,2024-04-08
,,0,0,0,0,,2024-04-08
"Chiapas
(5)","Ocozocoautla
de Espinosa",0,2,0,0,"El Heraldo de
Chiapas",2024-04-08
,,2,0,0,0,,2024-04-08
,,0,0,0,0,,2024-04-08
,Tapachula,2,2,0,0,Diario de Chiapas,2024-04-08
,Tapachula,1,1,0,0,Diario de Chiapas,2024-04-08
"Chihuahua
(6)",Juarez,0,0,1,0,"El Diario de
Chihuahua",2024-04-08
,,1,0,0,0,,2024-04-08
,,0,0,0,0,,2024-04-08
,Juarez,0,1,0,0,"El Diario de
Chihuahua",2024-04-08
,,1,0,0,0,,2024-04-08
,,0,0,0,0,,2024-04-08
,Juarez,1,0,1,0,La Opcion,2024-04-08
,Juarez,0,0,0,1,"La Opcion de
Chihuahua",2024-04-08
,,1,0,0,0,,2024-04-08
,,0,0,0,0,,2024-04-08
,Namiquipa,0,2,0,0,"El Diario de
Chihuahua",2024-04-08
,,2,0,0,0,,2024-04-08
,,0,0,0,0,,2024-04-08
"Ciudad de
Mexico
(1)","Gustavo A.
Madero",0,1,0,0,El Grafico,2024-04-08
,,1,0,0,0,,2024-04-08
,,0,0,0,0,,2024-04-08
"Colima
(1)",Villa de Alvarez,0,1,0,0,Diario de Colima,2024-04-08
,,1,0,0,0,,2024-04-08
,,0,0,0,0,,2024-04-08
"Durango
(1)",Durango,0,1,0,0,Notigram,2024-04-08
,,1,0,0,0,,2024-04-08
,,0,0,0,0,,2024-04-08
"Guanajuato
(15)",Abasolo,3,2,1,0,AM,2024-04-08
,Celaya,1,0,1,0,AM,2024-04-08
,Celaya,1,0,0,1,El Sol del Bajio,2024-04-08
,Celaya,1,1,0,0,Periodico Correo,2024-04-08
,Irapuato,1,1,0,0,El Sol de Irapuato,2024-04-08
,Irapuato,1,1,0,0,Periodico Correo,2024-04-08
,Irapuato,1,1,0,0,Periodico Correo,2024-04-08
,Leon,1,1,0,0,AM,2024-04-08
,Leon,1,0,0,1,Periodico Correo,2024-04-08
,Salamanca,0,1,0,0,"El Sol de
Salamanca",2024-04-08
,,1,0,0,0,,2024-04-08
,,0,0,0,0,,2024-04-08
,Salamanca,1,1,0,0,Periodico Correo,2024-04-08
,Salvatierra,1,1,0,0,Periodico Correo,2024-04-08
,"San Miguel de
Allende",0,0,1,0,El Sol del Bajio,2024-04-08
,,1,0,0,0,,2024-04-08
,,0,0,0,0,,2024-04-08
"Guerrero
(3)","Acapulco de
Juarez",0,1,0,0,Quadratin,2024-04-08
,,1,0,0,0,,2024-04-08
,,0,0,0,0,,2024-04-08
,"Acapulco de
Juarez",0,1,0,0,Quadratin Guerrero,2024-04-08
,,1,0,0,0,,2024-04-08
,,0,0,0,0,,2024-04-08
,"Acapulco de
Juarez",0,1,0,0,Quadratin Guerrero,2024-04-08
,,1,0,0,0,,2024-04-08
,,0,0,0,0,,2024-04-08
"Jalisco
(5)","San Pedro
Tlaquepaque",0,0,0,4,Debate,2024-04-08
,,4,0,0,0,,2024-04-08
,,0,0,0,0,,2024-04-08
,"Tlajomulco de
Zuniga",0,1,0,0,Guardia Nocturna,2024-04-08
,,1,0,0,0,,2024-04-08
,,0,0,0,0,,2024-04-08
"Mexico
(5)",Chalco,3,2,1,0,Milenio,2024-04-08
,"Ecatepec de
Morelos",0,0,1,0,La Prensa,2024-04-08
,,1,0,0,0,,2024-04-08
,,0,0,0,0,,2024-04-08
,"Villa de
Allende",0,1,0,0,"A Fondo Estado de
Mexico",2024-04-08
,,1,0,0,0,,2024-04-08
,,0,0,0,0,,2024-04-08
"Michoacan
de Ocampo
(2)",La Piedad,1,1,0,0,Quadratin,2024-04-08
,Zamora,0,1,0,0,Noventa Grados,2024-04-08
,,1,0,0,0,,2024-04-08
,,0,0,0,0,,2024-04-08
"Morelos
(8)",Axochiapan,1,1,0,0,Sin Linea,2024-04-08
,Ayala,1,0,0,1,El Sol de Cuautla,2024-04-08
,Cuautla,1,1,0,0,El Sol de Cuautla,2024-04-08
,Cuautla,1,1,0,0,Noticias de Cuautla,2024-04-08
,Jiutepec,1,0,1,0,Central de Noticias,2024-04-08
,Temixco,1,0,1,0,La Union,2024-04-08
,Tepalcingo,1,1,0,0,Noticias de Cuautla,2024-04-08
,Yautepec,1,1,0,0,Sin Linea,2024-04-08
"Nuevo Leon
(7)","Cienega de
Flores",0,1,0,0,Milenio,2024-04-08
,,1,0,0,0,,2024-04-08
,,0,0,0,0,,2024-04-08
,Garcia,1,0,1,0,Telediario,2024-04-08
,"General
Zuazua",0,0,0,2,Posta,2024-04-08
,,2,0,0,0,,2024-04-08
,,0,0,0,0,,2024-04-08
,Guadalupe,1,1,0,0,Telediario,2024-04-08
,Juarez,1,1,0,0,Posta,2024-04-08
,"San Nicolas de
los Garza",0,1,0,0,Telediario,2024-04-08
,,1,0,0,0,,2024-04-08
,,0,0,0,0,,2024-04-08
"Oaxaca
(2)","Santa Maria
Zacatepec",0,2,0,0,Quadratin,2024-04-08
,,2,0,0,0,,2024-04-08
,,0,0,0,0,,2024-04-08
"Puebla
(2)","San Martin
Texmelucan",0,1,0,0,Cinco Radio,2024-04-08
,,1,0,0,0,,2024-04-08
,,0,0,0,0,,2024-04-08
,Tehuacan,1,1,0,0,Periodico Central,2024-04-08
"Queretaro
(2)","San Juan del
Rio",0,2,0,0,"El Tiempo de
Queretaro",2024-04-08
,,2,0,0,0,,2024-04-08
,,0,0,0,0,,2024-04-08
"Quintana
Roo
(6)",Benito Juarez,1,1,0,0,Noticaribe,2024-04-08
,Benito Juarez,1,0,0,1,Por Esto!,2024-04-08
,Solidaridad,3,0,0,3,Punto de Quiebre,2024-04-08
,Tulum,1,0,0,1,De Peso,2024-04-08
"Sinaloa
(2)",Culiacan,1,0,0,1,EL Sol de Sinaloa,2024-04-08
,Navolato,1,1,0,0,Satelite Online,2024-04-08
"Sonora
(3)",Cajeme,1,1,0,0,Debate,2024-04-08
,Cajeme,1,1,0,0,Medios Obson,2024-04-08
,Cajeme,1,0,1,0,Medios Obson,2024-04-08
"Tabasco
(5)",Cardenas,0,1,0,0,"El Heraldo de
Tabasco",2024-04-08
,,1,0,0,0,,2024-04-08
,,0,0,0,0,,2024-04-08
,Centro,2,2,0,0,La Silla Rota,2024-04-08
,Comalcalco,0,1,0,0,"El Heraldo de
Tabasco",2024-04-08
,,1,0,0,0,,2024-04-08
,,0,0,0,0,,2024-04-08
,Nacajuca,1,1,0,0,XEVT,2024-04-08
"Veracruz de
Ignacio de la
Llave
(1)",Carrillo Puerto,0,0,1,0,"Vanguardia
Veracruz",2024-04-08
,,1,0,0,0,,2024-04-08
,,0,0,0,0,,2024-04-08
"Zacatecas
(1)",Jerez,0,0,1,0,NTR Zacatecas,2024-04-08
,,1,0,0,0,,2024-04-08
,,0,0,0,0,,2024-04-08
Totales:,,93,58,17,18,,2024-04-08
