Entidad,Municipio,Muertos,Hombre,Mujer,No Identificado,Fuente,Fecha
,,0,0,0,0,,2024-09-11
,,0,0,0,0,,2024-09-11
,,0,0,0,0,,2024-09-11
"Baja
California
(9)",Mexicali,1,1,0,0,La Voz de la Frontera,2024-09-11
,"Playas de
Rosarito",0,1,0,0,AFN Tijuana,2024-09-11
,,1,0,0,0,,2024-09-11
,,0,0,0,0,,2024-09-11
,Tijuana,1,1,0,0,El Imparcial,2024-09-11
,Tijuana,1,1,0,0,El Imparcial,2024-09-11
,Tijuana,1,0,1,0,Sintesis TV,2024-09-11
,Tijuana,1,1,0,0,Uniradio Informa,2024-09-11
,Tijuana,1,0,0,1,Uniradio Informa,2024-09-11
,Tijuana,1,0,1,0,Uniradio Informa,2024-09-11
,Tijuana,1,1,0,0,Uniradio Informa,2024-09-11
"Chihuahua
(1)",Cuauhtemoc,0,1,0,0,El Diario de Chihuahua,2024-09-11
,,1,0,0,0,,2024-09-11
,,0,0,0,0,,2024-09-11
"Coahuila
de
Zaragoza
(1)","San Juan de
Sabinas",0,0,1,0,SuperChanel,2024-09-11
,,1,0,0,0,,2024-09-11
,,0,0,0,0,,2024-09-11
"Colima
(1)",Manzanillo,0,1,0,0,Colima Noticias,2024-09-11
,,1,0,0,0,,2024-09-11
,,0,0,0,0,,2024-09-11
"Guanajuato
(12)",Apaseo el Alto,1,1,0,0,Noventa Grados,2024-09-11
,Celaya,2,0,0,2,Noticias Vespertinas,2024-09-11
,Comonfort,1,1,0,0,Excelsior,2024-09-11
,"Dolores
Hidalgo Cuna
de la
Independencia
Nacional",0,1,0,0,Periodico Correo,2024-09-11
,,1,0,0,0,,2024-09-11
,,0,0,0,0,,2024-09-11
,Leon,2,2,0,0,El Sol de Leon,2024-09-11
,Leon,1,1,0,0,Noticias Vespertinas,2024-09-11
,Salvatierra,1,1,0,0,Periodico Correo,2024-09-11
,"Santiago
Maravatio",0,2,0,0,Zona Franca,2024-09-11
,,2,0,0,0,,2024-09-11
,,0,0,0,0,,2024-09-11
,"Valle de
Santiago",0,1,0,0,AM,2024-09-11
,,1,0,0,0,,2024-09-11
,,0,0,0,0,,2024-09-11
"Guerrero
(2)","Acapulco de
Juarez",0,1,0,0,Diario de Guerrero,2024-09-11
,,1,0,0,0,,2024-09-11
,,0,0,0,0,,2024-09-11
,"Acapulco de
Juarez",0,1,0,0,Sur Acapulco,2024-09-11
,,1,0,0,0,,2024-09-11
,,0,0,0,0,,2024-09-11
Jalisco,Guadalajara,1,1,0,0,Notisistema,2024-09-11
(2),"Tlajomulco de
Zuniga",0,1,0,0,Lider Informativo 91.9 FM,2024-09-11
,,1,0,0,0,,2024-09-11
,,0,0,0,0,,2024-09-11
"Mexico
(4)","San Felipe del
Progreso",0,1,0,0,"A Fondo Estado de
Mexico",2024-09-11
,,1,0,0,0,,2024-09-11
,,0,0,0,0,,2024-09-11
,Tianguistenco,3,3,0,0,Milenio,2024-09-11
"Michoacan
de
Ocampo
(3)",Morelia,1,1,0,0,La Voz de Michoacan,2024-09-11
,Morelia,0,2,0,0,Mi Morelia,2024-09-11
,,2,0,0,0,,2024-09-11
,,0,0,0,0,,2024-09-11
"Morelos
(4)",Cuautla,1,1,0,0,Zona Centro Noticias,2024-09-11
,"Emiliano
Zapata",0,1,0,0,La Union de Morelos,2024-09-11
,,1,0,0,0,,2024-09-11
,,0,0,0,0,,2024-09-11
,Tlaquiltenango,1,0,1,0,La Union,2024-09-11
,Tlayacapan,1,1,0,0,La Union de Morelos,2024-09-11
"Nuevo
Leon
(5)","Cadereyta
Jimenez",0,2,0,0,Posta,2024-09-11
,,2,0,0,0,,2024-09-11
,,0,0,0,0,,2024-09-11
,Monterrey,1,1,0,0,El Porvenir,2024-09-11
,"San Nicolas de
los Garza",0,1,0,0,Milenio,2024-09-11
,,1,0,0,0,,2024-09-11
,,0,0,0,0,,2024-09-11
,Santa Catarina,1,1,0,0,El Porvenir,2024-09-11
"Oaxaca
(2)","San Gabriel
Mixtepec",0,1,0,0,NVI Noticias,2024-09-11
,,1,0,0,0,,2024-09-11
,,0,0,0,0,,2024-09-11
,"San Jeronimo
Tlacochahuaya",0,0,0,1,Acierta,2024-09-11
,,1,0,0,0,,2024-09-11
,,0,0,0,0,,2024-09-11
"Puebla
(2)",Puebla,1,1,0,0,Periodico Central,2024-09-11
,"San Martin
Texmelucan",0,1,0,0,Periodico Central,2024-09-11
,,1,0,0,0,,2024-09-11
,,0,0,0,0,,2024-09-11
"Queretaro
(1)",Queretaro,0,0,1,0,Alerta Qro,2024-09-11
,,1,0,0,0,,2024-09-11
,,0,0,0,0,,2024-09-11
"Quintana
Roo
(1)","Felipe Carrillo
Puerto",0,0,0,1,Noticaribe,2024-09-11
,,1,0,0,0,,2024-09-11
,,0,0,0,0,,2024-09-11
"San Luis
Potosi
(1)",San Luis Potosi,0,0,1,0,Quadratin,2024-09-11
,,1,0,0,0,,2024-09-11
,,0,0,0,0,,2024-09-11
"Sinaloa
(5)",Culiacan,1,1,0,0,A Discusion,2024-09-11
,Culiacan,1,1,0,0,Debate,2024-09-11
,Culiacan,1,1,0,0,Linea Directa,2024-09-11
,Culiacan,1,1,0,0,Los Noticieristas,2024-09-11
,Mazatlan,1,1,0,0,Debate,2024-09-11
"Sonora
(1)",Cajeme,0,1,0,0,Tribuna,2024-09-11
,,1,0,0,0,,2024-09-11
,,0,0,0,0,,2024-09-11
Tabasco,Centro,1,1,0,0,Tabasco al minuto,2024-09-11
(2),Centro,1,1,0,0,XEVA Noticias,2024-09-11
"Veracruz
de Ignacio
de la Llave
(1)",Tuxpan,0,1,0,0,Diario de Xalapa,2024-09-11
,,1,0,0,0,,2024-09-11
,,0,0,0,0,,2024-09-11
Totales:,,60,49,6,5,,2024-09-11
