Entidad,Municipio,Muertos,Hombre,Mujer,No Identificado,Fuente,Fecha
,,0,0,0,0,,2024-05-16
,,0,0,0,0,,2024-05-16
,,0,0,0,0,,2024-05-16
"Aguascalientes
(3)",Aguascalientes,1,1,0,0,El Clarinete,2024-05-16
,Aguascalientes,2,1,1,0,El Clarinete,2024-05-16
"Baja California
(2)",San Quintin,1,1,0,0,El Vigia,2024-05-16
,Tijuana,1,1,0,0,TV Azteca,2024-05-16
"Chiapas
(1)",Ocosingo,0,1,0,0,Diario de Chiapas,2024-05-16
,,1,0,0,0,,2024-05-16
,,0,0,0,0,,2024-05-16
"Colima
(3)",Colima,1,1,0,0,Colima Noticias,2024-05-16
,Colima,1,1,0,0,Colima Noticias,2024-05-16
,Villa de Alvarez,1,1,0,0,AFmedios,2024-05-16
"Guanajuato
(6)",Celaya,1,1,0,0,Periodico Correo,2024-05-16
,Irapuato,1,0,1,0,El Sol de Irapuato,2024-05-16
,Leon,2,0,0,2,El Sol de Leon,2024-05-16
,Leon,1,1,0,0,Periodico Correo,2024-05-16
,"Valle de
Santiago",0,1,0,0,Periodico Correo,2024-05-16
,,1,0,0,0,,2024-05-16
,,0,0,0,0,,2024-05-16
"Guerrero
(8)","Acapulco de
Juarez",0,0,0,2,El Sur,2024-05-16
,,2,0,0,0,,2024-05-16
,,0,0,0,0,,2024-05-16
,"Acapulco de
Juarez",0,0,0,4,Por Esto!,2024-05-16
,,4,0,0,0,,2024-05-16
,,0,0,0,0,,2024-05-16
,"Acapulco de
Juarez",0,1,0,0,Quadratin,2024-05-16
,,1,0,0,0,,2024-05-16
,,0,0,0,0,,2024-05-16
,"Acapulco de
Juarez",0,0,1,0,Sintesis,2024-05-16
,,1,0,0,0,,2024-05-16
,,0,0,0,0,,2024-05-16
"Hidalgo
(1)","Pachuca de
Soto",0,1,0,0,La Jornada,2024-05-16
,,1,0,0,0,,2024-05-16
,,0,0,0,0,,2024-05-16
"Mexico
(5)",Aculco,1,1,0,0,La Prensa,2024-05-16
,Chalco,1,1,0,0,La Prensa,2024-05-16
,"Coacalco de
Berriozabal",0,2,0,0,El Universal,2024-05-16
,,2,0,0,0,,2024-05-16
,,0,0,0,0,,2024-05-16
,Toluca,1,1,0,0,A Fondo Edomex,2024-05-16
"Michoacan de
Ocampo
(8)",Morelia,2,0,0,2,Noventa Grados,2024-05-16
,Morelia,1,0,1,0,Primera Plana,2024-05-16
,Morelia,2,2,0,0,Quadratin,2024-05-16
,Morelia,1,1,0,0,Quadratin,2024-05-16
,Zamora,1,1,0,0,Noventa Grados,2024-05-16
,Ziracuaretiro,1,0,0,1,Quadratin,2024-05-16
"Morelos
(4)",Temixco,1,1,0,0,Diario de Morelos,2024-05-16
,Tlaquiltenango,3,3,0,0,La Union,2024-05-16
"Nuevo Leon
(4)","Cienega de
Flores",0,1,0,0,Milenio,2024-05-16
,,1,0,0,0,,2024-05-16
,,0,0,0,0,,2024-05-16
,"General
Zuazua",0,2,0,0,Posta,2024-05-16
,,2,0,0,0,,2024-05-16
,,0,0,0,0,,2024-05-16
,Monterrey,1,0,1,0,Quadratin,2024-05-16
"Oaxaca
(3)","Juchitan de
Zaragoza",0,1,0,0,"El Pinero de la
Cuenca",2024-05-16
,,1,0,0,0,,2024-05-16
,,0,0,0,0,,2024-05-16
,"Reforma de
Pineda",0,1,0,0,"El Pinero de la
Cuenca",2024-05-16
,,1,0,0,0,,2024-05-16
,,0,0,0,0,,2024-05-16
,"San Luis
Amatlan",0,0,1,0,"El Pinero de la
Cuenca",2024-05-16
,,1,0,0,0,,2024-05-16
,,0,0,0,0,,2024-05-16
"Puebla
(4)","General Felipe
Angeles",0,1,0,0,MTP Noticias,2024-05-16
,,1,0,0,0,,2024-05-16
,,0,0,0,0,,2024-05-16
,Puebla,1,1,0,0,Intolerencia Diario,2024-05-16
,Puebla,1,1,0,0,Puebla Roja,2024-05-16
,Tehuacan,1,1,0,0,El Sol de Puebla,2024-05-16
"Quintana Roo
(2)",Benito Juarez,0,2,0,0,Noticaribe,2024-05-16
,,2,0,0,0,,2024-05-16
,,0,0,0,0,,2024-05-16
"San Luis Potosi
(2)",Ebano,1,1,0,0,Pulso San Luis Potosi,2024-05-16
,Tamuin,1,1,0,0,Pulso San Luis Potosi,2024-05-16
"Sinaloa
(3)",Choix,1,1,0,0,Linea Directa,2024-05-16
,Culiacan,1,0,0,1,Cafe Negro Portal,2024-05-16
,Culiacan,1,1,0,0,EL Sol de Sinaloa,2024-05-16
"Tabasco
(2)",Comalcalco,0,2,0,0,Tabasco Hoy,2024-05-16
,,2,0,0,0,,2024-05-16
,,0,0,0,0,,2024-05-16
"Zacatecas
(1)",Guadalupe,0,1,0,0,NTR Zacatecas,2024-05-16
,,1,0,0,0,,2024-05-16
,,0,0,0,0,,2024-05-16
Totales:,,62,44,6,12,,2024-05-16
