Entidad,Municipio,Muertos,Hombre,Mujer,No Identificado,Fuente,Fecha
,,0,0,0,0,,2024-03-29
,,0,0,0,0,,2024-03-29
,,0,0,0,0,,2024-03-29
"Aguascalientes
(1)",Calvillo,0,0,1,0,Mas que Radio,2024-03-29
,,1,0,0,0,,2024-03-29
,,0,0,0,0,,2024-03-29
"Baja California
(1)",Tijuana,0,1,0,0,Punto Norte,2024-03-29
,,1,0,0,0,,2024-03-29
,,0,0,0,0,,2024-03-29
"Chiapas
(2)","Benemerito
de las
Americas",0,1,0,0,Portavoz Chiapas,2024-03-29
,,1,0,0,0,,2024-03-29
,,0,0,0,0,,2024-03-29
,Palenque,1,0,1,0,Minuto Chiapas,2024-03-29
"Ciudad de Mexico
(1)","Gustavo A.
Madero",0,0,1,0,Milenio,2024-03-29
,,1,0,0,0,,2024-03-29
,,0,0,0,0,,2024-03-29
"Colima
(2)",Cuauhtemoc,1,0,0,1,Colima Noticias,2024-03-29
,Manzanillo,1,1,0,0,El Noticiero,2024-03-29
"Guanajuato
(1)",Celaya,0,1,0,0,Periodico Correo,2024-03-29
,,1,0,0,0,,2024-03-29
,,0,0,0,0,,2024-03-29
"Hidalgo
(1)",Ixmiquilpan,0,1,0,0,Excelsior,2024-03-29
,,1,0,0,0,,2024-03-29
,,0,0,0,0,,2024-03-29
"Jalisco
(4)",Guadalajara,3,3,0,0,Quadratin,2024-03-29
,Zapotlanejo,1,0,0,1,La Cronica,2024-03-29
"Mexico
(9)",Atlautla,1,0,1,0,A Fondo Edomex,2024-03-29
,"Naucalpan de
Juarez",0,1,0,0,Reforma,2024-03-29
,,1,0,0,0,,2024-03-29
,,0,0,0,0,,2024-03-29
,Polotitlan,0,5,1,0,"El Sol de San Juan
Del Rio",2024-03-29
,,6,0,0,0,,2024-03-29
,,0,0,0,0,,2024-03-29
,"Valle de
Chalco
Solidaridad",0,0,0,1,"Alerta Valle de
Chalco",2024-03-29
,,1,0,0,0,,2024-03-29
,,0,0,0,0,,2024-03-29
"Michoacan de
Ocampo
(3)",Uruapan,2,2,0,0,Quadratin,2024-03-29
,Uruapan,0,1,0,0,RED Michoacan,2024-03-29
,,1,0,0,0,,2024-03-29
,,0,0,0,0,,2024-03-29
"Morelos
(5)",Jiutepec,1,1,0,0,Diario de Morelos,2024-03-29
,Jiutepec,1,1,0,0,El Ojo de Morelos,2024-03-29
,Jiutepec,1,1,0,0,TV Azteca,2024-03-29
,Jiutepec,0,1,0,0,"Zona Centro
Noticias",2024-03-29
,,1,0,0,0,,2024-03-29
,,0,0,0,0,,2024-03-29
,Miacatlan,1,1,0,0,Extra Express,2024-03-29
"Oaxaca
(3)","Putla Villa de
Guerrero",0,1,0,0,Imparcial,2024-03-29
,,1,0,0,0,,2024-03-29
,,0,0,0,0,,2024-03-29
,"San Jeronimo
Silacayoapilla",0,1,0,0,Quadratin,2024-03-29
,,1,0,0,0,,2024-03-29
,,0,0,0,0,,2024-03-29
,"Santiago
Tetepec",0,1,0,0,MX Politico,2024-03-29
,,1,0,0,0,,2024-03-29
,,0,0,0,0,,2024-03-29
"Puebla
(6)","Canada
Morelos",0,0,0,1,MTP Noticias,2024-03-29
,,1,0,0,0,,2024-03-29
,,0,0,0,0,,2024-03-29
,Cuautlancingo,1,1,0,0,Urbano Puebla,2024-03-29
,Huejotzingo,0,1,0,0,"Intolerencia
Diario",2024-03-29
,,1,0,0,0,,2024-03-29
,,0,0,0,0,,2024-03-29
,Nicolas Bravo,1,1,0,0,Puebla Hoy,2024-03-29
,Puebla,1,1,0,0,Urbano Puebla,2024-03-29
,Tepexco,1,1,0,0,Urbano Puebla,2024-03-29
"Queretaro
(1)","San Juan del
Rio",0,1,0,0,Plaza de Armas,2024-03-29
,,1,0,0,0,,2024-03-29
,,0,0,0,0,,2024-03-29
"Quintana Roo
(1)","Puerto
Morelos",0,1,0,0,Quadratin,2024-03-29
,,1,0,0,0,,2024-03-29
,,0,0,0,0,,2024-03-29
"Sinaloa
(1)",Guasave,0,0,0,1,Los Noticieristas,2024-03-29
,,1,0,0,0,,2024-03-29
,,0,0,0,0,,2024-03-29
"Sonora
(1)",Hermosillo,0,1,0,0,El Mitotero,2024-03-29
,,1,0,0,0,,2024-03-29
,,0,0,0,0,,2024-03-29
"Tamaulipas
(2)",Reynosa,1,1,0,0,Hoy Tamaulipas,2024-03-29
,Reynosa,1,1,0,0,La Tarde,2024-03-29
"Tlaxcala
(2)",Apizaco,1,0,1,0,Alerta Chiapas,2024-03-29
,Huamantla,1,1,0,0,385 Grados,2024-03-29
"Zacatecas
(1)",Guadalupe,0,1,0,0,NTR Zacatecas,2024-03-29
,,1,0,0,0,,2024-03-29
,,0,0,0,0,,2024-03-29
Totales:,,48,37,6,5,,2024-03-29
