Entidad,Municipio,Muertos,Hombre,Mujer,No Identificado,Fuente,Fecha
,,0,0,0,0,,2024-08-10
,,0,0,0,0,,2024-08-10
,,0,0,0,0,,2024-08-10
"Baja
California
(10)",Tijuana,1,1,0,0,Alfredoalvarez.mx,2024-08-10
,Tijuana,3,3,0,0,El Mexicano,2024-08-10
,Tijuana,2,2,0,0,El Mexicano,2024-08-10
,Tijuana,1,1,0,0,El Mexicano,2024-08-10
,Tijuana,1,0,0,1,El Mexicano,2024-08-10
,Tijuana,1,0,0,1,Sintesis TV,2024-08-10
,Tijuana,1,1,0,0,Uniradio Informa,2024-08-10
"Chihuahua
(8)",Balleza,1,1,0,0,El Diario de Chihuahua,2024-08-10
,Chihuahua,1,1,0,0,El heraldo de Chihuahua,2024-08-10
,Juarez,1,1,0,0,La Opcion de Chihuahua,2024-08-10
,Juarez,1,0,1,0,La Opcion de Chihuahua,2024-08-10
,Juarez,2,2,0,0,La Opcion de Chihuahua,2024-08-10
,Juarez,1,0,1,0,Net Noticias,2024-08-10
,Juarez,1,1,0,0,Net Noticias,2024-08-10
"Ciudad de
Mexico (1)",Tlalpan,0,1,0,0,La Prensa,2024-08-10
,,1,0,0,0,,2024-08-10
,,0,0,0,0,,2024-08-10
"Coahuila
de
Zaragoza
(1)",Monclova,0,1,0,0,La Prensa de Monclova,2024-08-10
,,1,0,0,0,,2024-08-10
,,0,0,0,0,,2024-08-10
Colima (2),Colima,1,1,0,0,Colima al dia,2024-08-10
,Manzanillo,1,1,0,0,Colima Noticias,2024-08-10
"Guanajuato
(8)",Celaya,1,1,0,0,Periodico Correo,2024-08-10
,Irapuato,1,1,0,0,Periodico Correo,2024-08-10
,Leon,2,2,0,0,Noticias Vespertinas,2024-08-10
,Leon,2,2,0,0,Noticias Vespertinas,2024-08-10
,Leon,1,1,0,0,Periodico Correo,2024-08-10
,Salamanca,1,0,0,1,Noticias Vespertinas,2024-08-10
Guerrero (1),"Acapulco de
Juarez",0,1,0,0,"Agencia de Noticias
Guerrero",2024-08-10
,,1,0,0,0,,2024-08-10
,,0,0,0,0,,2024-08-10
Jalisco (5),Guadalajara,1,1,0,0,Guardia Nocturna,2024-08-10
,Guadalajara,1,1,0,0,Guardia Nocturna,2024-08-10
,"San Pedro
Tlaquepaque",0,1,0,0,Guardia Nocturna,2024-08-10
,,1,0,0,0,,2024-08-10
,,0,0,0,0,,2024-08-10
,"San Pedro
Tlaquepaque",0,2,0,0,Informador,2024-08-10
,,2,0,0,0,,2024-08-10
,,0,0,0,0,,2024-08-10
Mexico (3),"San Mateo
Atenco",0,2,0,0,A Fondo Edomex,2024-08-10
,,2,0,0,0,,2024-08-10
,,0,0,0,0,,2024-08-10
,Toluca,1,1,0,0,A Fondo Edomex,2024-08-10
"Michoacan
de
Ocampo
(2)","Alvaro
Obregon",0,2,0,0,Noventa Grados,2024-08-10
,,2,0,0,0,,2024-08-10
,,0,0,0,0,,2024-08-10
Morelos (4),Cuautla,1,1,0,0,El Sol de Cuautla,2024-08-10
,Cuernavaca,1,1,0,0,El Sol de Cuernavaca,2024-08-10
,Totolapan,1,0,1,0,Noticias de Cuautla,2024-08-10
,Yecapixtla,1,1,0,0,El Sol de Cuautla,2024-08-10
Nayarit (1),Ruiz,1,1,0,0,NTV,2024-08-10
"Nuevo
Leon (1)",Allende,0,1,0,0,El Porvenir,2024-08-10
,,1,0,0,0,,2024-08-10
,,0,0,0,0,,2024-08-10
Oaxaca (1),"Heroica
Ciudad de
Ejutla de
Crespo",0,1,0,0,Quadratin Oaxaca,2024-08-10
,,1,0,0,0,,2024-08-10
,,0,0,0,0,,2024-08-10
Puebla (2),Huejotzingo,1,0,0,1,Cinco Radio,2024-08-10
,"San Gregorio
Atzompa",0,1,0,0,Periodico Central,2024-08-10
,,1,0,0,0,,2024-08-10
,,0,0,0,0,,2024-08-10
"Quintana
Roo (1)","Benito
Juarez",0,1,0,0,Por Esto!,2024-08-10
,,1,0,0,0,,2024-08-10
,,0,0,0,0,,2024-08-10
"San Luis
Potosi (3)",Salinas,1,1,0,0,Pulso,2024-08-10
,"San Luis
Potosi",0,0,1,0,Pulso San Luis Potosi,2024-08-10
,,1,0,0,0,,2024-08-10
,,0,0,0,0,,2024-08-10
,"Soledad de
Graciano
Sanchez",0,1,0,0,Pulso San Luis Potosi,2024-08-10
,,1,0,0,0,,2024-08-10
,,0,0,0,0,,2024-08-10
Sinaloa (3),Culiacan,1,0,0,1,El Universal,2024-08-10
,Culiacan,1,1,0,0,Viva La Noticia,2024-08-10
,Navolato,1,1,0,0,Cafe Negro Portal,2024-08-10
"Tamaulipas
(1)",Reynosa,0,1,0,0,Hoy Tamaulipas,2024-08-10
,,1,0,0,0,,2024-08-10
,,0,0,0,0,,2024-08-10
Totales:,,58,49,4,5,,2024-08-10
