Entidad,Municipio,Muertos,Hombre,Mujer,No Identificado,Fuente,Fecha
,,0,0,0,0,,2024-06-05
,,0,0,0,0,,2024-06-05
,,0,0,0,0,,2024-06-05
"Aguascalientes
(3)",Jesus Maria,1,1,0,0,El Clarinete,2024-06-05
,"Pabellon de
Arteaga",0,1,0,0,El Clarinete,2024-06-05
,,1,0,0,0,,2024-06-05
,,0,0,0,0,,2024-06-05
,"San Francisco
de los Romo",0,1,0,0,El Clarinete,2024-06-05
,,1,0,0,0,,2024-06-05
,,0,0,0,0,,2024-06-05
"Baja California
(1)",Tijuana,0,0,0,1,El Sol de Tijuana,2024-06-05
,,1,0,0,0,,2024-06-05
,,0,0,0,0,,2024-06-05
"Chiapas
(1)",Tapachula,0,1,0,0,Diario del Sur,2024-06-05
,,1,0,0,0,,2024-06-05
,,0,0,0,0,,2024-06-05
"Chihuahua
(3)",Juarez,1,1,0,0,El Diario de Chihuahua,2024-06-05
,Juarez,0,1,0,0,"La Opcion de
Chihuahua",2024-06-05
,,1,0,0,0,,2024-06-05
,,0,0,0,0,,2024-06-05
,Juarez,1,1,0,0,Norte Digital,2024-06-05
"Colima
(20)",Tecoman,0,0,0,20,Avanzada,2024-06-05
,,20,0,0,0,,2024-06-05
,,0,0,0,0,,2024-06-05
"Guanajuato
(14)",Acambaro,1,1,0,0,El Sol del Bajio,2024-06-05
,"Apaseo el
Grande",0,1,0,0,El Sol del Bajio,2024-06-05
,,1,0,0,0,,2024-06-05
,,0,0,0,0,,2024-06-05
,Celaya,1,1,0,0,Noventa Grados,2024-06-05
,"Jaral del
Progreso",0,3,0,0,Periodico Correo,2024-06-05
,,3,0,0,0,,2024-06-05
,,0,0,0,0,,2024-06-05
,Leon,1,0,0,1,El Sol de Leon,2024-06-05
,Leon,1,1,0,0,Noticias Vespertinas,2024-06-05
,Leon,1,0,0,1,Pagina Central,2024-06-05
,Leon,1,0,1,0,Periodico Correo,2024-06-05
,Salamanca,1,0,1,0,Periodico Correo,2024-06-05
,Salamanca,1,1,0,0,Periodico Correo,2024-06-05
,"San Francisco
del Rincon",0,1,0,0,El Sol de Leon,2024-06-05
,,1,0,0,0,,2024-06-05
,,0,0,0,0,,2024-06-05
,Tarimoro,1,0,0,1,Milenio,2024-06-05
"Guerrero
(5)","Acapulco de
Juarez",0,1,0,0,Al Tanto Guerrero,2024-06-05
,,1,0,0,0,,2024-06-05
,,0,0,0,0,,2024-06-05
,"Acapulco de
Juarez",0,1,0,0,El Sol de Acapulco,2024-06-05
,,1,0,0,0,,2024-06-05
,,0,0,0,0,,2024-06-05
,"Acapulco de
Juarez",0,1,0,0,Quadratin,2024-06-05
,,1,0,0,0,,2024-06-05
,,0,0,0,0,,2024-06-05
,Acapulco de,1,1,0,0,Sur Acapulco,2024-06-05
,Juarez,0,0,0,0,,2024-06-05
,"Chilpancingo
de los Bravo",0,1,0,0,El Sol de Chilpancingo,2024-06-05
,,1,0,0,0,,2024-06-05
,,0,0,0,0,,2024-06-05
"Hidalgo
(1)","Tepeji del Rio
de Ocampo",0,1,0,0,El Sol de Hidalgo,2024-06-05
,,1,0,0,0,,2024-06-05
,,0,0,0,0,,2024-06-05
"Jalisco
(6)",El Salto,1,1,0,0,Telediario,2024-06-05
,Guadalajara,1,1,0,0,Guardia Nocturna,2024-06-05
,"San Pedro
Tlaquepaque",0,1,0,0,Guardia Nocturna,2024-06-05
,,1,0,0,0,,2024-06-05
,,0,0,0,0,,2024-06-05
,"Tlajomulco de
Zuniga",0,1,2,0,Notisistema,2024-06-05
,,3,0,0,0,,2024-06-05
,,0,0,0,0,,2024-06-05
"Mexico
(3)",La Paz,0,1,0,0,"Reporteros en
Movimiento",2024-06-05
,,1,0,0,0,,2024-06-05
,,0,0,0,0,,2024-06-05
,Toluca,1,1,0,0,El Sol de Toluca,2024-06-05
,"Valle de
Chalco
Solidaridad",0,1,0,0,"Reporteros en
Movimiento",2024-06-05
,,1,0,0,0,,2024-06-05
,,0,0,0,0,,2024-06-05
"Michoacan de
Ocampo
(1)",Morelia,0,1,0,0,"PCM Agencia de
Noticias",2024-06-05
,,1,0,0,0,,2024-06-05
,,0,0,0,0,,2024-06-05
"Morelos
(2)",Jiutepec,1,1,0,0,La Union,2024-06-05
,Miacatlan,1,1,0,0,La Cronica de Morelos,2024-06-05
"Nuevo Leon
(2)","General
Escobedo",0,1,0,0,El Porvenir,2024-06-05
,,1,0,0,0,,2024-06-05
,,0,0,0,0,,2024-06-05
,Juarez,1,1,0,0,Milenio,2024-06-05
"Oaxaca
(1)","San Pedro
Pochutla",0,0,1,0,Publimar,2024-06-05
,,1,0,0,0,,2024-06-05
,,0,0,0,0,,2024-06-05
"Puebla
(2)",Tehuitzingo,0,2,0,0,Periodico Central,2024-06-05
,,2,0,0,0,,2024-06-05
,,0,0,0,0,,2024-06-05
"Quintana Roo
(2)",Benito Juarez,1,0,0,1,DigitalNewsQR,2024-06-05
,Cozumel,1,1,0,0,Noticaribe,2024-06-05
"San Luis Potosi
(1)","San Luis
Potosi",0,1,0,0,NTR Zacatecas,2024-06-05
,,1,0,0,0,,2024-06-05
,,0,0,0,0,,2024-06-05
"Sinaloa
(1)",Culiacan,0,1,0,0,Los Noticieristas,2024-06-05
,,1,0,0,0,,2024-06-05
,,0,0,0,0,,2024-06-05
"Sonora
(2)",Cajeme,1,1,0,0,Tribuna,2024-06-05
,Guaymas,1,1,0,0,Medios Obson,2024-06-05
"Tabasco
(1)",Macuspana,0,1,0,0,Tabasco Hoy,2024-06-05
,,1,0,0,0,,2024-06-05
,,0,0,0,0,,2024-06-05
"Tlaxcala
(1)",Zacatelco,0,1,0,0,El Sol de Tlaxcala,2024-06-05
,,1,0,0,0,,2024-06-05
,,0,0,0,0,,2024-06-05
"Veracruz de
Ignacio de la",Coatzacoalcos,1,1,0,0,La Silla Rota,2024-06-05
,Cuichapa,1,1,0,0,El Sol de Cordoba,2024-06-05
"Llave
(2)",,0,0,0,0,,2024-06-05
"Zacatecas
(1)","General
Panfilo Natera",0,1,0,0,Express Zacatecas,2024-06-05
,,1,0,0,0,,2024-06-05
,,0,0,0,0,,2024-06-05
Totales:,,76,46,5,25,,2024-06-05
