Entidad,Municipio,Muertos,Hombre,Mujer,No Identificado,Fuente,Fecha
,,0,0,0,0,,2024-03-25
,,0,0,0,0,,2024-03-25
,,0,0,0,0,,2024-03-25
"Baja California
(5)",Mexicali,1,1,0,0,La Voz de la Frontera,2024-03-25
,Tijuana,1,1,0,0,Uniradio Informa,2024-03-25
,Tijuana,2,1,1,0,Uniradio Informa,2024-03-25
,Tijuana,1,1,0,0,Uniradio Informa,2024-03-25
"Chiapas
(5)",Berriozabal,2,2,0,0,Aristegui Noticias,2024-03-25
,Tapachula,1,0,1,0,La Jornada,2024-03-25
,Tonala,1,1,0,0,Milenio,2024-03-25
,"Tuxtla
Gutierrez",0,1,0,0,Diario de Chiapas,2024-03-25
,,1,0,0,0,,2024-03-25
,,0,0,0,0,,2024-03-25
"Colima
(1)",Coquimatlan,0,1,0,0,Colima Noticias,2024-03-25
,,1,0,0,0,,2024-03-25
,,0,0,0,0,,2024-03-25
"Guanajuato
(10)",Celaya,1,1,0,0,El Sol del Bajio,2024-03-25
,Leon,3,1,2,0,Periodico Correo,2024-03-25
,Penjamo,2,1,1,0,Periodico Correo,2024-03-25
,Salamanca,1,0,1,0,El Sol de Salamanca,2024-03-25
,Salamanca,1,1,0,0,El Sol de Salamanca,2024-03-25
,"San Miguel
de Allende",0,1,0,0,Periodico Correo,2024-03-25
,,1,0,0,0,,2024-03-25
,,0,0,0,0,,2024-03-25
,Villagran,1,0,0,1,Celaya News,2024-03-25
"Guerrero
(3)","Acapulco de
Juarez",0,2,0,0,El Sol de Acapulco,2024-03-25
,,2,0,0,0,,2024-03-25
,,0,0,0,0,,2024-03-25
,"Chilpancingo
de los Bravo",0,1,0,0,El Sur,2024-03-25
,,1,0,0,0,,2024-03-25
,,0,0,0,0,,2024-03-25
"Hidalgo
(1)",Apan,0,1,0,0,El Sol de Hidalgo,2024-03-25
,,1,0,0,0,,2024-03-25
,,0,0,0,0,,2024-03-25
"Jalisco
(9)","Encarnacion
de Diaz",0,4,1,0,Twitter,2024-03-25
,,5,0,0,0,,2024-03-25
,,0,0,0,0,,2024-03-25
,Guadalajara,1,1,0,0,Telediario,2024-03-25
,"San Pedro
Tlaquepaque",0,1,0,0,Guardia Nocturna,2024-03-25
,,1,0,0,0,,2024-03-25
,,0,0,0,0,,2024-03-25
,"San Pedro
Tlaquepaque",0,1,0,0,Telediario,2024-03-25
,,1,0,0,0,,2024-03-25
,,0,0,0,0,,2024-03-25
,Zapopan,0,1,0,0,"Lider Informativo 91.9
FM",2024-03-25
,,1,0,0,0,,2024-03-25
,,0,0,0,0,,2024-03-25
"Mexico
(4)",Metepec,0,1,0,0,"A Fondo Estado de
Mexico",2024-03-25
,,1,0,0,0,,2024-03-25
,,0,0,0,0,,2024-03-25
,Tlalnepantla,1,1,0,0,El Grafico,2024-03-25
,de Baz,0,0,0,0,,2024-03-25
,Toluca,1,1,0,0,El Sol de Toluca,2024-03-25
,"Valle de
Chalco
Solidaridad",0,1,0,0,Reforma,2024-03-25
,,1,0,0,0,,2024-03-25
,,0,0,0,0,,2024-03-25
"Michoacan de
Ocampo
(2)",Tarimbaro,1,0,1,0,Red 113,2024-03-25
,Uruapan,0,1,0,0,Red 113,2024-03-25
,,1,0,0,0,,2024-03-25
,,0,0,0,0,,2024-03-25
"Morelos
(1)",Ayala,0,1,0,0,La Cronica,2024-03-25
,,1,0,0,0,,2024-03-25
,,0,0,0,0,,2024-03-25
"Nuevo Leon
(2)",Monterrey,1,0,0,1,El Porvenir,2024-03-25
,Monterrey,1,1,0,0,Telediario,2024-03-25
"Puebla
(5)",Acatzingo,1,1,0,0,Urbano Puebla,2024-03-25
,Cohuecan,2,2,0,0,Municipios Puebla,2024-03-25
,Jolalpan,2,2,0,0,Puebla Roja,2024-03-25
"Queretaro
(1)",Queretaro,0,1,0,0,Quadratin,2024-03-25
,,1,0,0,0,,2024-03-25
,,0,0,0,0,,2024-03-25
"Quintana Roo
(4)","Benito
Juarez",0,1,0,0,De Peso,2024-03-25
,,1,0,0,0,,2024-03-25
,,0,0,0,0,,2024-03-25
,"Benito
Juarez",0,0,0,2,Por Esto!,2024-03-25
,,2,0,0,0,,2024-03-25
,,0,0,0,0,,2024-03-25
,"Othon P.
Blanco",0,1,0,0,Quintana Roo Hoy,2024-03-25
,,1,0,0,0,,2024-03-25
,,0,0,0,0,,2024-03-25
"San Luis Potosi
(6)",Cardenas,5,5,0,0,El Heraldo de Mexico,2024-03-25
,"Soledad de
Graciano
Sanchez",0,1,0,0,Pulso San Luis Potosi,2024-03-25
,,1,0,0,0,,2024-03-25
,,0,0,0,0,,2024-03-25
"Sinaloa
(1)",Culiacan,0,1,0,0,EL Sol de Sinaloa,2024-03-25
,,1,0,0,0,,2024-03-25
,,0,0,0,0,,2024-03-25
"Sonora
(7)",Caborca,3,2,1,0,Diario del Yaqui,2024-03-25
,Cajeme,1,1,0,0,Entorno Informativo,2024-03-25
,Cajeme,1,1,0,0,Tribuna,2024-03-25
,"San Luis Rio
Colorado",0,2,0,0,Tribuna de San Luis,2024-03-25
,,2,0,0,0,,2024-03-25
,,0,0,0,0,,2024-03-25
"Tabasco
(7)",Centro,1,0,0,1,XEVA Noticias,2024-03-25
,Paraiso,6,6,0,0,Tabasco Hoy,2024-03-25
"Veracruz de
Ignacio de la
Llave
(3)",Soconusco,2,1,1,0,La Silla Rota,2024-03-25
,"Soledad de
Doblado",0,1,0,0,"Gobernantes
Veracruz",2024-03-25
,,1,0,0,0,,2024-03-25
,,0,0,0,0,,2024-03-25
Totales:,,77,62,10,5,,2024-03-25
