Entidad,Municipio,Muertos,Hombre,Mujer,No Identificado,Fuente,Fecha
,,0,0,0,0,,2024-04-19
,,0,0,0,0,,2024-04-19
,,0,0,0,0,,2024-04-19
"Baja
California
(7)",Mexicali,0,1,0,0,"La Voz de la
Frontera",2024-04-19
,,1,0,0,0,,2024-04-19
,,0,0,0,0,,2024-04-19
,Tijuana,1,1,0,0,El Mexicano,2024-04-19
,Tijuana,1,1,0,0,Esquina 32,2024-04-19
,Tijuana,1,1,0,0,Esquina 32,2024-04-19
,Tijuana,1,1,0,0,Esquina 32,2024-04-19
,Tijuana,0,1,0,0,"Uniradio
Informa",2024-04-19
,,1,0,0,0,,2024-04-19
,,0,0,0,0,,2024-04-19
,Tijuana,1,0,0,1,Zeta Tijuana,2024-04-19
"Chiapas
(1)",Tapachula,0,0,0,1,"Diario de
Chiapas",2024-04-19
,,1,0,0,0,,2024-04-19
,,0,0,0,0,,2024-04-19
"Chihuahua
(1)",Juarez,0,1,0,0,"La Opcion de
Chihuahua",2024-04-19
,,1,0,0,0,,2024-04-19
,,0,0,0,0,,2024-04-19
"Colima
(2)",Coquimatlan,1,0,0,1,Colima Noticias,2024-04-19
,Villa de Alvarez,1,1,0,0,Colima Noticias,2024-04-19
"Guanajuato
(8)",Celaya,2,2,0,0,El Sol del Bajio,2024-04-19
,Irapuato,1,1,0,0,AM,2024-04-19
,Irapuato,0,1,0,0,"Guanajuato
Informa",2024-04-19
,,1,0,0,0,,2024-04-19
,,0,0,0,0,,2024-04-19
,Leon,1,1,0,0,El Sol de Leon,2024-04-19
,Leon,1,0,1,0,Pagina Central,2024-04-19
,Leon,1,1,0,0,Periodico Correo,2024-04-19
,Leon,1,1,0,0,Zona Franca,2024-04-19
"Guerrero
(1)","Acapulco de
Juarez",0,0,0,1,"El Sol de
Chilpancingo",2024-04-19
,,1,0,0,0,,2024-04-19
,,0,0,0,0,,2024-04-19
"Jalisco
(4)","Tlajomulco de
Zuniga",0,0,1,0,"Guardia
Nocturna",2024-04-19
,,1,0,0,0,,2024-04-19
,,0,0,0,0,,2024-04-19
,Tonala,0,1,0,0,"Guardia
Nocturna",2024-04-19
,,1,0,0,0,,2024-04-19
,,0,0,0,0,,2024-04-19
,Tonala,0,0,1,0,"Guardia
Nocturna",2024-04-19
,,1,0,0,0,,2024-04-19
,,0,0,0,0,,2024-04-19
,Zapopan,0,1,0,0,"El Siglo de
Durango",2024-04-19
,,1,0,0,0,,2024-04-19
,,0,0,0,0,,2024-04-19
"Michoacan
de Ocampo
(2)",Cuitzeo,1,1,0,0,Mi Morelia,2024-04-19
,Tarimbaro,0,1,0,0,"La Voz de
Michoacan",2024-04-19
,,1,0,0,0,,2024-04-19
,,0,0,0,0,,2024-04-19
"Morelos
(4)",Cuernavaca,1,1,0,0,24 Morelos,2024-04-19
,Temixco,1,1,0,0,24 Morelos,2024-04-19
,Temixco,0,1,0,0,"La Union de
Morelos",2024-04-19
,,1,0,0,0,,2024-04-19
,,0,0,0,0,,2024-04-19
,Yautepec,1,0,0,1,TV Azteca,2024-04-19
"Nuevo Leon
(5)",Garcia,1,1,0,0,Info7,2024-04-19
,Garcia,1,0,1,0,Info7,2024-04-19
,Garcia,1,1,0,0,Telediario,2024-04-19
,Rayones,1,0,0,1,El Porvenir,2024-04-19
,"San Nicolas de
los Garza",0,1,0,0,Telediario,2024-04-19
,,1,0,0,0,,2024-04-19
,,0,0,0,0,,2024-04-19
"Oaxaca
(2)","Ocotlan de
Morelos",0,1,0,0,Quadratin,2024-04-19
,,1,0,0,0,,2024-04-19
,,0,0,0,0,,2024-04-19
,"San Miguel
Soyaltepec",0,1,0,0,Quadratin,2024-04-19
,,1,0,0,0,,2024-04-19
,,0,0,0,0,,2024-04-19
"Puebla
(3)",Jolalpan,1,1,0,0,MTP Noticias,2024-04-19
,Puebla,0,1,0,0,"El Heraldo de
Puebla",2024-04-19
,,1,0,0,0,,2024-04-19
,,0,0,0,0,,2024-04-19
,Puebla,1,1,0,0,Trafico ZMG,2024-04-19
"Queretaro
(1)","Amealco de
Bonfil",0,1,0,0,"El Heraldo de
Chiapas",2024-04-19
,,1,0,0,0,,2024-04-19
,,0,0,0,0,,2024-04-19
"Quintana
Roo
(1)",Benito Juarez,0,1,0,0,Noticaribe,2024-04-19
,,1,0,0,0,,2024-04-19
,,0,0,0,0,,2024-04-19
"San Luis
Potosi
(1)","Soledad de
Graciano
Sanchez",0,1,0,0,Codigo San Luis,2024-04-19
,,1,0,0,0,,2024-04-19
,,0,0,0,0,,2024-04-19
"Sinaloa
(1)",Rosario,0,1,0,0,Noreste,2024-04-19
,,1,0,0,0,,2024-04-19
,,0,0,0,0,,2024-04-19
"Sonora
(2)",Cajeme,1,1,0,0,Medios Obson,2024-04-19
,Guaymas,0,1,0,0,"Entorno
Informativo",2024-04-19
,,1,0,0,0,,2024-04-19
,,0,0,0,0,,2024-04-19
"Tabasco
(6)",Centro,1,1,0,0,Tabasco Hoy,2024-04-19
,Centro,1,1,0,0,Tabasco Hoy,2024-04-19
,Comalcalco,0,1,0,0,"El Heraldo de
Tabasco",2024-04-19
,,1,0,0,0,,2024-04-19
,,0,0,0,0,,2024-04-19
,"Jalpa de
Mendez",0,1,0,0,XEU Noticias,2024-04-19
,,1,0,0,0,,2024-04-19
,,0,0,0,0,,2024-04-19
,Teapa,0,0,0,2,"El Heraldo de
Tabasco",2024-04-19
,,2,0,0,0,,2024-04-19
,,0,0,0,0,,2024-04-19
"Tamaulipas
(1)",El Mante,0,1,0,0,El Universal,2024-04-19
,,1,0,0,0,,2024-04-19
,,0,0,0,0,,2024-04-19
Veracruz de,Coatzacoalcos,1,1,0,0,Golpe Politico,2024-04-19
"Ignacio de la
Llave
(2)",Rio Blanco,0,1,0,0,Imagen del Golfo,2024-04-19
,,1,0,0,0,,2024-04-19
,,0,0,0,0,,2024-04-19
"Zacatecas
(1)",Tepetongo,0,1,0,0,NTR Zacatecas,2024-04-19
,,1,0,0,0,,2024-04-19
,,0,0,0,0,,2024-04-19
Totales:,,56,44,4,8,,2024-04-19
