Entidad,Municipio,Muertos,Hombre,Mujer,No Identificado,Fuente,Fecha
,,0,0,0,0,,2024-07-01
,,0,0,0,0,,2024-07-01
,,0,0,0,0,,2024-07-01
"Baja
California
(7)",Mexicali,0,2,0,0,"La Voz de la
Frontera",2024-07-01
,,2,0,0,0,,2024-07-01
,,0,0,0,0,,2024-07-01
,Tijuana,0,0,1,0,"La Voz de la
Frontera",2024-07-01
,,1,0,0,0,,2024-07-01
,,0,0,0,0,,2024-07-01
,Tijuana,2,2,0,0,Zeta Tijuana,2024-07-01
,Tijuana,1,1,0,0,Zeta Tijuana,2024-07-01
,Tijuana,1,1,0,0,Zeta Tijuana,2024-07-01
"Chiapas
(20)",La Concordia,0,20,0,0,"A Fondo
Edomex",2024-07-01
,,20,0,0,0,,2024-07-01
,,0,0,0,0,,2024-07-01
"Chihuahua
(5)",Chihuahua,0,1,0,0,"El Diario de
Chihuahua",2024-07-01
,,1,0,0,0,,2024-07-01
,,0,0,0,0,,2024-07-01
,Chihuahua,0,1,0,0,"El heraldo de
Chihuahua",2024-07-01
,,1,0,0,0,,2024-07-01
,,0,0,0,0,,2024-07-01
,Chihuahua,0,2,0,0,"La Opcion de
Chihuahua",2024-07-01
,,2,0,0,0,,2024-07-01
,,0,0,0,0,,2024-07-01
,Juarez,0,1,0,0,"El heraldo de
Chihuahua",2024-07-01
,,1,0,0,0,,2024-07-01
,,0,0,0,0,,2024-07-01
"Coahuila de
Zaragoza
(2)",Frontera,1,1,0,0,El Tiempo,2024-07-01
,Torreon,0,0,1,0,Zocalo,2024-07-01
,,1,0,0,0,,2024-07-01
,,0,0,0,0,,2024-07-01
"Colima
(1)",Colima,0,0,1,0,"Diario de
Colima",2024-07-01
,,1,0,0,0,,2024-07-01
,,0,0,0,0,,2024-07-01
"Guanajuato
(4)",Comonfort,1,1,0,0,El Sol del Bajio,2024-07-01
,Leon,1,0,0,1,Debate,2024-07-01
,Leon,0,1,0,0,"Noticias
Vespertinas",2024-07-01
,,1,0,0,0,,2024-07-01
,,0,0,0,0,,2024-07-01
,Penjamo,0,1,0,0,"Periodico
Correo",2024-07-01
,,1,0,0,0,,2024-07-01
,,0,0,0,0,,2024-07-01
"Guerrero
(4)","Acapulco de
Juarez",0,1,0,0,"El Sol de
Acapulco",2024-07-01
,,1,0,0,0,,2024-07-01
,,0,0,0,0,,2024-07-01
,"Acapulco de
Juarez",0,1,0,0,"El Sol de
Acapulco",2024-07-01
,,1,0,0,0,,2024-07-01
,,0,0,0,0,,2024-07-01
,"Acapulco de
Juarez",0,0,0,1,"Quadratin
Guerrero",2024-07-01
,,1,0,0,0,,2024-07-01
,,0,0,0,0,,2024-07-01
,"Chilpancingo de
los Bravo",0,0,1,0,"Quadratin
Guerrero",2024-07-01
,,1,0,0,0,,2024-07-01
,,0,0,0,0,,2024-07-01
"Hidalgo
(1)",Zempoala,0,1,0,0,"El Sol de
Hidalgo",2024-07-01
,,1,0,0,0,,2024-07-01
,,0,0,0,0,,2024-07-01
"Jalisco
(3)",El Salto,0,1,0,0,"Guardia
Nocturna",2024-07-01
,,1,0,0,0,,2024-07-01
,,0,0,0,0,,2024-07-01
,Guadalajara,0,1,0,0,"Guardia
Nocturna",2024-07-01
,,1,0,0,0,,2024-07-01
,,0,0,0,0,,2024-07-01
,"Tlajomulco de
Zuniga",0,1,0,0,"Guardia
Nocturna",2024-07-01
,,1,0,0,0,,2024-07-01
,,0,0,0,0,,2024-07-01
"Michoacan
de Ocampo
(2)",Morelia,0,1,0,0,"PCM Agencia
de Noticias",2024-07-01
,,1,0,0,0,,2024-07-01
,,0,0,0,0,,2024-07-01
,Morelia,1,1,0,0,Primera Plana,2024-07-01
"Morelos
(6)",Jiutepec,0,1,0,0,"La Union de
Morelos",2024-07-01
,,1,0,0,0,,2024-07-01
,,0,0,0,0,,2024-07-01
,Jiutepec,0,1,0,0,"La Union de
Morelos",2024-07-01
,,1,0,0,0,,2024-07-01
,,0,0,0,0,,2024-07-01
,Temixco,0,1,0,0,"El Sol de
Cuernavaca",2024-07-01
,,1,0,0,0,,2024-07-01
,,0,0,0,0,,2024-07-01
,Temixco,0,1,0,0,"Zona Centro
Noticias",2024-07-01
,,1,0,0,0,,2024-07-01
,,0,0,0,0,,2024-07-01
,Xochitepec,0,1,0,0,"La Union de
Morelos",2024-07-01
,,1,0,0,0,,2024-07-01
,,0,0,0,0,,2024-07-01
,Zacatepec,0,1,0,0,"La Union de
Morelos",2024-07-01
,,1,0,0,0,,2024-07-01
,,0,0,0,0,,2024-07-01
"Nuevo Leon
(4)",Guadalupe,1,1,0,0,El Porvenir,2024-07-01
,Linares,1,1,0,0,El Porvenir,2024-07-01
,Monterrey,1,1,0,0,El Porvenir,2024-07-01
,"San Pedro Garza
Garcia",0,1,0,0,El Porvenir,2024-07-01
,,1,0,0,0,,2024-07-01
,,0,0,0,0,,2024-07-01
"Oaxaca
(2)","Santa Maria
Petapa",0,2,0,0,El Imparcial,2024-07-01
,,2,0,0,0,,2024-07-01
,,0,0,0,0,,2024-07-01
"Puebla
(2)","San Martin
Texmelucan",0,1,0,0,"Periodico
Central",2024-07-01
,,1,0,0,0,,2024-07-01
,,0,0,0,0,,2024-07-01
,Tecamachalco,0,1,0,0,"El Pinero de la
Cuenca",2024-07-01
,,1,0,0,0,,2024-07-01
,,0,0,0,0,,2024-07-01
"Quintana
Roo
(6)",Benito Juarez,1,1,0,0,Noticaribe,2024-07-01
,Benito Juarez,0,0,0,2,"Novedades de
Quintana Roo",2024-07-01
,,2,0,0,0,,2024-07-01
,,0,0,0,0,,2024-07-01
,Benito Juarez,0,0,0,2,"Sol Quintana
Roo",2024-07-01
,,2,0,0,0,,2024-07-01
,,0,0,0,0,,2024-07-01
,"Jose Maria
Morelos",0,1,0,0,Noticaribe,2024-07-01
,,1,0,0,0,,2024-07-01
,,0,0,0,0,,2024-07-01
"San Luis
Potosi
(1)","Soledad de
Graciano
Sanchez",0,1,0,0,"Pulso San Luis
Potosi",2024-07-01
,,1,0,0,0,,2024-07-01
,,0,0,0,0,,2024-07-01
"Sinaloa
(7)",Culiacan,0,0,0,1,"Cafe Negro
Portal",2024-07-01
,,1,0,0,0,,2024-07-01
,,0,0,0,0,,2024-07-01
,Culiacan,3,2,1,0,Debate,2024-07-01
,Culiacan,0,2,0,0,"EL Sol de
Sinaloa",2024-07-01
,,2,0,0,0,,2024-07-01
,,0,0,0,0,,2024-07-01
,Culiacan,0,1,0,0,"Los
Noticieristas",2024-07-01
,,1,0,0,0,,2024-07-01
,,0,0,0,0,,2024-07-01
"Sonora
(6)",Cajeme,0,0,0,1,"Diario del
Yaqui",2024-07-01
,,1,0,0,0,,2024-07-01
,,0,0,0,0,,2024-07-01
,Cajeme,2,2,0,0,Medios Obson,2024-07-01
,Hermosillo,0,1,0,0,"Noventa
Grados",2024-07-01
,,1,0,0,0,,2024-07-01
,,0,0,0,0,,2024-07-01
,Hermosillo,0,2,0,0,"Noventa
Grados",2024-07-01
,,2,0,0,0,,2024-07-01
,,0,0,0,0,,2024-07-01
"Tabasco
(4)",Cardenas,1,0,0,1,Tabasco Hoy,2024-07-01
,Centro,1,1,0,0,Tabasco Hoy,2024-07-01
,Comalcalco,1,1,0,0,Tabasco Hoy,2024-07-01
,Cunduacan,1,1,0,0,Tabasco Hoy,2024-07-01
"Tamaulipas
(1)",Reynosa,0,1,0,0,El Manana,2024-07-01
,,1,0,0,0,,2024-07-01
,,0,0,0,0,,2024-07-01
"Veracruz de
Ignacio de la
Llave
(1)",Minatitlan,0,1,0,0,"El Pinero de la
Cuenca",2024-07-01
,,1,0,0,0,,2024-07-01
,,0,0,0,0,,2024-07-01
"Zacatecas
(3)","General Panfilo
Natera",0,1,0,0,El Clarinete,2024-07-01
,,1,0,0,0,,2024-07-01
,,0,0,0,0,,2024-07-01
,Guadalupe,0,2,0,0,NTR Zacatecas,2024-07-01
,,2,0,0,0,,2024-07-01
,,0,0,0,0,,2024-07-01
Totales:,,92,78,5,9,,2024-07-01
