Entidad,Municipio,Muertos,Hombre,Mujer,No Identificado,Fuente,Fecha
,,0,0,0,0,,2024-04-07
,,0,0,0,0,,2024-04-07
,,0,0,0,0,,2024-04-07
"Baja California
(2)",Tijuana,1,1,0,0,Uniradio Informa,2024-04-07
,Tijuana,1,0,1,0,Uniradio Informa,2024-04-07
"Campeche
(1)",Hopelchen,0,0,0,1,Por Esto!,2024-04-07
,,1,0,0,0,,2024-04-07
,,0,0,0,0,,2024-04-07
"Chiapas
(4)",La Concordia,0,0,1,0,"El Heraldo de
Chiapas",2024-04-07
,,1,0,0,0,,2024-04-07
,,0,0,0,0,,2024-04-07
,Tapachula,1,1,0,0,Diario del Sur,2024-04-07
,Tila,0,2,0,0,"Susana Solis
Informa",2024-04-07
,,2,0,0,0,,2024-04-07
,,0,0,0,0,,2024-04-07
"Chihuahua
(1)",Juarez,0,1,0,0,Net Noticias,2024-04-07
,,1,0,0,0,,2024-04-07
,,0,0,0,0,,2024-04-07
"Colima
(1)",Colima,0,1,0,0,Colima Noticias,2024-04-07
,,1,0,0,0,,2024-04-07
,,0,0,0,0,,2024-04-07
"Guanajuato
(13)",Celaya,2,1,1,0,AM,2024-04-07
,Celaya,3,2,1,0,Periodico Correo,2024-04-07
,Leon,1,1,0,0,AM,2024-04-07
,Leon,1,1,0,0,AM,2024-04-07
,Leon,1,1,0,0,AM,2024-04-07
,Leon,1,1,0,0,Pagina Central,2024-04-07
,"Purisima del
Rincon",0,2,0,0,Periodico Correo,2024-04-07
,,2,0,0,0,,2024-04-07
,,0,0,0,0,,2024-04-07
,Salamanca,1,1,0,0,Periodico Correo,2024-04-07
,Salvatierra,1,1,0,0,AM,2024-04-07
"Guerrero
(2)","Acapulco de
Juarez",0,2,0,0,El Sol de Acapulco,2024-04-07
,,2,0,0,0,,2024-04-07
,,0,0,0,0,,2024-04-07
"Hidalgo
(1)",Atitalaquia,0,1,0,0,Quadratin,2024-04-07
,,1,0,0,0,,2024-04-07
,,0,0,0,0,,2024-04-07
"Jalisco
(1)","San Pedro
Tlaquepaque",0,0,0,1,Informador,2024-04-07
,,1,0,0,0,,2024-04-07
,,0,0,0,0,,2024-04-07
"Mexico
(1)",Malinalco,0,1,0,0,A Fondo Edomex,2024-04-07
,,1,0,0,0,,2024-04-07
,,0,0,0,0,,2024-04-07
"Michoacan de
Ocampo
(3)",Apatzingan,1,1,0,0,RED Michoacan,2024-04-07
,Morelia,0,1,0,0,"La Voz de
Michoacan",2024-04-07
,,1,0,0,0,,2024-04-07
,,0,0,0,0,,2024-04-07
,Morelia,1,1,0,0,Noventa Grados,2024-04-07
Morelos,Cuernavaca,1,1,0,0,La Jornada,2024-04-07
(5),Cuernavaca,1,1,0,0,La Jornada,2024-04-07
,Tepalcingo,1,1,0,0,El Sol de Cuautla,2024-04-07
,Tepoztlan,1,1,0,0,La Jornada,2024-04-07
,Tepoztlan,1,1,0,0,La Jornada,2024-04-07
"Oaxaca
(1)","Oaxaca de
Juarez",0,1,0,0,Quadratin,2024-04-07
,,1,0,0,0,,2024-04-07
,,0,0,0,0,,2024-04-07
"Puebla
(3)",Puebla,1,1,0,0,La Jornada,2024-04-07
,Tehuitzingo,2,2,0,0,Cambio,2024-04-07
"Queretaro
(2)",Queretaro,1,1,0,0,Informe Queretano,2024-04-07
,"San Juan del
Rio",0,0,1,0,Debate,2024-04-07
,,1,0,0,0,,2024-04-07
,,0,0,0,0,,2024-04-07
"Quintana Roo
(1)","Benito
Juarez",0,1,0,0,Sipse,2024-04-07
,,1,0,0,0,,2024-04-07
,,0,0,0,0,,2024-04-07
"San Luis Potosi
(1)","San Luis
Potosi",0,1,0,0,"Pulso San Luis
Potosi",2024-04-07
,,1,0,0,0,,2024-04-07
,,0,0,0,0,,2024-04-07
"Sinaloa
(2)",Culiacan,1,1,0,0,Los Noticieristas,2024-04-07
,Culiacan,1,1,0,0,Los Noticieristas,2024-04-07
"Sonora
(2)",Nogales,0,2,0,0,Tribuna,2024-04-07
,,2,0,0,0,,2024-04-07
,,0,0,0,0,,2024-04-07
"Tabasco
(9)",Centro,0,1,1,0,"El Heraldo de
Chiapas",2024-04-07
,,2,0,0,0,,2024-04-07
,,0,0,0,0,,2024-04-07
,Centro,2,2,0,0,Tabasco Hoy,2024-04-07
,Comalcalco,0,1,0,0,"El Heraldo de
Tabasco",2024-04-07
,,1,0,0,0,,2024-04-07
,,0,0,0,0,,2024-04-07
,Paraiso,0,3,0,0,"El Heraldo de
Tabasco",2024-04-07
,,3,0,0,0,,2024-04-07
,,0,0,0,0,,2024-04-07
,Teapa,0,1,0,0,"El Heraldo de
Tabasco",2024-04-07
,,1,0,0,0,,2024-04-07
,,0,0,0,0,,2024-04-07
Totales:,,56,48,6,2,,2024-04-07
