Entidad,Municipio,Muertos,Hombre,Mujer,No Identificado,Fuente,Fecha
,,0,0,0,0,,2024-09-13
,,0,0,0,0,,2024-09-13
,,0,0,0,0,,2024-09-13
"Aguascalientes
(1)",Cosio,0,1,0,0,BI Noticias,2024-09-13
,,1,0,0,0,,2024-09-13
,,0,0,0,0,,2024-09-13
"Baja California
(8)",Tijuana,1,0,0,1,Alfredoalvarez.mx,2024-09-13
,Tijuana,1,1,0,0,El Mexicano,2024-09-13
,Tijuana,1,1,0,0,Uniradio Informa,2024-09-13
,Tijuana,1,1,0,0,Uniradio Informa,2024-09-13
,Tijuana,1,0,0,1,Uniradio Informa,2024-09-13
,Tijuana,1,1,0,0,Uniradio Informa,2024-09-13
,Tijuana,1,0,0,1,Uniradio Informa,2024-09-13
,Tijuana,1,1,0,0,Zeta Tijuana,2024-09-13
"Chiapas
(5)",Pantelho,2,2,0,0,Diario del Sur,2024-09-13
,Suchiate,1,1,0,0,Diario del Sur,2024-09-13
,Tapachula,1,1,0,0,Diario del Sur,2024-09-13
,Tapachula,1,0,1,0,Diario del Sur,2024-09-13
"Chihuahua
(4)",Chihuahua,1,1,0,0,AR Noticias,2024-09-13
,"Hidalgo del
Parral",0,1,0,0,Codigo 13,2024-09-13
,,1,0,0,0,,2024-09-13
,,0,0,0,0,,2024-09-13
,Juarez,1,1,0,0,La Opcion,2024-09-13
,Juarez,1,0,1,0,Net Noticias,2024-09-13
"Ciudad de
Mexico
(2)","Gustavo A.
Madero",0,1,0,0,El Heraldo,2024-09-13
,,1,0,0,0,,2024-09-13
,,0,0,0,0,,2024-09-13
,"Miguel
Hidalgo",0,1,0,0,Excelsior,2024-09-13
,,1,0,0,0,,2024-09-13
,,0,0,0,0,,2024-09-13
"Colima
(2)",Cuauhtemoc,1,0,1,0,Colima Noticias,2024-09-13
,Manzanillo,1,1,0,0,Colima Noticias,2024-09-13
"Guanajuato
(11)",Acambaro,2,2,0,0,Periodico Correo,2024-09-13
,Celaya,1,1,0,0,El Sol del Bajio,2024-09-13
,Celaya,1,1,0,0,Periodico Correo,2024-09-13
,Irapuato,1,1,0,0,El Sol de Irapuato,2024-09-13
,Irapuato,1,0,0,1,Periodico Correo,2024-09-13
,Leon,1,0,1,0,AM,2024-09-13
,Salamanca,1,1,0,0,Periodico Correo,2024-09-13
,"San Francisco
del Rincon",0,0,1,0,El Sol de Leon,2024-09-13
,,1,0,0,0,,2024-09-13
,,0,0,0,0,,2024-09-13
,"San Francisco
del Rincon",0,2,0,0,Noticias Vespertinas,2024-09-13
,,2,0,0,0,,2024-09-13
,,0,0,0,0,,2024-09-13
"Guerrero
(3)","Acapulco de
Juarez",0,0,0,1,El Sol de Acapulco,2024-09-13
,,1,0,0,0,,2024-09-13
,,0,0,0,0,,2024-09-13
,"Acapulco de
Juarez",0,1,0,0,Quadratin Guerrero,2024-09-13
,,1,0,0,0,,2024-09-13
,,0,0,0,0,,2024-09-13
,"Tlapa de
Comonfort",0,0,1,0,Quadratin Guerrero,2024-09-13
,,1,0,0,0,,2024-09-13
,,0,0,0,0,,2024-09-13
"Jalisco
(2)","San Pedro
Tlaquepaque",0,1,0,0,Guardia Nocturna,2024-09-13
,,1,0,0,0,,2024-09-13
,,0,0,0,0,,2024-09-13
,"Tlajomulco de
Zuniga",0,1,0,0,Guardia Nocturna,2024-09-13
,,1,0,0,0,,2024-09-13
,,0,0,0,0,,2024-09-13
"Mexico
(8)","Ecatepec de
Morelos",0,1,0,0,El Grafico,2024-09-13
,,1,0,0,0,,2024-09-13
,,0,0,0,0,,2024-09-13
,"Ecatepec de
Morelos",0,1,0,0,El Sol de Toluca,2024-09-13
,,1,0,0,0,,2024-09-13
,,0,0,0,0,,2024-09-13
,Temascalcingo,1,1,0,0,Quadratin Edomex,2024-09-13
,Tepotzotlan,5,5,0,0,La Jornada,2024-09-13
"Michoacan de
Ocampo
(1)",Morelia,0,1,0,0,Noventa Grados,2024-09-13
,,1,0,0,0,,2024-09-13
,,0,0,0,0,,2024-09-13
"Morelos
(3)",Ayala,1,1,0,0,La Union de Morelos,2024-09-13
,Temixco,1,1,0,0,La Union de Morelos,2024-09-13
,Yautepec,1,1,0,0,Zona Centro Noticias,2024-09-13
"Nuevo Leon
(2)",El Carmen,1,1,0,0,MVS Noticias,2024-09-13
,Linares,1,1,0,0,El Porvenir,2024-09-13
"Oaxaca
(2)","Villa de
Tututepec de
Melchor
Ocampo",0,2,0,0,El Universal,2024-09-13
,,2,0,0,0,,2024-09-13
,,0,0,0,0,,2024-09-13
"Puebla
(5)",Amozoc,1,1,0,0,Diario Cambio,2024-09-13
,Atlixco,1,1,0,0,Municipios Puebla,2024-09-13
,Tehuitzingo,2,2,0,0,Cinco Radio,2024-09-13
,Tlachichuca,1,0,0,1,e-consulta,2024-09-13
"Quintana Roo
(2)",Benito Juarez,1,1,0,0,Sipse,2024-09-13
,Benito Juarez,1,1,0,0,Sol Quintana Roo,2024-09-13
"San Luis Potosi
(1)",San Luis Potosi,0,1,0,0,Pulso San Luis Potosi,2024-09-13
,,1,0,0,0,,2024-09-13
,,0,0,0,0,,2024-09-13
"Sinaloa
(4)",Culiacan,1,1,0,0,Cafe Negro Portal,2024-09-13
,Culiacan,1,1,0,0,EL Sol de Sinaloa,2024-09-13
,Culiacan,1,1,0,0,Los Noticieristas,2024-09-13
,Culiacan,1,1,0,0,Meganoticias,2024-09-13
Sonora,Cajeme,1,1,0,0,Cajeme News,2024-09-13
2),"San Luis Rio
Colorado",0,1,0,0,Tribuna de San Luis,2024-09-13
,,1,0,0,0,,2024-09-13
,,0,0,0,0,,2024-09-13
"Tamaulipas
(1)",Reynosa,0,1,0,0,La Tarde,2024-09-13
,,1,0,0,0,,2024-09-13
,,0,0,0,0,,2024-09-13
"Tlaxcala
(1)",Apizaco,0,1,0,0,El Griton,2024-09-13
,,1,0,0,0,,2024-09-13
,,0,0,0,0,,2024-09-13
"Veracruz de
Ignacio de la
Llave
(1)",Minatitlan,0,1,0,0,Golpe Politico,2024-09-13
,,1,0,0,0,,2024-09-13
,,0,0,0,0,,2024-09-13
"Yucatan
(1)",Valladolid,0,0,1,0,El Manana,2024-09-13
,,1,0,0,0,,2024-09-13
,,0,0,0,0,,2024-09-13
"Zacatecas
(3)",Guadalupe,2,2,0,0,El Sol de Zacatecas,2024-09-13
,Juan Aldama,1,1,0,0,NTR Zacatecas,2024-09-13
Totales:,,75,62,7,6,,2024-09-13
