Entidad,Municipio,Muertos,Hombre,Mujer,No Identificado,Fuente,Fecha
,,0,0,0,0,,2024-06-03
,,0,0,0,0,,2024-06-03
,,0,0,0,0,,2024-06-03
"Baja
California
(5)",Ensenada,1,1,0,0,Alfredoalvarez.mx,2024-06-03
,Tijuana,1,1,0,0,El Sol de Tijuana,2024-06-03
,Tijuana,1,0,0,1,El Sol de Tijuana,2024-06-03
,Tijuana,2,2,0,0,Uniradio Informa,2024-06-03
"Baja
California
Sur
(1)",Los Cabos,0,1,0,0,Tribuna de Mexico,2024-06-03
,,1,0,0,0,,2024-06-03
,,0,0,0,0,,2024-06-03
"Chiapas
(3)",Ocosingo,1,0,1,0,Diario de Chiapas,2024-06-03
,"Rincon
Chamula San
Pedro",0,2,0,0,La Jornada,2024-06-03
,,2,0,0,0,,2024-06-03
,,0,0,0,0,,2024-06-03
"Chihuahua
(1)",Guachochi,0,1,0,0,El Buen Tono,2024-06-03
,,1,0,0,0,,2024-06-03
,,0,0,0,0,,2024-06-03
"Ciudad de
Mexico
(3)",Coyoacan,2,2,0,0,Grafico Sur,2024-06-03
,Iztapalapa,0,1,0,0,Noticias,2024-06-03
,,1,0,0,0,,2024-06-03
,,0,0,0,0,,2024-06-03
"Colima
(3)",Colima,1,0,1,0,Diario de Colima,2024-06-03
,Colima,1,1,0,0,Diario de Colima,2024-06-03
,"Villa de
Alvarez",0,0,0,1,Diario de Colima,2024-06-03
,,1,0,0,0,,2024-06-03
,,0,0,0,0,,2024-06-03
"Guanajuato
(8)","Apaseo el
Alto",0,0,0,1,El Sol del Bajio,2024-06-03
,,1,0,0,0,,2024-06-03
,,0,0,0,0,,2024-06-03
,"Apaseo el
Grande",0,0,2,0,El Sol del Bajio,2024-06-03
,,2,0,0,0,,2024-06-03
,,0,0,0,0,,2024-06-03
,Irapuato,1,1,0,0,El Sol de Irapuato,2024-06-03
,Irapuato,1,1,0,0,Guanajuato Informa,2024-06-03
,Irapuato,1,1,0,0,Periodico Correo,2024-06-03
,Leon,1,1,0,0,Noticias Vespertinas,2024-06-03
,"San
Francisco del
Rincon",0,1,0,0,Noticias Vespertinas,2024-06-03
,,1,0,0,0,,2024-06-03
,,0,0,0,0,,2024-06-03
"Guerrero
(3)","Acapulco de
Juarez",0,2,0,0,El Sur,2024-06-03
,,2,0,0,0,,2024-06-03
,,0,0,0,0,,2024-06-03
,"Acapulco de
Juarez",0,1,0,0,Quadratin Guerrero,2024-06-03
,,1,0,0,0,,2024-06-03
,,0,0,0,0,,2024-06-03
"Hidalgo
(3)","Mixquiahuala
de Juarez",0,0,0,1,El Sol de Hidalgo,2024-06-03
,,1,0,0,0,,2024-06-03
,,0,0,0,0,,2024-06-03
,"Pachuca de
Soto",0,1,0,0,El Sol de Hidalgo,2024-06-03
,,1,0,0,0,,2024-06-03
,,0,0,0,0,,2024-06-03
,"Tula de
Allende",0,1,0,0,Plaza Juarez,2024-06-03
,,1,0,0,0,,2024-06-03
,,0,0,0,0,,2024-06-03
"Jalisco
(9)",Guadalajara,0,1,0,0,"Grupo Marmor
Multimedios",2024-06-03
,,1,0,0,0,,2024-06-03
,,0,0,0,0,,2024-06-03
,Guadalajara,1,1,0,0,Guardia Nocturna,2024-06-03
,"Lagos de
Moreno",0,2,0,0,NTR Guadalajara,2024-06-03
,,2,0,0,0,,2024-06-03
,,0,0,0,0,,2024-06-03
,"San Pedro
Tlaquepaque",0,0,1,0,Guardia Nocturna,2024-06-03
,,1,0,0,0,,2024-06-03
,,0,0,0,0,,2024-06-03
,"San Pedro
Tlaquepaque",0,1,0,0,Guardia Nocturna,2024-06-03
,,1,0,0,0,,2024-06-03
,,0,0,0,0,,2024-06-03
,"San Pedro
Tlaquepaque",0,1,0,0,Notisistema,2024-06-03
,,1,0,0,0,,2024-06-03
,,0,0,0,0,,2024-06-03
,"Tlajomulco
de Zuniga",0,0,1,0,Telediario,2024-06-03
,,1,0,0,0,,2024-06-03
,,0,0,0,0,,2024-06-03
,Zapopan,1,1,0,0,Guardia Nocturna,2024-06-03
"Mexico
(2)","Ecatepec de
Morelos",0,1,0,0,El Sol de Toluca,2024-06-03
,,1,0,0,0,,2024-06-03
,,0,0,0,0,,2024-06-03
,Ixtapaluca,1,1,0,0,La Prensa,2024-06-03
"Michoacan
de
Ocampo
(4)",Irimbo,1,1,0,0,Noventa Grados,2024-06-03
,Morelia,1,1,0,0,La Voz de Michoacan,2024-06-03
,Morelia,1,1,0,0,Noventa Grados,2024-06-03
,Tancitaro,1,1,0,0,CNN,2024-06-03
"Morelos
(6)",Cuautla,1,1,0,0,La Cronica,2024-06-03
,Jiutepec,2,0,0,2,La Union,2024-06-03
,Tepoztlan,1,1,0,0,La Union,2024-06-03
,Yecapixtla,2,1,1,0,Multimagen,2024-06-03
"Nuevo
Leon
(2)",Guadalupe,1,0,1,0,Zocalo,2024-06-03
,Juarez,0,1,0,0,El Porvenir,2024-06-03
,,1,0,0,0,,2024-06-03
,,0,0,0,0,,2024-06-03
"Oaxaca
(3)","Juchitan de
Zaragoza",0,1,1,0,Imparcial de Oaxaca,2024-06-03
,,2,0,0,0,,2024-06-03
,,0,0,0,0,,2024-06-03
,"Santo
Domingo
Armenta",0,1,0,0,Noventa Grados,2024-06-03
,,1,0,0,0,,2024-06-03
,,0,0,0,0,,2024-06-03
"Puebla
(3)",Coronango,1,1,0,0,Periodico Central,2024-06-03
,"San Pedro
Cholula",0,1,0,0,Periodico Central,2024-06-03
,,1,0,0,0,,2024-06-03
,,0,0,0,0,,2024-06-03
,Tlaltenango,1,1,0,0,Periodico Central,2024-06-03
"San Luis
Potosi","San Luis
Potosi",0,1,0,0,Pulso San Luis Potosi,2024-06-03
,,1,0,0,0,,2024-06-03
,,0,0,0,0,,2024-06-03
(3),"San Luis
Potosi",0,1,0,0,Pulso San Luis Potosi,2024-06-03
,,1,0,0,0,,2024-06-03
,,0,0,0,0,,2024-06-03
,"Soledad de
Graciano
Sanchez",0,1,0,0,Pulso San Luis Potosi,2024-06-03
,,1,0,0,0,,2024-06-03
,,0,0,0,0,,2024-06-03
"Sonora
(4)",Cajeme,1,0,0,1,Medios Obson,2024-06-03
,Hermosillo,2,2,0,0,El Sol de Hermosillo,2024-06-03
,Hermosillo,1,1,0,0,Medios Obson,2024-06-03
"Tabasco
(8)",Cardenas,1,1,0,0,El Pinero de la Cuenca,2024-06-03
,Cardenas,2,2,0,0,Tabasco Hoy,2024-06-03
,Comalcalco,1,0,1,0,Tabasco Hoy,2024-06-03
,Macuspana,1,1,0,0,Tabasco Hoy,2024-06-03
,Macuspana,1,1,0,0,Tabasco Hoy,2024-06-03
,Paraiso,2,2,0,0,XEVT,2024-06-03
"Veracruz
de Ignacio
de la Llave
(3)","Martinez de
la Torre",0,1,0,0,Imagen del Golfo,2024-06-03
,,1,0,0,0,,2024-06-03
,,0,0,0,0,,2024-06-03
,Oluta,1,1,0,0,El Pinero de la Cuenca,2024-06-03
,Xalapa,1,1,0,0,Imagen del Golfo,2024-06-03
Totales:,,77,60,10,7,,2024-06-03
