Entidad,Municipio,Muertos,Hombre,Mujer,No Identificado,Fuente,Fecha
,,0,0,0,0,,2024-05-17
,,0,0,0,0,,2024-05-17
,,0,0,0,0,,2024-05-17
"Aguascalientes
(1)",Aguascalientes,0,1,0,0,"Semanario Policiaco
y Politico",2024-05-17
,,1,0,0,0,,2024-05-17
,,0,0,0,0,,2024-05-17
"Baja California
(7)",Tijuana,1,1,0,0,El Mexicano,2024-05-17
,Tijuana,1,1,0,0,El Mexicano,2024-05-17
,Tijuana,1,1,0,0,El Mexicano,2024-05-17
,Tijuana,1,1,0,0,El Sol de Tijuana,2024-05-17
,Tijuana,0,0,1,0,"La Voz de la
Frontera",2024-05-17
,,1,0,0,0,,2024-05-17
,,0,0,0,0,,2024-05-17
,Tijuana,2,2,0,0,Sintesis,2024-05-17
"Chiapas
(6)",La Concordia,0,3,3,0,El Universal,2024-05-17
,,6,0,0,0,,2024-05-17
,,0,0,0,0,,2024-05-17
"Chihuahua
(4)",Chihuahua,1,1,0,0,Canal 44,2024-05-17
,Juarez,1,1,0,0,El Universal,2024-05-17
,Juarez,0,1,0,0,"La Opcion de
Chihuahua",2024-05-17
,,1,0,0,0,,2024-05-17
,,0,0,0,0,,2024-05-17
,Juarez,1,1,0,0,La Polaka,2024-05-17
"Colima
(3)",Colima,1,1,0,0,Colima al dia,2024-05-17
,Villa de Alvarez,1,1,0,0,Colima Noticias,2024-05-17
,Villa de Alvarez,1,1,0,0,Diario de Colima,2024-05-17
"Guanajuato
(8)","Apaseo el
Grande",0,1,0,0,Periodico Correo,2024-05-17
,,1,0,0,0,,2024-05-17
,,0,0,0,0,,2024-05-17
,Celaya,1,1,0,0,Informativo Agora,2024-05-17
,Irapuato,2,1,1,0,Periodico Correo,2024-05-17
,Leon,1,1,0,0,Noticias Vespertinas,2024-05-17
,Salvatierra,1,1,0,0,Periodico Correo,2024-05-17
,"San Francisco
del Rincon",0,1,0,0,AM,2024-05-17
,,1,0,0,0,,2024-05-17
,,0,0,0,0,,2024-05-17
,Yuriria,1,1,0,0,Periodico Correo,2024-05-17
"Guerrero
(3)","Acapulco de
Juarez",0,1,0,0,El Sur,2024-05-17
,,1,0,0,0,,2024-05-17
,,0,0,0,0,,2024-05-17
,"Acapulco de
Juarez",0,1,0,0,El Sur,2024-05-17
,,1,0,0,0,,2024-05-17
,,0,0,0,0,,2024-05-17
,"Acapulco de
Juarez",0,1,0,0,Quadratin Guerrero,2024-05-17
,,1,0,0,0,,2024-05-17
,,0,0,0,0,,2024-05-17
"Jalisco
(1)",Puerto Vallarta,0,0,0,1,Tribuna,2024-05-17
,,1,0,0,0,,2024-05-17
,,0,0,0,0,,2024-05-17
"Mexico
(5)",Capulhuac,1,1,0,0,Quadratin Edomex,2024-05-17
,"Coacalco de
Berriozabal",0,0,1,0,El Universal,2024-05-17
,,1,0,0,0,,2024-05-17
,,0,0,0,0,,2024-05-17
,"Ecatepec de
Morelos",0,1,0,0,La Prensa,2024-05-17
,,1,0,0,0,,2024-05-17
,,0,0,0,0,,2024-05-17
,"Ecatepec de
Morelos",0,1,0,0,La Silla Rota,2024-05-17
,,1,0,0,0,,2024-05-17
,,0,0,0,0,,2024-05-17
,Toluca,1,1,0,0,DigitalMex,2024-05-17
"Michoacan de
Ocampo
(5)",Acuitzio,1,1,0,0,N Sintesis,2024-05-17
,Jacona,1,1,0,0,Red 113,2024-05-17
,Zamora,2,2,0,0,Noventa Grados,2024-05-17
,Zamora,1,1,0,0,Noventa Grados,2024-05-17
"Morelos
(2)",Cuautla,1,0,0,1,Noticias de Cuautla,2024-05-17
,Cuernavaca,1,1,0,0,Noticias de Cuautla,2024-05-17
"Nuevo Leon
(5)","General
Escobedo",0,1,0,0,Milenio,2024-05-17
,,1,0,0,0,,2024-05-17
,,0,0,0,0,,2024-05-17
,"General
Zuazua",0,0,1,0,Milenio,2024-05-17
,,1,0,0,0,,2024-05-17
,,0,0,0,0,,2024-05-17
,Guadalupe,2,2,0,0,Telediario,2024-05-17
,Pesqueria,1,1,0,0,Posta,2024-05-17
"Puebla
(5)",Chignautla,1,0,1,0,e-consulta,2024-05-17
,Puebla,1,1,0,0,Intolerencia Diario,2024-05-17
,Puebla,2,2,0,0,Periodico Central,2024-05-17
,Teziutlan,1,1,0,0,Municipios Puebla,2024-05-17
"Quintana Roo
(2)",Benito Juarez,1,0,1,0,Sol Quintana Roo,2024-05-17
,Solidaridad,1,1,0,0,Noticaribe,2024-05-17
"Sinaloa
(3)",Culiacan,1,1,0,0,Luz Noticias,2024-05-17
,Culiacan,1,1,0,0,Noroeste,2024-05-17
,Culiacan,1,1,0,0,Noroeste,2024-05-17
"Sonora
(3)",Hermosillo,1,0,0,1,Medios Obson,2024-05-17
,"San Luis Rio
Colorado",0,2,0,0,Tribuna,2024-05-17
,,2,0,0,0,,2024-05-17
,,0,0,0,0,,2024-05-17
"Tabasco
(3)",Centla,1,1,0,0,Tabasco Hoy,2024-05-17
,Centro,1,1,0,0,Tabasco Hoy,2024-05-17
,Huimanguillo,1,1,0,0,Tabasco Hoy,2024-05-17
"Tamaulipas
(1)",Matamoros,0,1,0,0,El Universal,2024-05-17
,,1,0,0,0,,2024-05-17
,,0,0,0,0,,2024-05-17
"Zacatecas
(1)",Zacatecas,0,1,0,0,NTR Zacatecas,2024-05-17
,,1,0,0,0,,2024-05-17
,,0,0,0,0,,2024-05-17
Totales:,,68,56,9,3,,2024-05-17
