Entidad,Municipio,Muertos,Hombre,Mujer,No Identificado,Fuente,Fecha
,,0,0,0,0,,2024-05-21
,,0,0,0,0,,2024-05-21
,,0,0,0,0,,2024-05-21
"Baja
California
(3)",Tijuana,1,0,0,1,Alfredoalvarez.mx,2024-05-21
,Tijuana,1,1,0,0,Uniradio Informa,2024-05-21
,Tijuana,1,1,0,0,Uniradio Informa,2024-05-21
"Chiapas
(8)",Huixtla,1,1,0,0,Diario del Sur,2024-05-21
,Pantelho,6,1,1,4,Dominio Publico Noticias,2024-05-21
,Villa Corzo,1,1,0,0,Diario de Chiapas,2024-05-21
"Chihuahua
(6)","Guadalupe y
Calvo",0,1,0,0,Codigo 13,2024-05-21
,,1,0,0,0,,2024-05-21
,,0,0,0,0,,2024-05-21
,Juarez,1,1,0,0,El Diario de Ciudad Juarez,2024-05-21
,Juarez,1,1,0,0,La Opcion de Chihuahua,2024-05-21
,Juarez,1,1,0,0,La Opcion de Chihuahua,2024-05-21
,Juarez,1,1,0,0,La Polaka,2024-05-21
,Juarez,1,0,0,1,La Polaka,2024-05-21
"Ciudad de
Mexico
(1)",Tlalpan,0,1,0,0,La Prensa,2024-05-21
,,1,0,0,0,,2024-05-21
,,0,0,0,0,,2024-05-21
"Colima
(1)",Manzanillo,0,1,0,0,Diario de Colima,2024-05-21
,,1,0,0,0,,2024-05-21
,,0,0,0,0,,2024-05-21
"Guanajuato
(3)",Celaya,2,2,0,0,TV Azteca,2024-05-21
,Salvatierra,1,1,0,0,Periodico Correo,2024-05-21
"Guerrero
(11)","Acapulco de
Juarez",0,1,0,0,"Agencia de Noticias
Guerrero",2024-05-21
,,1,0,0,0,,2024-05-21
,,0,0,0,0,,2024-05-21
,"Acapulco de
Juarez",0,1,0,0,Guerrero Al Instante,2024-05-21
,,1,0,0,0,,2024-05-21
,,0,0,0,0,,2024-05-21
,"Acapulco de
Juarez",0,4,2,0,Lo Real de Guerrero,2024-05-21
,,6,0,0,0,,2024-05-21
,,0,0,0,0,,2024-05-21
,"Acapulco de
Juarez",0,1,0,0,Quadratin Guerrero,2024-05-21
,,1,0,0,0,,2024-05-21
,,0,0,0,0,,2024-05-21
,"Zihuatanejo
de Azueta",0,1,1,0,Bajo Palabra Noticias,2024-05-21
,,2,0,0,0,,2024-05-21
,,0,0,0,0,,2024-05-21
"Hidalgo
(2)","Tula de
Allende",0,1,1,0,La Jornada Hidalgo,2024-05-21
,,2,0,0,0,,2024-05-21
,,0,0,0,0,,2024-05-21
"Jalisco
(4)",Guadalajara,1,0,0,1,Guardia Nocturna,2024-05-21
,Guadalajara,1,1,0,0,Guardia Nocturna,2024-05-21
,"San Pedro
Tlaquepaque",0,1,0,0,Guardia Nocturna,2024-05-21
,,1,0,0,0,,2024-05-21
,,0,0,0,0,,2024-05-21
,Tlajomulco,1,0,0,1,Telediario,2024-05-21
,de Zuniga,0,0,0,0,,2024-05-21
"Mexico
(1)","Tlalnepantla
de Baz",0,1,0,0,N+,2024-05-21
,,1,0,0,0,,2024-05-21
,,0,0,0,0,,2024-05-21
"Michoacan
de Ocampo
(3)",Apatzingan,0,1,0,0,"Grupo Marmor
Multimedios",2024-05-21
,,1,0,0,0,,2024-05-21
,,0,0,0,0,,2024-05-21
,Uruapan,1,1,0,0,Canal 13 Mexico,2024-05-21
,Uruapan,1,1,0,0,Noventa Grados,2024-05-21
"Morelos
(3)",Cuautla,1,0,0,1,Noticias de Cuautla,2024-05-21
,Huitzilac,1,0,0,1,24 Morelos,2024-05-21
,Temixco,1,1,0,0,Central de Noticias,2024-05-21
"Nuevo
Leon
(5)",Garcia,1,1,0,0,El Porvenir,2024-05-21
,Garcia,2,2,0,0,N+,2024-05-21
,Iturbide,1,0,0,1,Telediario,2024-05-21
,Juarez,1,1,0,0,Posta,2024-05-21
"Oaxaca
(2)","Santiago
Pinotepa
Nacional",0,1,1,0,El Pinero de la Cuenca,2024-05-21
,,2,0,0,0,,2024-05-21
,,0,0,0,0,,2024-05-21
"Puebla
(3)",Puebla,1,1,0,0,TV Azteca,2024-05-21
,Puebla,1,1,0,0,Urbano Puebla,2024-05-21
,Tepeaca,1,1,0,0,Intolerencia Diario,2024-05-21
"Queretaro
(1)",Corregidora,0,1,0,0,N+,2024-05-21
,,1,0,0,0,,2024-05-21
,,0,0,0,0,,2024-05-21
"Quintana
Roo
(3)","Benito
Juarez",0,1,0,0,El Quintanarroense,2024-05-21
,,1,0,0,0,,2024-05-21
,,0,0,0,0,,2024-05-21
,"Benito
Juarez",0,0,1,0,Quintana Roo Hoy,2024-05-21
,,1,0,0,0,,2024-05-21
,,0,0,0,0,,2024-05-21
,"Benito
Juarez",0,1,0,0,Twitter,2024-05-21
,,1,0,0,0,,2024-05-21
,,0,0,0,0,,2024-05-21
"San Luis
Potosi
(3)","San Luis
Potosi",0,1,0,0,Pulso San Luis Potosi,2024-05-21
,,1,0,0,0,,2024-05-21
,,0,0,0,0,,2024-05-21
,"San Luis
Potosi",0,1,0,0,Pulso San Luis Potosi,2024-05-21
,,1,0,0,0,,2024-05-21
,,0,0,0,0,,2024-05-21
,"Soledad de
Graciano
Sanchez",0,0,1,0,Pulso San Luis Potosi,2024-05-21
,,1,0,0,0,,2024-05-21
,,0,0,0,0,,2024-05-21
"Sinaloa
(3)",Culiacan,0,1,2,0,Noroeste,2024-05-21
,,3,0,0,0,,2024-05-21
,,0,0,0,0,,2024-05-21
"Sonora
(1)",Hermosillo,0,0,0,1,Entorno Informativo,2024-05-21
,,1,0,0,0,,2024-05-21
,,0,0,0,0,,2024-05-21
"Tabasco
(3)",Cardenas,1,1,0,0,Tabasco Hoy,2024-05-21
,Centro,1,1,0,0,XEVA Noticias,2024-05-21
,Nacajuca,1,1,0,0,XEVA Noticias,2024-05-21
"Tamaulipas
(1)",Rio Bravo,0,1,0,0,Hoy Tamaulipas,2024-05-21
,,1,0,0,0,,2024-05-21
,,0,0,0,0,,2024-05-21
"Veracruz
de Ignacio
de la Llave
(1)",Atoyac,0,1,0,0,Imagen del Golfo,2024-05-21
,,1,0,0,0,,2024-05-21
,,0,0,0,0,,2024-05-21
"Zacatecas
(2)",Guadalupe,1,1,0,0,NTR Zacatecas,2024-05-21
,Zacatecas,1,1,0,0,NTR Zacatecas,2024-05-21
Totales:,,74,52,10,12,,2024-05-21
