Entidad,Municipio,Muertos,Hombre,Mujer,No Identificado,Fuente,Fecha
,,0,0,0,0,,2024-02-24
,,0,0,0,0,,2024-02-24
,,0,0,0,0,,2024-02-24
"Baja
California
(10)",Ensenada,4,4,0,0,Primera Linea MX,2024-02-24
,Mexicali,0,1,0,0,"La Voz de la
Frontera",2024-02-24
,,1,0,0,0,,2024-02-24
,,0,0,0,0,,2024-02-24
,Tijuana,2,2,0,0,BCS Noticias,2024-02-24
,Tijuana,1,1,0,0,Uniradio Informa,2024-02-24
,Tijuana,2,2,0,0,Uniradio Informa,2024-02-24
"Baja
California
Sur
(1)",Comondu,0,1,0,0,Metropoli MX,2024-02-24
,,1,0,0,0,,2024-02-24
,,0,0,0,0,,2024-02-24
"Chiapas
(3)","Tuxtla
Gutierrez",0,3,0,0,"Irving Pineda
Noticias",2024-02-24
,,3,0,0,0,,2024-02-24
,,0,0,0,0,,2024-02-24
"Chihuahua
(6)",Chihuahua,0,1,0,0,"La Opcion de
Chihuahua",2024-02-24
,,1,0,0,0,,2024-02-24
,,0,0,0,0,,2024-02-24
,Chihuahua,0,0,1,0,"La Opcion de
Chihuahua",2024-02-24
,,1,0,0,0,,2024-02-24
,,0,0,0,0,,2024-02-24
,Chihuahua,1,1,0,0,La Parada Digital,2024-02-24
,Cuauhtemoc,1,1,0,0,Voz en Red,2024-02-24
,Juarez,0,1,0,0,"La Opcion de
Chihuahua",2024-02-24
,,1,0,0,0,,2024-02-24
,,0,0,0,0,,2024-02-24
,Juarez,1,1,0,0,Radiza,2024-02-24
"Guanajuato
(8)",Acambaro,1,1,0,0,Periodico Correo,2024-02-24
,Celaya,1,1,0,0,Periodico Correo,2024-02-24
,Irapuato,1,1,0,0,Periodico Correo,2024-02-24
,Leon,0,1,0,0,"Noticias
Vespertinas",2024-02-24
,,1,0,0,0,,2024-02-24
,,0,0,0,0,,2024-02-24
,Leon,1,1,0,0,Periodico Correo,2024-02-24
,Leon,1,1,0,0,Ultimas Noticias,2024-02-24
,Salvatierra,1,1,0,0,Periodico Correo,2024-02-24
,"San Luis de
la Paz",0,1,0,0,Periodico Correo,2024-02-24
,,1,0,0,0,,2024-02-24
,,0,0,0,0,,2024-02-24
"Guerrero
(1)","Acapulco de
Juarez",0,1,0,0,Sur Acapulco,2024-02-24
,,1,0,0,0,,2024-02-24
,,0,0,0,0,,2024-02-24
"Mexico
(1)","Almoloya de
Juarez",0,1,0,0,A Fondo Edomex,2024-02-24
,,1,0,0,0,,2024-02-24
,,0,0,0,0,,2024-02-24
"Michoacan
de Ocampo",Charo,1,1,0,0,Changoonga,2024-02-24
,Cuitzeo,1,1,0,0,Noventa Grados,2024-02-24
(4),Tumbiscatio,1,1,0,0,Changoonga,2024-02-24
,Zamora,0,1,0,0,"Grupo Marmor
Multimedios",2024-02-24
,,1,0,0,0,,2024-02-24
,,0,0,0,0,,2024-02-24
"Morelos
(4)",Cuernavaca,1,0,1,0,Morelos News,2024-02-24
,Tepoztlan,3,0,0,3,Diario de Morelos,2024-02-24
"Nuevo Leon
(1)",Guadalupe,0,1,0,0,MVS Noticias,2024-02-24
,,1,0,0,0,,2024-02-24
,,0,0,0,0,,2024-02-24
"Oaxaca
(1)","Juchitan de
Zaragoza",0,1,0,0,Tiempo,2024-02-24
,,1,0,0,0,,2024-02-24
,,0,0,0,0,,2024-02-24
"Puebla
(2)",Puebla,1,1,0,0,Periodico Central,2024-02-24
,Tehuacan,1,1,0,0,e-consulta,2024-02-24
"Quintana
Roo
(2)",Tulum,0,1,1,0,Noticaribe,2024-02-24
,,2,0,0,0,,2024-02-24
,,0,0,0,0,,2024-02-24
"Sinaloa
(1)",Mocorito,0,1,0,0,Reflectores MX,2024-02-24
,,1,0,0,0,,2024-02-24
,,0,0,0,0,,2024-02-24
"Sonora
(3)",Cajeme,0,0,0,3,"Rastreadoras de
Obregon Sonora",2024-02-24
,,3,0,0,0,,2024-02-24
,,0,0,0,0,,2024-02-24
"Tabasco
(3)",Cunduacan,2,2,0,0,XEVA Noticias,2024-02-24
,Macuspana,1,1,0,0,XEU Noticias,2024-02-24
"Tamaulipas
(2)","Nuevo
Laredo",0,1,0,0,Twitter,2024-02-24
,,1,0,0,0,,2024-02-24
,,0,0,0,0,,2024-02-24
,Tampico,0,1,0,0,"Agencia
Informativa",2024-02-24
,,1,0,0,0,,2024-02-24
,,0,0,0,0,,2024-02-24
"Veracruz de
Ignacio de
la Llave
(1)","Ixtaczoquitla
n",0,1,0,0,Imagen del Golfo,2024-02-24
,,1,0,0,0,,2024-02-24
,,0,0,0,0,,2024-02-24
Totales:,,54,45,3,6,,2024-02-24
