Entidad,Municipio,Muertos,Hombre,Mujer,No Identificado,Fuente,Fecha
,,0,0,0,0,,2024-04-21
,,0,0,0,0,,2024-04-21
,,0,0,0,0,,2024-04-21
"Baja
California
(8)",Mexicali,0,1,0,0,"La Voz de la
Frontera",2024-04-21
,,1,0,0,0,,2024-04-21
,,0,0,0,0,,2024-04-21
,Tijuana,3,1,2,0,La Jornada,2024-04-21
,Tijuana,1,1,0,0,Unimexicali,2024-04-21
,Tijuana,1,1,0,0,Uniradio Informa,2024-04-21
,Tijuana,1,0,1,0,Uniradio Informa,2024-04-21
,Tijuana,1,1,0,0,Uniradio Informa,2024-04-21
"Chihuahua
(10)",Chihuahua,0,1,0,0,"La Opcion de
Chihuahua",2024-04-21
,,1,0,0,0,,2024-04-21
,,0,0,0,0,,2024-04-21
,Chihuahua,0,8,0,0,"La Opcion de
Chihuahua",2024-04-21
,,8,0,0,0,,2024-04-21
,,0,0,0,0,,2024-04-21
,Juarez,1,1,0,0,Radiza,2024-04-21
"Ciudad de
Mexico
(1)","Venustiano
Carranza",0,1,0,0,El Universal,2024-04-21
,,1,0,0,0,,2024-04-21
,,0,0,0,0,,2024-04-21
"Coahuila
de
Zaragoza
(1)",Torreon,0,1,0,0,El Siglo de Torreon,2024-04-21
,,1,0,0,0,,2024-04-21
,,0,0,0,0,,2024-04-21
"Colima
(1)",Colima,0,1,0,0,Colima Noticias,2024-04-21
,,1,0,0,0,,2024-04-21
,,0,0,0,0,,2024-04-21
"Durango
(1)",Suchil,0,1,0,0,El Sol de Durango,2024-04-21
,,1,0,0,0,,2024-04-21
,,0,0,0,0,,2024-04-21
"Guanajuato
(11)",Celaya,1,1,0,0,AM,2024-04-21
,Celaya,1,1,0,0,AM,2024-04-21
,Celaya,1,1,0,0,AM,2024-04-21
,Celaya,2,0,0,2,Periodico Correo,2024-04-21
,Celaya,1,1,0,0,Periodico Correo,2024-04-21
,Celaya,1,1,0,0,Periodico Correo,2024-04-21
,Irapuato,1,1,0,0,AM,2024-04-21
,Leon,1,1,0,0,Azteca Bajio,2024-04-21
,Leon,1,1,0,0,Pagina Central,2024-04-21
,Leon,1,1,0,0,Periodico Correo,2024-04-21
"Guerrero
(2)","Acapulco de
Juarez",0,1,0,0,El Sol de Acapulco,2024-04-21
,,1,0,0,0,,2024-04-21
,,0,0,0,0,,2024-04-21
,"Acapulco de
Juarez",0,1,0,0,Sur Acapulco,2024-04-21
,,1,0,0,0,,2024-04-21
,,0,0,0,0,,2024-04-21
"Jalisco
(1)",Zapopan,0,1,0,0,Guardia Nocturna,2024-04-21
,,1,0,0,0,,2024-04-21
,,0,0,0,0,,2024-04-21
"Mexico
(2)","Almoloya de
Juarez",0,1,0,0,"A Fondo Estado de
Mexico",2024-04-21
,,1,0,0,0,,2024-04-21
,,0,0,0,0,,2024-04-21
,Malinalco,1,1,0,0,Tres PM Noticias,2024-04-21
"Michoacan
de Ocampo
(7)",Apatzingan,1,1,0,0,Red 113,2024-04-21
,Cuitzeo,1,1,0,0,Vox Populi Noticias,2024-04-21
,Cuitzeo,1,1,0,0,Vox Populi Noticias,2024-04-21
,Morelia,1,1,0,0,Red 113,2024-04-21
,Uruapan,2,2,0,0,Noventa Grados,2024-04-21
,Zamora,1,1,0,0,Red 113,2024-04-21
"Morelos
(2)",Temixco,1,1,0,0,24 Morelos,2024-04-21
,Tepoztlan,1,1,0,0,Morelos News,2024-04-21
"Nuevo
Leon
(5)",Apodaca,1,1,0,0,Milenio,2024-04-21
,"General
Zuazua",0,1,1,0,Milenio,2024-04-21
,,2,0,0,0,,2024-04-21
,,0,0,0,0,,2024-04-21
,Juarez,1,1,0,0,El Porvenir,2024-04-21
,Juarez,1,1,0,0,El Porvenir,2024-04-21
"Oaxaca
(1)","Santo
Domingo
Tehuantepec",0,1,0,0,Quadratin,2024-04-21
,,1,0,0,0,,2024-04-21
,,0,0,0,0,,2024-04-21
"Puebla
(2)",Puebla,1,0,1,0,Michoacan 3.0,2024-04-21
,"San Miguel
Xoxtla",0,0,0,1,e-consulta,2024-04-21
,,1,0,0,0,,2024-04-21
,,0,0,0,0,,2024-04-21
"Queretaro
(1)","San Juan del
Rio",0,0,0,1,Publimetro,2024-04-21
,,1,0,0,0,,2024-04-21
,,0,0,0,0,,2024-04-21
"Quintana
Roo
(3)","Othon P.
Blanco",0,2,0,0,Debate,2024-04-21
,,2,0,0,0,,2024-04-21
,,0,0,0,0,,2024-04-21
,Solidaridad,1,1,0,0,Noticaribe,2024-04-21
"Sinaloa
(2)",Culiacan,1,1,0,0,Reflectores MX,2024-04-21
,Mazatlan,1,1,0,0,Los Noticieristas,2024-04-21
"Sonora
(1)",Navojoa,0,0,0,1,Diario del Yaqui,2024-04-21
,,1,0,0,0,,2024-04-21
,,0,0,0,0,,2024-04-21
"Tabasco
(2)",Huimanguillo,1,1,0,0,Tabasco Hoy,2024-04-21
,Tenosique,1,0,1,0,Tabasco Hoy,2024-04-21
"Tamaulipas
(1)",Reynosa,0,1,0,0,"La Voz de
Tamaulipas",2024-04-21
,,1,0,0,0,,2024-04-21
,,0,0,0,0,,2024-04-21
"Tlaxcala
(1)",Tlaxcala,0,1,0,0,Milenio,2024-04-21
,,1,0,0,0,,2024-04-21
,,0,0,0,0,,2024-04-21
"Veracruz
de Ignacio
de la Llave",Xalapa,0,1,0,0,Imagen del Golfo,2024-04-21
,,1,0,0,0,,2024-04-21
,,0,0,0,0,,2024-04-21
(1),,0,0,0,0,,2024-04-21
Totales:,,67,56,6,5,,2024-04-21
