Entidad,Municipio,Muertos,Hombre,Mujer,No Identificado,Fuente,Fecha
,,0,0,0,0,,2024-02-29
,,0,0,0,0,,2024-02-29
,,0,0,0,0,,2024-02-29
"Baja
California
(8)",Ensenada,1,1,0,0,AFN Tijuana,2024-02-29
,Tijuana,1,1,0,0,Uniradio Informa,2024-02-29
,Tijuana,1,1,0,0,Uniradio Informa,2024-02-29
,Tijuana,1,1,0,0,Uniradio Informa,2024-02-29
,Tijuana,1,1,0,0,Uniradio Informa,2024-02-29
,Tijuana,2,1,1,0,Uniradio Informa,2024-02-29
,Tijuana,1,1,0,0,Uniradio Informa,2024-02-29
"Baja
California
Sur
(2)",La Paz,1,1,0,0,El Sudcaliforniano,2024-02-29
,Loreto,0,1,0,0,Colectivo Pericu,2024-02-29
,,1,0,0,0,,2024-02-29
,,0,0,0,0,,2024-02-29
"Chiapas
(2)","Rincon
Chamula San
Pedro",0,2,0,0,Diario de Chiapas,2024-02-29
,,2,0,0,0,,2024-02-29
,,0,0,0,0,,2024-02-29
"Guanajuato
(6)",Celaya,1,0,1,0,El Sol del Bajio,2024-02-29
,Celaya,1,1,0,0,Periodico Correo,2024-02-29
,Leon,1,0,0,1,El Sol de Leon,2024-02-29
,Leon,1,0,1,0,Guanajuato Informa,2024-02-29
,Salamanca,1,1,0,0,AM,2024-02-29
,Salamanca,1,0,1,0,Guanajuato Informa,2024-02-29
"Guerrero
(1)","Acapulco de
Juarez",0,1,0,0,Quadratin,2024-02-29
,,1,0,0,0,,2024-02-29
,,0,0,0,0,,2024-02-29
"Jalisco
(6)",Jocotepec,1,1,0,0,Guardia Nocturna,2024-02-29
,"Lagos de
Moreno",0,4,1,0,El Occidental,2024-02-29
,,5,0,0,0,,2024-02-29
,,0,0,0,0,,2024-02-29
"Mexico
(5)",Atizapan,1,1,0,0,La Prensa,2024-02-29
,Mexicaltzingo,1,0,0,1,Milenio,2024-02-29
,Nezahualcoyotl,2,2,0,0,La Prensa,2024-02-29
,Zinacantepec,1,1,0,0,A Fondo Edomex,2024-02-29
"Michoacan
de
Ocampo
(4)",Tarimbaro,1,1,0,0,La Voz de Michoacan,2024-02-29
,Tepalcatepec,2,2,0,0,La Voz de Michoacan,2024-02-29
,Zamora,0,1,0,0,"PCM Agencia de
Noticias",2024-02-29
,,1,0,0,0,,2024-02-29
,,0,0,0,0,,2024-02-29
"Morelos
(3)",Cuernavaca,1,1,0,0,Central de Noticias,2024-02-29
,Jiutepec,1,1,0,0,24 Morelos,2024-02-29
,Temixco,1,1,0,0,Sin Linea,2024-02-29
Nuevo,Garcia,1,0,0,1,Uniradio Informa,2024-02-29
"Leon
(2)",Santa Catarina,0,1,0,0,Telediario,2024-02-29
,,1,0,0,0,,2024-02-29
,,0,0,0,0,,2024-02-29
"Oaxaca
(2)","Juchitan de
Zaragoza",0,1,0,0,Entidad Oaxaca,2024-02-29
,,1,0,0,0,,2024-02-29
,,0,0,0,0,,2024-02-29
,"Santa Maria
Cortijo",0,1,0,0,El Imparcial,2024-02-29
,,1,0,0,0,,2024-02-29
,,0,0,0,0,,2024-02-29
"Puebla
(1)",Chignahuapan,0,1,0,0,TV Azteca,2024-02-29
,,1,0,0,0,,2024-02-29
,,0,0,0,0,,2024-02-29
"Queretaro
(2)",El Marques,1,1,0,0,Noventa Grados,2024-02-29
,Queretaro,1,1,0,0,Noventa Grados,2024-02-29
"Quintana
Roo
(5)",Benito Juarez,1,1,0,0,De Peso,2024-02-29
,Puerto Morelos,2,2,0,0,Sol Quintana Roo,2024-02-29
,Tulum,1,1,0,0,De Peso,2024-02-29
,Tulum,0,0,0,1,"Novedades de
Quintana Roo",2024-02-29
,,1,0,0,0,,2024-02-29
,,0,0,0,0,,2024-02-29
"Sonora
(3)",Cajeme,1,1,0,0,Diario del Yaqui,2024-02-29
,Hermosillo,1,1,0,0,Uniradio Informa,2024-02-29
,"San Luis Rio
Colorado",0,1,0,0,Diario del Yaqui,2024-02-29
,,1,0,0,0,,2024-02-29
,,0,0,0,0,,2024-02-29
"Veracruz
de Ignacio
de la Llave
(1)","San Andres
Tuxtla",0,0,0,1,"Observatorio
Informativo",2024-02-29
,,1,0,0,0,,2024-02-29
,,0,0,0,0,,2024-02-29
"Zacatecas
(2)",Guadalupe,1,1,0,0,Imagen Zacatecas,2024-02-29
,Guadalupe,1,1,0,0,TV Azteca,2024-02-29
Totales:,,55,45,5,5,,2024-02-29
