Entidad,Municipio,Muertos,Hombre,Mujer,No Identificado,Fuente,Fecha
,,0,0,0,0,,2024-04-27
,,0,0,0,0,,2024-04-27
,,0,0,0,0,,2024-04-27
"Baja California
(8)",Tijuana,1,1,0,0,Debate,2024-04-27
,Tijuana,1,1,0,0,El Mexicano,2024-04-27
,Tijuana,1,1,0,0,Esquina 32,2024-04-27
,Tijuana,1,1,0,0,Sintesis TV,2024-04-27
,Tijuana,0,2,0,0,"Uniradio
Informa",2024-04-27
,,2,0,0,0,,2024-04-27
,,0,0,0,0,,2024-04-27
,Tijuana,0,1,0,0,"Uniradio
Informa",2024-04-27
,,1,0,0,0,,2024-04-27
,,0,0,0,0,,2024-04-27
,Tijuana,0,1,0,0,"Uniradio
Informa",2024-04-27
,,1,0,0,0,,2024-04-27
,,0,0,0,0,,2024-04-27
"Baja California
Sur
(1)",Loreto,0,1,0,0,El Universal,2024-04-27
,,1,0,0,0,,2024-04-27
,,0,0,0,0,,2024-04-27
"Chiapas
(1)",Huixtan,0,1,0,0,Diario del Sur,2024-04-27
,,1,0,0,0,,2024-04-27
,,0,0,0,0,,2024-04-27
"Chihuahua
(4)",Camargo,0,1,0,0,"Impacto
Noticias",2024-04-27
,,1,0,0,0,,2024-04-27
,,0,0,0,0,,2024-04-27
,Chihuahua,0,1,0,0,"Norte de
Ciudad Juarez",2024-04-27
,,1,0,0,0,,2024-04-27
,,0,0,0,0,,2024-04-27
,Juarez,1,1,0,0,Net Noticias,2024-04-27
,Juarez,0,1,0,0,"Norte de
Ciudad Juarez",2024-04-27
,,1,0,0,0,,2024-04-27
,,0,0,0,0,,2024-04-27
"Colima
(3)",Colima,1,1,0,0,Colima Noticias,2024-04-27
,Colima,0,2,0,0,"Diario de
Colima",2024-04-27
,,2,0,0,0,,2024-04-27
,,0,0,0,0,,2024-04-27
"Guanajuato
(7)",Celaya,0,1,0,0,"Periodico
Correo",2024-04-27
,,1,0,0,0,,2024-04-27
,,0,0,0,0,,2024-04-27
,Celaya,0,1,0,0,"Periodico
Correo",2024-04-27
,,1,0,0,0,,2024-04-27
,,0,0,0,0,,2024-04-27
,Irapuato,1,1,0,0,AM,2024-04-27
,Leon,1,1,0,0,AM,2024-04-27
,Leon,1,1,0,0,AM,2024-04-27
,Leon,0,1,0,0,"Periodico
Correo",2024-04-27
,,1,0,0,0,,2024-04-27
,,0,0,0,0,,2024-04-27
,Salamanca,1,1,0,0,AM,2024-04-27
"Guerrero
(1)","Acapulco de
Juarez",0,1,0,0,Sur Acapulco,2024-04-27
,,1,0,0,0,,2024-04-27
,,0,0,0,0,,2024-04-27
"Hidalgo
(1)","Mineral de la
Reforma",0,0,0,1,Quadratin,2024-04-27
,,1,0,0,0,,2024-04-27
,,0,0,0,0,,2024-04-27
"Jalisco
(1)",Guadalajara,0,0,1,0,"NTR
Guadalajara",2024-04-27
,,1,0,0,0,,2024-04-27
,,0,0,0,0,,2024-04-27
"Mexico
(1)","Tlalnepantla
de Baz",0,1,0,0,La Prensa,2024-04-27
,,1,0,0,0,,2024-04-27
,,0,0,0,0,,2024-04-27
"Michoacan de
Ocampo
(4)",Apatzingan,1,1,0,0,Noventa Grados,2024-04-27
,Apatzingan,1,1,0,0,Noventa Grados,2024-04-27
,Morelia,1,1,0,0,Red 113,2024-04-27
,Zamora,1,1,0,0,Red 113,2024-04-27
"Morelos
(5)",Ayala,1,1,0,0,La Union,2024-04-27
,Cuernavaca,0,0,1,0,"El Sol de
Cuernavaca",2024-04-27
,,1,0,0,0,,2024-04-27
,,0,0,0,0,,2024-04-27
,"Emiliano
Zapata",0,1,0,0,Morelos News,2024-04-27
,,1,0,0,0,,2024-04-27
,,0,0,0,0,,2024-04-27
,Huitzilac,1,1,0,0,El Horizonte,2024-04-27
,Huitzilac,0,1,0,0,"Linea Caliente
Noticias",2024-04-27
,,1,0,0,0,,2024-04-27
,,0,0,0,0,,2024-04-27
"Oaxaca
(1)","Heroica
Ciudad de
Huajuapan de
Leon",0,1,0,0,"Imparcial de
Oaxaca",2024-04-27
,,1,0,0,0,,2024-04-27
,,0,0,0,0,,2024-04-27
"Puebla
(5)",Acatlan,2,2,0,0,Ambos Manos,2024-04-27
,Puebla,1,1,0,0,Diario Puntual,2024-04-27
,Puebla,1,1,0,0,Urbano Puebla,2024-04-27
,"Santa Isabel
Cholula",0,1,0,0,El Universal,2024-04-27
,,1,0,0,0,,2024-04-27
,,0,0,0,0,,2024-04-27
"Quintana Roo
(1)","Othon P.
Blanco",0,1,0,0,Noticaribe,2024-04-27
,,1,0,0,0,,2024-04-27
,,0,0,0,0,,2024-04-27
"Sinaloa
(1)",Ahome,0,1,0,0,Los Noticieristas,2024-04-27
,,1,0,0,0,,2024-04-27
,,0,0,0,0,,2024-04-27
"Sonora
(2)",Nogales,1,1,0,0,Infobae,2024-04-27
,"San Luis Rio
Colorado",0,1,0,0,"Tribuna de San
Luis",2024-04-27
,,1,0,0,0,,2024-04-27
,,0,0,0,0,,2024-04-27
"Tabasco
(1)",Centro,0,1,0,0,Diario Presente,2024-04-27
,,1,0,0,0,,2024-04-27
,,0,0,0,0,,2024-04-27
"Tlaxcala
(1)",Tepeyanco,0,1,0,0,La Prensa,2024-04-27
,,1,0,0,0,,2024-04-27
,,0,0,0,0,,2024-04-27
"Veracruz de
Ignacio de la
Llave
(1)",Tihuatlan,0,1,0,0,"El Pinero de la
Cuenca",2024-04-27
,,1,0,0,0,,2024-04-27
,,0,0,0,0,,2024-04-27
"Yucatan
(1)",Tizimin,0,1,0,0,"Grillo de
Yucatan",2024-04-27
,,1,0,0,0,,2024-04-27
,,0,0,0,0,,2024-04-27
Totales:,,51,48,2,1,,2024-04-27
