Entidad,Municipio,Muertos,Hombre,Mujer,No Identificado,Fuente,Fecha
,,0,0,0,0,,2024-04-23
,,0,0,0,0,,2024-04-23
,,0,0,0,0,,2024-04-23
"Baja
California
(6)",Mexicali,1,0,0,1,La Voz de la Frontera,2024-04-23
,Mexicali,1,1,0,0,La Voz de la Frontera,2024-04-23
,Mexicali,1,1,0,0,La Voz de la Frontera,2024-04-23
,Tijuana,1,1,0,0,El Imparcial,2024-04-23
,Tijuana,1,0,1,0,Uniradio Informa,2024-04-23
,Tijuana,1,0,0,1,Zeta Tijuana,2024-04-23
"Chiapas
(1)",Huixtla,0,1,0,0,Minuto Chiapas,2024-04-23
,,1,0,0,0,,2024-04-23
,,0,0,0,0,,2024-04-23
"Chihuahua
(2)",Chihuahua,1,1,0,0,La Opcion de Chihuahua,2024-04-23
,"Guadalupe y
Calvo",0,0,0,1,Diario 21,2024-04-23
,,1,0,0,0,,2024-04-23
,,0,0,0,0,,2024-04-23
"Guanajuato
(19)",Acambaro,1,1,0,0,El Sol del Bajio,2024-04-23
,Celaya,2,2,0,0,Informativo Agora,2024-04-23
,Celaya,1,1,0,0,Pagina Central,2024-04-23
,Irapuato,1,1,0,0,El Sol del Bajio,2024-04-23
,Irapuato,1,1,0,0,Facebook,2024-04-23
,Leon,1,0,0,1,El Sol de Leon,2024-04-23
,Leon,1,1,0,0,Noticias Vespertinas,2024-04-23
,Leon,1,1,0,0,Periodico Correo,2024-04-23
,Leon,2,2,0,0,Periodico Correo,2024-04-23
,Leon,1,1,0,0,Zona Franca,2024-04-23
,Salamanca,1,1,0,0,El Sol de Salamanca,2024-04-23
,Salamanca,1,1,0,0,Noventa Grados,2024-04-23
,Salamanca,1,1,0,0,Periodico Correo,2024-04-23
,"San Diego de
la Union",0,1,0,0,Periodico Correo,2024-04-23
,,1,0,0,0,,2024-04-23
,,0,0,0,0,,2024-04-23
,"Santiago
Maravatio",0,0,1,0,AM,2024-04-23
,,1,0,0,0,,2024-04-23
,,0,0,0,0,,2024-04-23
,"Silao de la
Victoria",0,1,0,0,El Sol de Leon,2024-04-23
,,1,0,0,0,,2024-04-23
,,0,0,0,0,,2024-04-23
,"Valle de
Santiago",0,1,0,0,Periodico Correo,2024-04-23
,,1,0,0,0,,2024-04-23
,,0,0,0,0,,2024-04-23
"Guerrero
(8)","Acapulco de
Juarez",0,1,0,0,El Sur,2024-04-23
,,1,0,0,0,,2024-04-23
,,0,0,0,0,,2024-04-23
,"Acapulco de
Juarez",0,1,0,0,El Sur,2024-04-23
,,1,0,0,0,,2024-04-23
,,0,0,0,0,,2024-04-23
,Acapulco de,1,1,0,0,Quadratin,2024-04-23
,Juarez,0,0,0,0,,2024-04-23
,"Acapulco de
Juarez",0,1,0,0,Sur Acapulco,2024-04-23
,,1,0,0,0,,2024-04-23
,,0,0,0,0,,2024-04-23
,"Acapulco de
Juarez",0,1,0,0,Sur Acapulco,2024-04-23
,,1,0,0,0,,2024-04-23
,,0,0,0,0,,2024-04-23
,"Acapulco de
Juarez",0,1,0,0,Sur Acapulco,2024-04-23
,,1,0,0,0,,2024-04-23
,,0,0,0,0,,2024-04-23
,"Acapulco de
Juarez",0,1,0,0,Sur Acapulco,2024-04-23
,,1,0,0,0,,2024-04-23
,,0,0,0,0,,2024-04-23
,"Iguala de la
Independencia",0,1,0,0,Al Tanto Guerrero,2024-04-23
,,1,0,0,0,,2024-04-23
,,0,0,0,0,,2024-04-23
"Jalisco
(5)",Guadalajara,1,0,0,1,Guardia Nocturna,2024-04-23
,Guadalajara,1,1,0,0,Guardia Nocturna,2024-04-23
,Guadalajara,1,0,0,1,Guardia Nocturna,2024-04-23
,"Tlajomulco de
Zuniga",0,1,0,0,Guardia Nocturna,2024-04-23
,,1,0,0,0,,2024-04-23
,,0,0,0,0,,2024-04-23
,Zapotiltic,1,0,1,0,NTR Guadalajara,2024-04-23
"Mexico
(9)","Ecatepec de
Morelos",0,0,1,0,El Universal,2024-04-23
,,1,0,0,0,,2024-04-23
,,0,0,0,0,,2024-04-23
,"Nicolas
Romero",0,3,0,0,La Jornada,2024-04-23
,,3,0,0,0,,2024-04-23
,,0,0,0,0,,2024-04-23
,Nopaltepec,4,0,0,4,Agencia NVM,2024-04-23
,"Tenango del
Valle",0,1,0,0,A Fondo Edomex,2024-04-23
,,1,0,0,0,,2024-04-23
,,0,0,0,0,,2024-04-23
"Michoacan
de Ocampo
(6)",Apatzingan,1,1,0,0,Red 113,2024-04-23
,Jacona,4,0,0,4,La Voz de Michoacan,2024-04-23
,Zamora,0,1,0,0,"Grupo Marmor
Multimedios",2024-04-23
,,1,0,0,0,,2024-04-23
,,0,0,0,0,,2024-04-23
"Morelos
(3)",Cuernavaca,1,0,0,1,La Union,2024-04-23
,Cuernavaca,1,1,0,0,Sin Linea,2024-04-23
,Jiutepec,1,1,0,0,La Union,2024-04-23
"Nuevo
Leon
(1)",Juarez,0,0,1,0,Telediario,2024-04-23
,,1,0,0,0,,2024-04-23
,,0,0,0,0,,2024-04-23
"Oaxaca
(1)","Villa de
Zaachila",0,1,0,0,El Imparcial,2024-04-23
,,1,0,0,0,,2024-04-23
,,0,0,0,0,,2024-04-23
"Puebla
(1)",Cuautinchan,0,0,0,1,Municipios Puebla,2024-04-23
,,1,0,0,0,,2024-04-23
,,0,0,0,0,,2024-04-23
"Quintana
Roo
(1)",Benito Juarez,0,1,0,0,Por Esto!,2024-04-23
,,1,0,0,0,,2024-04-23
,,0,0,0,0,,2024-04-23
"San Luis
Potosi",San Luis Potosi,0,1,0,0,Pulso San Luis Potosi,2024-04-23
,,1,0,0,0,,2024-04-23
,,0,0,0,0,,2024-04-23
(1),,0,0,0,0,,2024-04-23
"Sonora
(1)",Cajeme,0,1,0,0,Diario del Yaqui,2024-04-23
,,1,0,0,0,,2024-04-23
,,0,0,0,0,,2024-04-23
"Tabasco
(4)",Cardenas,2,2,0,0,La Lista,2024-04-23
,Comalcalco,1,1,0,0,Tabasco Hoy,2024-04-23
,Huimanguillo,1,1,0,0,Tabasco Hoy,2024-04-23
Totales:,,69,48,5,16,,2024-04-23
