Entidad,Municipio,Muertos,Hombre,Mujer,No Identificado,Fuente,Fecha
,,0,0,0,0,,2024-07-31
,,0,0,0,0,,2024-07-31
,,0,0,0,0,,2024-07-31
"Baja
California
(6)",Mexicali,1,0,0,1,Zeta Tijuana,2024-07-31
,"Playas de
Rosarito",0,0,0,1,El Mexicano,2024-07-31
,,1,0,0,0,,2024-07-31
,,0,0,0,0,,2024-07-31
,Tijuana,1,1,0,0,La Jornada,2024-07-31
,Tijuana,1,1,0,0,Uniradio Informa,2024-07-31
,Tijuana,2,2,0,0,Zeta,2024-07-31
"Chihuahua
(2)",Guachochi,1,1,0,0,Codigo 13,2024-07-31
,Juarez,1,0,0,1,La Opcion,2024-07-31
"Coahuila
de
Zaragoza
(1)",Sabinas,0,1,0,0,El Sol de la Laguna,2024-07-31
,,1,0,0,0,,2024-07-31
,,0,0,0,0,,2024-07-31
"Colima
(4)",Cuauhtemoc,1,1,0,0,Diario de Colima,2024-07-31
,Tecoman,1,1,0,0,Colima Noticias,2024-07-31
,Villa de Alvarez,2,2,0,0,Colima Noticias,2024-07-31
"Durango
(1)",Lerdo,0,0,0,1,El Siglo de Durango,2024-07-31
,,1,0,0,0,,2024-07-31
,,0,0,0,0,,2024-07-31
"Guanajuato
(5)",Cortazar,1,1,0,0,El Sol del Bajio,2024-07-31
,Irapuato,1,0,1,0,El Sol de Irapuato,2024-07-31
,Leon,1,1,0,0,El Sol de Leon,2024-07-31
,Leon,1,1,0,0,El Sol de Leon,2024-07-31
,"Santa Cruz de
Juventino
Rosas",0,0,1,0,El Sol del Bajio,2024-07-31
,,1,0,0,0,,2024-07-31
,,0,0,0,0,,2024-07-31
"Guerrero
(1)","Chilpancingo
de los Bravo",0,0,1,0,El Sol de Chilpancingo,2024-07-31
,,1,0,0,0,,2024-07-31
,,0,0,0,0,,2024-07-31
"Hidalgo
(4)","Santiago
Tulantepec de
Lugo Guerrero",0,0,3,0,Quadratin,2024-07-31
,,3,0,0,0,,2024-07-31
,,0,0,0,0,,2024-07-31
,"Tepeji del Rio
de Ocampo",0,1,0,0,Zocalo,2024-07-31
,,1,0,0,0,,2024-07-31
,,0,0,0,0,,2024-07-31
"Jalisco
(6)",Guadalajara,1,1,0,0,Guardia Nocturna,2024-07-31
,"Tlajomulco de
Zuniga",0,0,1,0,Telediario,2024-07-31
,,1,0,0,0,,2024-07-31
,,0,0,0,0,,2024-07-31
,Tonala,1,1,0,0,Milenio,2024-07-31
,Tonala,1,1,0,0,Notisistema,2024-07-31
,Zapopan,1,1,0,0,Guardia Nocturna,2024-07-31
,Zapopan,1,1,0,0,Guardia Nocturna,2024-07-31
"Mexico
(3)","Almoloya de
Juarez",0,1,0,0,Quadratin Edomex,2024-07-31
,,1,0,0,0,,2024-07-31
,,0,0,0,0,,2024-07-31
,Tepotzotlan,2,2,0,0,Reforma,2024-07-31
"Michoacan
de
Ocampo
(1)",Zamora,0,1,0,0,El Sol de Zamora,2024-07-31
,,1,0,0,0,,2024-07-31
,,0,0,0,0,,2024-07-31
"Morelos
(3)",Ayala,1,0,1,0,Central de Noticias,2024-07-31
,Cuautla,1,1,0,0,La Union de Morelos,2024-07-31
,Tlaquiltenango,1,1,0,0,La Union,2024-07-31
"Nuevo
Leon
(8)",Galeana,2,2,0,0,Telediario,2024-07-31
,Montemorelos,3,2,1,0,N+,2024-07-31
,Monterrey,1,1,0,0,Telediario,2024-07-31
,"San Nicolas de
los Garza",0,0,0,1,Excelsior,2024-07-31
,,1,0,0,0,,2024-07-31
,,0,0,0,0,,2024-07-31
,"San Nicolas de
los Garza",0,1,0,0,Noventa Grados,2024-07-31
,,1,0,0,0,,2024-07-31
,,0,0,0,0,,2024-07-31
"Oaxaca
(2)","Juchitan de
Zaragoza",0,1,0,0,Entidad Oaxaca,2024-07-31
,,1,0,0,0,,2024-07-31
,,0,0,0,0,,2024-07-31
,Salina Cruz,1,1,0,0,Meganoticias,2024-07-31
"Puebla
(2)",Puebla,1,0,0,1,MTP Noticias,2024-07-31
,Soltepec,1,0,1,0,El Universal,2024-07-31
"Quintana
Roo
(1)",Tulum,0,1,0,0,El Sol de Cuautla,2024-07-31
,,1,0,0,0,,2024-07-31
,,0,0,0,0,,2024-07-31
"Sinaloa
(2)",Culiacan,1,0,0,1,Los Noticieristas,2024-07-31
,Navolato,1,1,0,0,Cafe Negro Portal,2024-07-31
"Sonora
(4)",Cajeme,1,1,0,0,El Imparcial,2024-07-31
,Guaymas,2,0,0,2,Fiscalia de Sonora,2024-07-31
,Hermosillo,1,1,0,0,Uniradio Informa,2024-07-31
"Tabasco
(1)",Centro,0,1,0,0,Tabasco al minuto,2024-07-31
,,1,0,0,0,,2024-07-31
,,0,0,0,0,,2024-07-31
"Tamaulipas
(1)",Reynosa,0,1,0,0,Hoy Tamaulipas,2024-07-31
,,1,0,0,0,,2024-07-31
,,0,0,0,0,,2024-07-31
"Veracruz
de Ignacio
de la Llave
(5)",Jaltipan,1,1,0,0,XEU Noticias,2024-07-31
,"Martinez de la
Torre",0,1,0,0,El Pinero de la Cuenca,2024-07-31
,,1,0,0,0,,2024-07-31
,,0,0,0,0,,2024-07-31
,Nautla,1,1,0,0,El Pinero de la Cuenca,2024-07-31
,Xico,2,2,0,0,El Pinero de la Cuenca,2024-07-31
Totales:,,63,44,10,9,,2024-07-31
