Entidad,Municipio,Muertos,Hombre,Mujer,No Identificado,Fuente,Fecha
,,0,0,0,0,,2024-07-29
,,0,0,0,0,,2024-07-29
,,0,0,0,0,,2024-07-29
"Baja
California
(6)",Mexicali,1,0,0,1,El Mexicano,2024-07-29
,Tijuana,3,3,0,0,Alfredoalvarez.mx,2024-07-29
,Tijuana,1,0,1,0,Uniradio Informa,2024-07-29
,Tijuana,1,1,0,0,Uniradio Informa,2024-07-29
"Chiapas
(1)",Tapachula,0,0,1,0,La Jornada,2024-07-29
,,1,0,0,0,,2024-07-29
,,0,0,0,0,,2024-07-29
"Chihuahua
(1)",Juarez,0,0,0,1,La Opcion de Chihuahua,2024-07-29
,,1,0,0,0,,2024-07-29
,,0,0,0,0,,2024-07-29
"Ciudad de
Mexico
(2)",Coyoacan,1,1,0,0,MVS Noticias,2024-07-29
,Tlalpan,0,1,0,0,Pipol Mexico,2024-07-29
,,1,0,0,0,,2024-07-29
,,0,0,0,0,,2024-07-29
"Coahuila
de
Zaragoza
(2)",Acuna,1,1,0,0,Vanguardia,2024-07-29
,"Francisco I.
Madero",0,0,1,0,El Siglo de Torreon,2024-07-29
,,1,0,0,0,,2024-07-29
,,0,0,0,0,,2024-07-29
"Colima
(5)",Armeria,1,1,0,0,Colima Noticias,2024-07-29
,Armeria,1,0,0,1,Colima Noticias,2024-07-29
,Colima,1,1,0,0,Colima Noticias,2024-07-29
,Manzanillo,1,1,0,0,Colima Noticias,2024-07-29
,Manzanillo,1,1,0,0,Colima Noticias,2024-07-29
"Durango
(2)",Durango,1,1,0,0,El Siglo de Durango,2024-07-29
,Durango,1,0,1,0,El Tiempo,2024-07-29
"Guanajuato
(7)","Dolores
Hidalgo Cuna
de la
Independencia
Nacional",0,1,0,0,El Sol del Bajio,2024-07-29
,,1,0,0,0,,2024-07-29
,,0,0,0,0,,2024-07-29
,Leon,1,1,0,0,El Sol de Leon,2024-07-29
,Leon,1,1,0,0,Pagina Central,2024-07-29
,Penjamo,1,1,0,0,Periodico Correo,2024-07-29
,"Purisima del
Rincon",0,1,0,0,AM,2024-07-29
,,1,0,0,0,,2024-07-29
,,0,0,0,0,,2024-07-29
,"Santiago
Maravatio",0,1,0,0,Periodico Correo,2024-07-29
,,1,0,0,0,,2024-07-29
,,0,0,0,0,,2024-07-29
,"Valle de
Santiago",0,1,0,0,Periodico Correo,2024-07-29
,,1,0,0,0,,2024-07-29
,,0,0,0,0,,2024-07-29
"Guerrero
(3)","Acapulco de
Juarez",0,2,0,0,El Sol de Acapulco,2024-07-29
,,2,0,0,0,,2024-07-29
,,0,0,0,0,,2024-07-29
,"Acapulco de
Juarez",0,1,0,0,Quadratin Guerrero,2024-07-29
,,1,0,0,0,,2024-07-29
,,0,0,0,0,,2024-07-29
"Jalisco
(2)",Guadalajara,1,1,0,0,Guardia Nocturna,2024-07-29
,"San Pedro
Tlaquepaque",0,1,0,0,Guardia Nocturna,2024-07-29
,,1,0,0,0,,2024-07-29
,,0,0,0,0,,2024-07-29
"Michoacan
de
Ocampo
(4)",Jacona,1,1,0,0,Noventa Grados,2024-07-29
,Morelia,1,1,0,0,La Voz de Michoacan,2024-07-29
,Morelia,1,1,0,0,La Voz de Michoacan,2024-07-29
,Tangancicuaro,1,1,0,0,Noventa Grados,2024-07-29
"Morelos
(2)",Cuernavaca,1,1,0,0,Central de Noticias,2024-07-29
,Puente de Ixtla,1,1,0,0,La Union de Morelos,2024-07-29
"Nuevo
Leon
(2)",Doctor Arroyo,1,1,0,0,Info7,2024-07-29
,"San Nicolas de
los Garza",0,1,0,0,Telediario,2024-07-29
,,1,0,0,0,,2024-07-29
,,0,0,0,0,,2024-07-29
"Oaxaca
(2)",Salina Cruz,1,1,0,0,El Imparcial,2024-07-29
,"Santiago
Pinotepa
Nacional",0,1,0,0,El Pinero de la Cuenca,2024-07-29
,,1,0,0,0,,2024-07-29
,,0,0,0,0,,2024-07-29
"Puebla
(2)",Coronango,1,0,1,0,El Sol de Puebla,2024-07-29
,Puebla,1,0,1,0,TV Azteca,2024-07-29
"Queretaro
(1)","San Juan del
Rio",0,1,0,0,Noticias de Queretaro,2024-07-29
,,1,0,0,0,,2024-07-29
,,0,0,0,0,,2024-07-29
"Quintana
Roo
(2)",Benito Juarez,1,1,0,0,Debate,2024-07-29
,"Felipe Carrillo
Puerto",0,1,0,0,Sol Quintana Roo,2024-07-29
,,1,0,0,0,,2024-07-29
,,0,0,0,0,,2024-07-29
"San Luis
Potosi
(4)",Salinas,3,3,0,0,Debate,2024-07-29
,San Luis Potosi,0,1,0,0,Pulso San Luis Potosi,2024-07-29
,,1,0,0,0,,2024-07-29
,,0,0,0,0,,2024-07-29
"Sinaloa
(6)",Culiacan,2,2,0,0,EL Sol de Sinaloa,2024-07-29
,"Salvador
Alvarado",0,2,2,0,Los Noticieristas,2024-07-29
,,4,0,0,0,,2024-07-29
,,0,0,0,0,,2024-07-29
"Sonora
(1)",Caborca,0,1,0,0,Diario del Yaqui,2024-07-29
,,1,0,0,0,,2024-07-29
,,0,0,0,0,,2024-07-29
"Tabasco
(2)","Jalpa de
Mendez",0,1,0,0,Tabasco Hoy,2024-07-29
,,1,0,0,0,,2024-07-29
,,0,0,0,0,,2024-07-29
,Paraiso,1,1,0,0,El Heraldo de Tabasco,2024-07-29
"Tlaxcala
(2)","Tetla de la
Solidaridad",0,1,0,0,Cinco Radio,2024-07-29
,,1,0,0,0,,2024-07-29
,,0,0,0,0,,2024-07-29
,Zacatelco,1,1,0,0,Cuarto de Guerra,2024-07-29
Totales:,,61,50,8,3,,2024-07-29
