Entidad,Municipio,Muertos,Hombre,Mujer,No Identificado,Fuente,Fecha
,,0,0,0,0,,2024-09-07
,,0,0,0,0,,2024-09-07
,,0,0,0,0,,2024-09-07
"Baja
California
(10)",Ensenada,1,0,0,1,El Vigia,2024-09-07
,Tijuana,1,1,0,0,Esquina 32,2024-09-07
,Tijuana,1,1,0,0,Uniradio Informa,2024-09-07
,Tijuana,1,1,0,0,Uniradio Informa,2024-09-07
,Tijuana,1,1,0,0,Uniradio Informa,2024-09-07
,Tijuana,2,2,0,0,Uniradio Informa,2024-09-07
,Tijuana,1,1,0,0,Uniradio Informa,2024-09-07
,Tijuana,1,1,0,0,Uniradio Informa,2024-09-07
,Tijuana,1,1,0,0,Uniradio Informa,2024-09-07
"Chiapas
(2)",Ocosingo,1,1,0,0,Epicentro,2024-09-07
,Tapachula,1,1,0,0,Diario del Sur,2024-09-07
"Chihuahua
(10)",Chihuahua,4,3,1,0,Debate,2024-09-07
,Chihuahua,1,1,0,0,La Opcion de Chihuahua,2024-09-07
,Chihuahua,1,1,0,0,Voz en Red,2024-09-07
,Juarez,1,1,0,0,Net Noticias,2024-09-07
,Juarez,1,1,0,0,Net Noticias,2024-09-07
,Juarez,1,1,0,0,Net Noticias,2024-09-07
,Juarez,1,1,0,0,Norte Digital,2024-09-07
"Ciudad de
Mexico
(3)",Benito Juarez,1,1,0,0,TV Azteca,2024-09-07
,"Gustavo A.
Madero",0,1,0,0,El Grafico,2024-09-07
,,1,0,0,0,,2024-09-07
,,0,0,0,0,,2024-09-07
,Xochimilco,1,0,1,0,Twitter,2024-09-07
"Colima
(1)",Manzanillo,0,1,0,0,Colima Noticias,2024-09-07
,,1,0,0,0,,2024-09-07
,,0,0,0,0,,2024-09-07
"Guanajuato
(9)",Celaya,1,1,0,0,AM,2024-09-07
,Celaya,1,0,1,0,La Silla Rota,2024-09-07
,Celaya,1,1,0,0,Periodico Correo,2024-09-07
,"Dolores
Hidalgo Cuna
de la
Independencia
Nacional",0,1,0,0,AM,2024-09-07
,,1,0,0,0,,2024-09-07
,,0,0,0,0,,2024-09-07
,Leon,1,1,0,0,Periodico Correo,2024-09-07
,Leon,1,1,0,0,Quadratin,2024-09-07
,Leon,1,1,0,0,Quadratin,2024-09-07
,Salvatierra,1,1,0,0,AM,2024-09-07
,"Valle de
Santiago",0,1,0,0,AM,2024-09-07
,,1,0,0,0,,2024-09-07
,,0,0,0,0,,2024-09-07
"Guerrero
(3)","Acapulco de
Juarez",0,1,0,0,Sintesis,2024-09-07
,,1,0,0,0,,2024-09-07
,,0,0,0,0,,2024-09-07
,"Chilpancingo
de los Bravo",0,1,0,0,El Sol de Chilpancingo,2024-09-07
,,1,0,0,0,,2024-09-07
,,0,0,0,0,,2024-09-07
,"Chilpancingo
de los Bravo",0,1,0,0,Sur Acapulco,2024-09-07
,,1,0,0,0,,2024-09-07
,,0,0,0,0,,2024-09-07
"Hidalgo
(2)",Chilcuautla,1,1,0,0,Criterio Hidalgo,2024-09-07
,"Tepeji del Rio
de Ocampo",0,1,0,0,Quadratin,2024-09-07
,,1,0,0,0,,2024-09-07
,,0,0,0,0,,2024-09-07
"Jalisco
(2)","Lagos de
Moreno",0,0,0,2,Milenio,2024-09-07
,,2,0,0,0,,2024-09-07
,,0,0,0,0,,2024-09-07
"Mexico
(7)","Almoloya de
Juarez",0,1,0,0,DigitalMex,2024-09-07
,,1,0,0,0,,2024-09-07
,,0,0,0,0,,2024-09-07
,"Coacalco de
Berriozabal",0,1,2,0,Milenio,2024-09-07
,,3,0,0,0,,2024-09-07
,,0,0,0,0,,2024-09-07
,"Naucalpan de
Juarez",0,1,0,0,Jorge Becerril,2024-09-07
,,1,0,0,0,,2024-09-07
,,0,0,0,0,,2024-09-07
,Tepetlaoxtoc,1,1,0,0,Contra Papel,2024-09-07
,Zinacantepec,1,1,0,0,A Fondo Edomex,2024-09-07
"Michoacan
de
Ocampo
(3)",Apatzingan,0,1,0,0,"Grupo Marmor
Multimedios",2024-09-07
,,1,0,0,0,,2024-09-07
,,0,0,0,0,,2024-09-07
,Morelia,1,1,0,0,Mi Morelia,2024-09-07
,Zamora,1,1,0,0,Changoonga,2024-09-07
"Nuevo
Leon
(3)","General
Escobedo",0,0,1,0,Telediario,2024-09-07
,,1,0,0,0,,2024-09-07
,,0,0,0,0,,2024-09-07
,Santa Catarina,1,1,0,0,El Porvenir,2024-09-07
,Santa Catarina,1,1,0,0,Milenio,2024-09-07
"Oaxaca
(1)",Salina Cruz,0,1,0,0,La Verdad del Sureste,2024-09-07
,,1,0,0,0,,2024-09-07
,,0,0,0,0,,2024-09-07
"Queretaro
(1)","San Juan del
Rio",0,1,0,0,Noticias de Queretaro,2024-09-07
,,1,0,0,0,,2024-09-07
,,0,0,0,0,,2024-09-07
"San Luis
Potosi
(1)","Soledad de
Graciano
Sanchez",0,1,0,0,Quadratin,2024-09-07
,,1,0,0,0,,2024-09-07
,,0,0,0,0,,2024-09-07
"Sinaloa
(3)",Culiacan,0,0,0,3,Infobae,2024-09-07
,,3,0,0,0,,2024-09-07
,,0,0,0,0,,2024-09-07
"Sonora
(2)",Caborca,0,2,0,0,El Sol de Hermosillo,2024-09-07
,,2,0,0,0,,2024-09-07
,,0,0,0,0,,2024-09-07
"Tabasco
(2)",Macuspana,1,0,1,0,El Heraldo de Tabasco,2024-09-07
,Nacajuca,1,1,0,0,Enlace,2024-09-07
"Tlaxcala
(2)","San Pablo del
Monte",0,1,0,0,El Cuarto de Guerra,2024-09-07
,,1,0,0,0,,2024-09-07
,,0,0,0,0,,2024-09-07
,Terrenate,1,1,0,0,Urbano Puebla,2024-09-07
"Veracruz
de Ignacio
de la Llave
(1)",Coatzacoalcos,0,1,0,0,Al Calor Politico,2024-09-07
,,1,0,0,0,,2024-09-07
,,0,0,0,0,,2024-09-07
"Zacatecas
(1)",Fresnillo,0,1,0,0,El Universal,2024-09-07
,,1,0,0,0,,2024-09-07
,,0,0,0,0,,2024-09-07
Totales:,,69,56,7,6,,2024-09-07
