Entidad,Municipio,Muertos,Hombre,Mujer,No Identificado,Fuente,Fecha
,,0,0,0,0,,2024-08-26
,,0,0,0,0,,2024-08-26
,,0,0,0,0,,2024-08-26
"Aguascalientes
(1)",Aguascalientes,0,1,0,0,Hidrocalido,2024-08-26
,,1,0,0,0,,2024-08-26
,,0,0,0,0,,2024-08-26
"Baja California
(3)",Mexicali,0,1,1,0,"La Voz de la
Frontera",2024-08-26
,,2,0,0,0,,2024-08-26
,,0,0,0,0,,2024-08-26
,Tijuana,1,1,0,0,El Mexicano,2024-08-26
"Campeche
(1)",Campeche,0,1,0,0,La Jornada,2024-08-26
,,1,0,0,0,,2024-08-26
,,0,0,0,0,,2024-08-26
"Chiapas
(1)",Berriozabal,0,1,0,0,"Fiscalia
General del
Estado de
Chiapas",2024-08-26
,,1,0,0,0,,2024-08-26
,,0,0,0,0,,2024-08-26
"Chihuahua
(2)",Chihuahua,1,1,0,0,La Opcion,2024-08-26
,Juarez,1,1,0,0,La Polaka,2024-08-26
"Guanajuato
(6)",Celaya,4,0,0,4,Twitter,2024-08-26
,Yuriria,2,0,0,2,Milenio,2024-08-26
"Guerrero
(9)","Acapulco de
Juarez",0,0,1,0,"El Sol de
Acapulco",2024-08-26
,,1,0,0,0,,2024-08-26
,,0,0,0,0,,2024-08-26
,"Acapulco de
Juarez",0,1,0,0,El Sur,2024-08-26
,,1,0,0,0,,2024-08-26
,,0,0,0,0,,2024-08-26
,"Acapulco de
Juarez",0,1,0,0,El Sur,2024-08-26
,,1,0,0,0,,2024-08-26
,,0,0,0,0,,2024-08-26
,"Acapulco de
Juarez",0,1,1,0,El Sur,2024-08-26
,,2,0,0,0,,2024-08-26
,,0,0,0,0,,2024-08-26
,"Acapulco de
Juarez",0,1,0,0,El Sur,2024-08-26
,,1,0,0,0,,2024-08-26
,,0,0,0,0,,2024-08-26
,Eduardo Neri,0,3,0,0,"Guardia
Nocturna",2024-08-26
,,3,0,0,0,,2024-08-26
,,0,0,0,0,,2024-08-26
"Jalisco
(3)","San Pedro
Tlaquepaque",0,1,1,0,"Guardia
Nocturna",2024-08-26
,,2,0,0,0,,2024-08-26
,,0,0,0,0,,2024-08-26
,"San Pedro
Tlaquepaque",0,1,0,0,"Guardia
Nocturna",2024-08-26
,,1,0,0,0,,2024-08-26
,,0,0,0,0,,2024-08-26
"Mexico
(1)","Almoloya de
Juarez",0,1,0,0,Quadratin,2024-08-26
,,1,0,0,0,,2024-08-26
,,0,0,0,0,,2024-08-26
"Michoacan de
Ocampo
(2)",Morelia,0,1,0,0,"La Voz de
Michoacan",2024-08-26
,,1,0,0,0,,2024-08-26
,,0,0,0,0,,2024-08-26
,Uruapan,0,0,1,0,"Noventa
Grados",2024-08-26
,,1,0,0,0,,2024-08-26
,,0,0,0,0,,2024-08-26
"Morelos
(2)",Jiutepec,0,1,0,0,"Central de
Noticias",2024-08-26
,,1,0,0,0,,2024-08-26
,,0,0,0,0,,2024-08-26
,Yautepec,0,1,0,0,"Linea
Caliente
Noticias",2024-08-26
,,1,0,0,0,,2024-08-26
,,0,0,0,0,,2024-08-26
"Nuevo Leon
(12)",Allende,1,1,0,0,Telediario,2024-08-26
,"Cadereyta
Jimenez",0,1,0,0,Posta,2024-08-26
,,1,0,0,0,,2024-08-26
,,0,0,0,0,,2024-08-26
,Galeana,2,2,0,0,El Porvenir,2024-08-26
,"General
Escobedo",0,3,0,0,Posta,2024-08-26
,,3,0,0,0,,2024-08-26
,,0,0,0,0,,2024-08-26
,Juarez,1,1,0,0,MVS Noticias,2024-08-26
,Monterrey,1,1,0,0,Info7,2024-08-26
,Pesqueria,2,0,2,0,Twitter,2024-08-26
,Pesqueria,1,1,0,0,Twitter,2024-08-26
"Oaxaca
(2)","Candelaria
Loxicha",0,1,0,0,Zona Roja,2024-08-26
,,1,0,0,0,,2024-08-26
,,0,0,0,0,,2024-08-26
,"San Pedro
Mixtepec (22)",0,1,0,0,Zona Roja,2024-08-26
,,1,0,0,0,,2024-08-26
,,0,0,0,0,,2024-08-26
"Puebla
(5)",Acatlan,1,0,1,0,Cinco Radio,2024-08-26
,Canada Morelos,0,1,0,0,"Urbano
Puebla",2024-08-26
,,1,0,0,0,,2024-08-26
,,0,0,0,0,,2024-08-26
,Coronango,0,2,0,0,"Periodico
Central",2024-08-26
,,2,0,0,0,,2024-08-26
,,0,0,0,0,,2024-08-26
,Puebla,1,1,0,0,TV Azteca,2024-08-26
"Quintana Roo
(2)",Bacalar,1,1,0,0,Noticaribe,2024-08-26
,Benito Juarez,1,1,0,0,De Peso,2024-08-26
"San Luis Potosi
(1)",San Luis Potosi,0,1,0,0,"Pulso San
Luis Potosi",2024-08-26
,,1,0,0,0,,2024-08-26
,,0,0,0,0,,2024-08-26
"Sonora
(1)",Hermosillo,0,1,0,0,"Proyecto
Puente",2024-08-26
,,1,0,0,0,,2024-08-26
,,0,0,0,0,,2024-08-26
"Tabasco
(4)",Cardenas,1,1,0,0,El Heroico,2024-08-26
,Nacajuca,0,1,0,0,"XHVX La
Grande de
Tabasco",2024-08-26
,,1,0,0,0,,2024-08-26
,,0,0,0,0,,2024-08-26
,Teapa,2,1,1,0,Tabasco Hoy,2024-08-26
"Tamaulipas
(2)",Ciudad Madero,0,0,1,0,"Vox Populi
Noticias",2024-08-26
,,1,0,0,0,,2024-08-26
,,0,0,0,0,,2024-08-26
,Reynosa,0,1,0,0,"Dia a Dia
Tamaulipas",2024-08-26
,,1,0,0,0,,2024-08-26
,,0,0,0,0,,2024-08-26
"Veracruz de
Ignacio de la
Llave
(2)",Omealca,0,2,0,0,El Buen Tono,2024-08-26
,,2,0,0,0,,2024-08-26
,,0,0,0,0,,2024-08-26
"Zacatecas
(1)",Zacatecas,0,1,0,0,El Universal,2024-08-26
,,1,0,0,0,,2024-08-26
,,0,0,0,0,,2024-08-26
Totales:,,63,47,10,6,,2024-08-26
