Entidad,Municipio,Muertos,Hombre,Mujer,No Identificado,Fuente,Fecha
,,0,0,0,0,,2024-06-01
,,0,0,0,0,,2024-06-01
,,0,0,0,0,,2024-06-01
"Baja
California
(1)",Tijuana,0,1,0,0,AFN Tijuana,2024-06-01
,,1,0,0,0,,2024-06-01
,,0,0,0,0,,2024-06-01
"Chiapas
(1)","Pueblo Nuevo
Solistahuacan",0,1,0,0,"El Heraldo de
Chiapas",2024-06-01
,,1,0,0,0,,2024-06-01
,,0,0,0,0,,2024-06-01
"Chihuahua
(16)",Chihuahua,2,1,1,0,La Paradoja,2024-06-01
,Chihuahua,1,1,0,0,Radiza,2024-06-01
,Guachochi,1,1,0,0,Net Noticias,2024-06-01
,"Hidalgo del
Parral",0,1,0,0,El Monitor,2024-06-01
,,1,0,0,0,,2024-06-01
,,0,0,0,0,,2024-06-01
,Juarez,3,0,1,2,Debate,2024-06-01
,Juarez,0,1,0,0,"La Opcion de
Chihuahua",2024-06-01
,,1,0,0,0,,2024-06-01
,,0,0,0,0,,2024-06-01
,Juarez,1,0,0,1,Net Noticias,2024-06-01
,Juarez,1,0,1,0,Net Noticias,2024-06-01
,Juarez,1,1,0,0,Net Noticias,2024-06-01
,Juarez,2,2,0,0,Net Noticias,2024-06-01
,Juarez,1,1,0,0,Net Noticias,2024-06-01
,Juarez,1,1,0,0,Net Noticias,2024-06-01
"Ciudad de
Mexico
(2)",Cuauhtemoc,1,1,0,0,Milenio,2024-06-01
,"Venustiano
Carranza",0,1,0,0,TV Azteca,2024-06-01
,,1,0,0,0,,2024-06-01
,,0,0,0,0,,2024-06-01
"Coahuila
de
Zaragoza
(2)",Saltillo,0,1,1,0,El Universal,2024-06-01
,,2,0,0,0,,2024-06-01
,,0,0,0,0,,2024-06-01
"Guanajuato
(6)",Leon,1,1,0,0,Periodico Correo,2024-06-01
,Leon,1,1,0,0,Periodico Correo,2024-06-01
,Leon,3,3,0,0,Periodico Correo,2024-06-01
,Leon,1,1,0,0,Ultimas Noticias,2024-06-01
"Guerrero
(4)","Acapulco de
Juarez",0,1,0,0,Sur Acapulco,2024-06-01
,,1,0,0,0,,2024-06-01
,,0,0,0,0,,2024-06-01
,"Acapulco de
Juarez",0,1,0,0,Sur Acapulco,2024-06-01
,,1,0,0,0,,2024-06-01
,,0,0,0,0,,2024-06-01
,Acatepec,2,2,0,0,Sur Acapulco,2024-06-01
"Hidalgo
(1)","Mixquiahuala
de Juarez",0,1,0,0,La Jornada Hidalgo,2024-06-01
,,1,0,0,0,,2024-06-01
,,0,0,0,0,,2024-06-01
"Jalisco
(1)","Tlajomulco de
Zuniga",0,1,0,0,Milenio,2024-06-01
,,1,0,0,0,,2024-06-01
,,0,0,0,0,,2024-06-01
"Mexico
(1)","Ecatepec de
Morelos",0,0,0,1,Legendario Noticias,2024-06-01
,,1,0,0,0,,2024-06-01
,,0,0,0,0,,2024-06-01
"Michoacan
de Ocampo
(2)",Morelia,1,1,0,0,Red 113,2024-06-01
,Zamora,0,1,0,0,"Grupo Marmor
Multimedios",2024-06-01
,,1,0,0,0,,2024-06-01
,,0,0,0,0,,2024-06-01
"Morelos
(2)",Cuernavaca,1,0,0,1,Diario de Morelos,2024-06-01
,Cuernavaca,0,1,0,0,"El Sol de
Cuernavaca",2024-06-01
,,1,0,0,0,,2024-06-01
,,0,0,0,0,,2024-06-01
"Nuevo
Leon
(1)",Garcia,0,1,0,0,El Norte,2024-06-01
,,1,0,0,0,,2024-06-01
,,0,0,0,0,,2024-06-01
"Oaxaca
(2)","Oaxaca de
Juarez",0,0,1,0,Zona Roja,2024-06-01
,,1,0,0,0,,2024-06-01
,,0,0,0,0,,2024-06-01
,Salina Cruz,0,0,0,1,"Imparcial de
Oaxaca",2024-06-01
,,1,0,0,0,,2024-06-01
,,0,0,0,0,,2024-06-01
"Puebla
(5)",Huauchinango,1,1,0,0,Desde Puebla,2024-06-01
,"Izucar de
Matamoros",0,1,0,0,El Financiero,2024-06-01
,,1,0,0,0,,2024-06-01
,,0,0,0,0,,2024-06-01
,Nicolas Bravo,1,1,0,0,Noticias,2024-06-01
,Tlaltenango,1,1,0,0,Cinco Radio,2024-06-01
,"Zapotitlan de
Mendez",0,1,0,0,"La Jornada de
Oriente",2024-06-01
,,1,0,0,0,,2024-06-01
,,0,0,0,0,,2024-06-01
"Quintana
Roo
(1)",Solidaridad,0,1,0,0,El Quintanarroense,2024-06-01
,,1,0,0,0,,2024-06-01
,,0,0,0,0,,2024-06-01
"Sinaloa
(1)",Culiacan,0,1,0,0,Quadratin,2024-06-01
,,1,0,0,0,,2024-06-01
,,0,0,0,0,,2024-06-01
"Sonora
(3)",Cajeme,1,1,0,0,Tribuna,2024-06-01
,Hermosillo,2,1,1,0,Uniradio Informa,2024-06-01
"Veracruz
de Ignacio
de la Llave
(3)","Amatlan de los
Reyes",0,1,0,0,El Buen Tono,2024-06-01
,,1,0,0,0,,2024-06-01
,,0,0,0,0,,2024-06-01
,Tecolutla,0,2,0,0,Imagen del Golfo,2024-06-01
,,2,0,0,0,,2024-06-01
,,0,0,0,0,,2024-06-01
"Yucatan
(2)",San Felipe,0,2,0,0,Por Esto!,2024-06-01
,,2,0,0,0,,2024-06-01
,,0,0,0,0,,2024-06-01
Totales:,,57,45,6,6,,2024-06-01
