Entidad,Municipio,Muertos,Hombre,Mujer,No Identificado,Fuente,Fecha
,,0,0,0,0,,2024-05-30
,,0,0,0,0,,2024-05-30
,,0,0,0,0,,2024-05-30
"Aguascalientes
(2)",Aguascalientes,0,1,0,0,"El Circo
Aguascalientes",2024-05-30
,,1,0,0,0,,2024-05-30
,,0,0,0,0,,2024-05-30
,Aguascalientes,0,1,0,0,"El Circo
Aguascalientes",2024-05-30
,,1,0,0,0,,2024-05-30
,,0,0,0,0,,2024-05-30
"Baja California
(8)",Mexicali,2,2,0,0,La Jornada,2024-05-30
,"Playas de
Rosarito",0,2,0,0,Esquina 32,2024-05-30
,,2,0,0,0,,2024-05-30
,,0,0,0,0,,2024-05-30
,Tijuana,1,1,0,0,El Sol de Tijuana,2024-05-30
,Tijuana,1,1,0,0,Esquina 32,2024-05-30
,Tijuana,1,1,0,0,Uniradio Informa,2024-05-30
,Tijuana,1,1,0,0,Uniradio Informa,2024-05-30
"Chihuahua
(3)",Chihuahua,0,1,0,0,"El heraldo de
Chihuahua",2024-05-30
,,1,0,0,0,,2024-05-30
,,0,0,0,0,,2024-05-30
,Juarez,1,1,0,0,La Opcion,2024-05-30
,"Nuevo Casas
Grandes",0,1,0,0,Debate,2024-05-30
,,1,0,0,0,,2024-05-30
,,0,0,0,0,,2024-05-30
"Ciudad de
Mexico
(1)",Iztapalapa,0,0,0,1,La Prensa,2024-05-30
,,1,0,0,0,,2024-05-30
,,0,0,0,0,,2024-05-30
"Coahuila de
Zaragoza
(1)",Torreon,0,1,0,0,El Siglo de Torreon,2024-05-30
,,1,0,0,0,,2024-05-30
,,0,0,0,0,,2024-05-30
"Colima
(2)",Villa de Alvarez,1,1,0,0,Colima Noticias,2024-05-30
,Villa de Alvarez,1,1,0,0,Colima Noticias,2024-05-30
"Guanajuato
(3)",Leon,1,0,0,1,TV Azteca,2024-05-30
,Uriangato,1,0,0,1,Periodico Correo,2024-05-30
,"Valle de
Santiago",0,1,0,0,Periodico Correo,2024-05-30
,,1,0,0,0,,2024-05-30
,,0,0,0,0,,2024-05-30
"Guerrero
(4)","Acapulco de
Juarez",0,1,0,0,"El Sol de
Chilpancingo",2024-05-30
,,1,0,0,0,,2024-05-30
,,0,0,0,0,,2024-05-30
,"Acapulco de
Juarez",0,1,0,0,El Sur,2024-05-30
,,1,0,0,0,,2024-05-30
,,0,0,0,0,,2024-05-30
,"Acapulco de
Juarez",0,0,0,1,Sur Acapulco,2024-05-30
,,1,0,0,0,,2024-05-30
,,0,0,0,0,,2024-05-30
,"Coyuca de
Benitez",0,1,0,0,Aristegui Noticias,2024-05-30
,,1,0,0,0,,2024-05-30
,,0,0,0,0,,2024-05-30
"Hidalgo
(1)","Emiliano
Zapata",0,0,1,0,Periodico Central,2024-05-30
,,1,0,0,0,,2024-05-30
,,0,0,0,0,,2024-05-30
"Jalisco
(3)",El Salto,1,1,0,0,Milenio,2024-05-30
,Guadalajara,1,1,0,0,Guardia Nocturna,2024-05-30
,"San Pedro
Tlaquepaque",0,1,0,0,Guardia Nocturna,2024-05-30
,,1,0,0,0,,2024-05-30
,,0,0,0,0,,2024-05-30
"Mexico
(2)","Ecatepec de
Morelos",0,0,1,0,El Sur,2024-05-30
,,1,0,0,0,,2024-05-30
,,0,0,0,0,,2024-05-30
,"Nicolas
Romero",0,0,1,0,La Prensa,2024-05-30
,,1,0,0,0,,2024-05-30
,,0,0,0,0,,2024-05-30
"Michoacan de
Ocampo
(4)",Jacona,1,1,0,0,Red 113,2024-05-30
,Uruapan,1,0,1,0,La Voz de Michoacan,2024-05-30
,Zamora,1,0,0,1,La Voz de Michoacan,2024-05-30
,Zamora,1,1,0,0,Lopez Doriga,2024-05-30
"Morelos
(2)",Cuautla,1,0,1,0,Sin Linea,2024-05-30
,Cuernavaca,1,1,0,0,NTR Zacatecas,2024-05-30
"Nuevo Leon
(8)","Cadereyta
Jimenez",0,0,1,0,Telediario,2024-05-30
,,1,0,0,0,,2024-05-30
,,0,0,0,0,,2024-05-30
,Juarez,1,1,0,0,El Porvenir,2024-05-30
,Juarez,1,1,0,0,El Porvenir,2024-05-30
,Juarez,1,0,1,0,Posta,2024-05-30
,Juarez,1,1,0,0,Posta,2024-05-30
,Monterrey,1,1,0,0,El Porvenir,2024-05-30
,Monterrey,1,1,0,0,Posta,2024-05-30
,Monterrey,1,1,0,0,Telediario,2024-05-30
"Oaxaca
(1)","Santa Maria
Cortijo",0,1,0,0,CMM Informativo,2024-05-30
,,1,0,0,0,,2024-05-30
,,0,0,0,0,,2024-05-30
"Puebla
(3)",Calpan,1,1,0,0,Telediario,2024-05-30
,Chietla,1,1,0,0,Estado 21,2024-05-30
,Tehuacan,1,0,1,0,Municipios Puebla,2024-05-30
"Quintana Roo
(2)",Benito Juarez,1,1,0,0,Sipse,2024-05-30
,Tulum,1,1,0,0,Sol Quintana Roo,2024-05-30
"Sinaloa
(5)",Culiacan,1,1,0,0,Cafe Negro Portal,2024-05-30
,Culiacan,1,1,0,0,EL Sol de Sinaloa,2024-05-30
,Culiacan,1,1,0,0,EL Sol de Sinaloa,2024-05-30
,Culiacan,1,1,0,0,EL Sol de Sinaloa,2024-05-30
,Culiacan,1,1,0,0,Linea Directa,2024-05-30
"Sonora
(3)","San Luis Rio
Colorado",0,1,0,0,Tribuna de San Luis,2024-05-30
,,1,0,0,0,,2024-05-30
,,0,0,0,0,,2024-05-30
,"San Luis Rio
Colorado",0,0,2,0,Tribuna de San Luis,2024-05-30
,,2,0,0,0,,2024-05-30
,,0,0,0,0,,2024-05-30
"Tamaulipas
(2)",Matamoros,1,1,0,0,Hoy Tamaulipas,2024-05-30
,Nuevo Laredo,1,0,1,0,Hoy Tamaulipas,2024-05-30
"Veracruz de
Ignacio de la
Llave
(1)",Papantla,0,1,0,0,Diario de Xalapa,2024-05-30
,,1,0,0,0,,2024-05-30
,,0,0,0,0,,2024-05-30
Totales:,,61,45,11,5,,2024-05-30
