Entidad,Municipio,Muertos,Hombre,Mujer,No Identificado,Fuente,Fecha
,,0,0,0,0,,2024-08-28
,,0,0,0,0,,2024-08-28
,,0,0,0,0,,2024-08-28
"Chiapas
(2)",Tapachula,1,1,0,0,Diario del Sur,2024-08-28
,Tapachula,1,1,0,0,Diario del Sur,2024-08-28
"Chihuahua
(5)",Chihuahua,1,1,0,0,AR Noticias,2024-08-28
,Chihuahua,1,1,0,0,El heraldo de Chihuahua,2024-08-28
,Chihuahua,1,1,0,0,El heraldo de Chihuahua,2024-08-28
,Juarez,0,1,0,0,"El Diario de Ciudad
Juarez",2024-08-28
,,1,0,0,0,,2024-08-28
,,0,0,0,0,,2024-08-28
,Juarez,1,0,1,0,La Polaka,2024-08-28
"Ciudad de
Mexico
(1)",Iztapalapa,0,0,1,0,TV Azteca,2024-08-28
,,1,0,0,0,,2024-08-28
,,0,0,0,0,,2024-08-28
"Guanajuato
(10)",Celaya,2,1,1,0,Celaya News,2024-08-28
,Celaya,3,3,0,0,Celaya News,2024-08-28
,Leon,1,1,0,0,AM,2024-08-28
,Leon,1,0,0,1,Periodico Correo,2024-08-28
,Leon,1,1,0,0,Zona Franca,2024-08-28
,Salamanca,2,2,0,0,AM,2024-08-28
"Guerrero
(5)","Acapulco de
Juarez",0,0,1,0,El Sol de Acapulco,2024-08-28
,,1,0,0,0,,2024-08-28
,,0,0,0,0,,2024-08-28
,"Acapulco de
Juarez",0,1,0,0,El Sur,2024-08-28
,,1,0,0,0,,2024-08-28
,,0,0,0,0,,2024-08-28
,"Acapulco de
Juarez",0,2,0,0,El Sur,2024-08-28
,,2,0,0,0,,2024-08-28
,,0,0,0,0,,2024-08-28
,"Acapulco de
Juarez",0,1,0,0,El Sur,2024-08-28
,,1,0,0,0,,2024-08-28
,,0,0,0,0,,2024-08-28
"Hidalgo
(3)","Tepeji del Rio
de Ocampo",0,1,0,0,Milenio,2024-08-28
,,1,0,0,0,,2024-08-28
,,0,0,0,0,,2024-08-28
,"Tulancingo de
Bravo",0,2,0,0,Punto por Punto,2024-08-28
,,2,0,0,0,,2024-08-28
,,0,0,0,0,,2024-08-28
"Jalisco
(2)",Guadalajara,1,1,0,0,Milenio,2024-08-28
,"Tlajomulco de
Zuniga",0,1,0,0,Informador,2024-08-28
,,1,0,0,0,,2024-08-28
,,0,0,0,0,,2024-08-28
"Mexico
(1)",Tecamac,0,1,0,0,A Fondo Edomex,2024-08-28
,,1,0,0,0,,2024-08-28
,,0,0,0,0,,2024-08-28
"Morelos
(2)",Cuernavaca,1,1,0,0,Diario de Morelos,2024-08-28
,Xoxocotla,1,1,0,0,La Union de Morelos,2024-08-28
,Juarez,1,1,0,0,Info7,2024-08-28
"Nuevo
Leon
(4)",Monterrey,1,1,0,0,El Norte,2024-08-28
,Monterrey,1,1,0,0,Info7,2024-08-28
,Monterrey,1,1,0,0,Milenio,2024-08-28
"Oaxaca
(3)","Juchitan de
Zaragoza",0,2,0,0,Entidad Oaxaca,2024-08-28
,,2,0,0,0,,2024-08-28
,,0,0,0,0,,2024-08-28
,"Santo
Domingo
Tehuantepec",0,1,0,0,Entidad Oaxaca,2024-08-28
,,1,0,0,0,,2024-08-28
,,0,0,0,0,,2024-08-28
"Puebla
(3)",Huejotzingo,1,1,0,0,Puebla Roja,2024-08-28
,"Izucar de
Matamoros",0,1,0,0,Azteca Puebla,2024-08-28
,,1,0,0,0,,2024-08-28
,,0,0,0,0,,2024-08-28
,Puebla,1,1,0,0,Puebla Roja,2024-08-28
"Quintana
Roo
(3)",Benito Juarez,1,1,0,0,De Peso,2024-08-28
,Benito Juarez,1,1,0,0,Sipse,2024-08-28
,Tulum,1,1,0,0,Sipse,2024-08-28
"Sinaloa
(2)",Culiacan,1,1,0,0,Los Noticieristas,2024-08-28
,Navolato,1,1,0,0,Linea Directa,2024-08-28
"Sonora
(1)",Hermosillo,0,1,0,0,El Imparcial,2024-08-28
,,1,0,0,0,,2024-08-28
,,0,0,0,0,,2024-08-28
"Tabasco
(1)",Teapa,0,1,0,0,XEVT,2024-08-28
,,1,0,0,0,,2024-08-28
,,0,0,0,0,,2024-08-28
"Tamaulipas
(1)",Reynosa,0,1,0,0,Reforma,2024-08-28
,,1,0,0,0,,2024-08-28
,,0,0,0,0,,2024-08-28
"Veracruz
de Ignacio
de la Llave
(2)",Coatzacoalcos,1,1,0,0,XEU Noticias,2024-08-28
,"Martinez de la
Torre",0,1,0,0,Es Noticia Veracruz,2024-08-28
,,1,0,0,0,,2024-08-28
,,0,0,0,0,,2024-08-28
"Zacatecas
(1)","Tlaltenango
de Sanchez
Roman",0,1,0,0,Meganoticias,2024-08-28
,,1,0,0,0,,2024-08-28
,,0,0,0,0,,2024-08-28
Totales:,,52,47,4,1,,2024-08-28
