Entidad,Municipio,Muertos,Hombre,Mujer,No Identificado,Fuente,Fecha
,,0,0,0,0,,2024-07-04
,,0,0,0,0,,2024-07-04
,,0,0,0,0,,2024-07-04
"Aguascalientes
(1)","Pabellon de
Arteaga",0,1,0,0,El Sol del Centro,2024-07-04
,,1,0,0,0,,2024-07-04
,,0,0,0,0,,2024-07-04
"Baja California
(7)",Tijuana,1,1,0,0,Uniradio Informa,2024-07-04
,Tijuana,1,1,0,0,Uniradio Informa,2024-07-04
,Tijuana,1,1,0,0,Uniradio Informa,2024-07-04
,Tijuana,1,0,0,1,Uniradio Informa,2024-07-04
,Tijuana,1,0,1,0,Zeta Tijuana,2024-07-04
,Tijuana,1,1,0,0,Zeta Tijuana,2024-07-04
,Tijuana,1,1,0,0,Zeta Tijuana,2024-07-04
"Chiapas
(1)",Tapachula,0,0,1,0,Diario de Chiapas,2024-07-04
,,1,0,0,0,,2024-07-04
,,0,0,0,0,,2024-07-04
"Chihuahua
(2)",Juarez,1,1,0,0,Net Noticias,2024-07-04
,Juarez,1,1,0,0,Net Noticias,2024-07-04
"Ciudad de
Mexico
(1)",Iztapalapa,0,1,0,0,Celaya News,2024-07-04
,,1,0,0,0,,2024-07-04
,,0,0,0,0,,2024-07-04
"Colima
(2)",Colima,1,1,0,0,Colima al dia,2024-07-04
,Villa de Alvarez,1,1,0,0,Colima al dia,2024-07-04
"Guanajuato
(11)",Celaya,1,1,0,0,El Sol del Bajio,2024-07-04
,Celaya,1,1,0,0,El Sol del Bajio,2024-07-04
,Irapuato,1,1,0,0,El Sol de Irapuato,2024-07-04
,Leon,2,2,0,0,El Sol de Leon,2024-07-04
,Leon,1,1,0,0,Noticias Vespertinas,2024-07-04
,Leon,1,1,0,0,Noticias Vespertinas,2024-07-04
,Leon,1,1,0,0,Periodico Correo,2024-07-04
,Salamanca,2,1,1,0,Noventa Grados,2024-07-04
,"Silao de la
Victoria",0,1,0,0,El Sol de Leon,2024-07-04
,,1,0,0,0,,2024-07-04
,,0,0,0,0,,2024-07-04
"Guerrero
(5)","Acapulco de
Juarez",0,1,1,0,Quadratin Guerrero,2024-07-04
,,2,0,0,0,,2024-07-04
,,0,0,0,0,,2024-07-04
,"Acapulco de
Juarez",0,1,0,0,Quadratin Guerrero,2024-07-04
,,1,0,0,0,,2024-07-04
,,0,0,0,0,,2024-07-04
,"Acapulco de
Juarez",0,1,0,0,Quadratin Guerrero,2024-07-04
,,1,0,0,0,,2024-07-04
,,0,0,0,0,,2024-07-04
,"Chilpancingo
de los Bravo",0,0,1,0,Quadratin Guerrero,2024-07-04
,,1,0,0,0,,2024-07-04
,,0,0,0,0,,2024-07-04
Jalisco,Guadalajara,1,1,0,0,Guardia Nocturna,2024-07-04
(5),"San Pedro
Tlaquepaque",0,0,0,1,Guardia Nocturna,2024-07-04
,,1,0,0,0,,2024-07-04
,,0,0,0,0,,2024-07-04
,"Tlajomulco de
Zuniga",0,0,1,0,Notisistema,2024-07-04
,,1,0,0,0,,2024-07-04
,,0,0,0,0,,2024-07-04
,Tonala,1,1,0,0,Jalisco Rojo Oficial,2024-07-04
,Zapopan,1,1,0,0,Guardia Nocturna,2024-07-04
"Mexico
(1)",Nezahualcoyotl,0,0,1,0,El Universal,2024-07-04
,,1,0,0,0,,2024-07-04
,,0,0,0,0,,2024-07-04
"Morelos
(2)",Temixco,0,0,0,2,El Universal,2024-07-04
,,2,0,0,0,,2024-07-04
,,0,0,0,0,,2024-07-04
"Nuevo Leon
(3)","Cadereyta
Jimenez",0,1,0,0,Zocalo,2024-07-04
,,1,0,0,0,,2024-07-04
,,0,0,0,0,,2024-07-04
,General Bravo,1,1,0,0,La Tarde,2024-07-04
,"General
Escobedo",0,1,0,0,Telediario,2024-07-04
,,1,0,0,0,,2024-07-04
,,0,0,0,0,,2024-07-04
"Oaxaca
(2)",Ciudad Ixtepec,1,0,1,0,Quadratin Oaxaca,2024-07-04
,"Oaxaca de
Juarez",0,1,0,0,ADN Sureste,2024-07-04
,,1,0,0,0,,2024-07-04
,,0,0,0,0,,2024-07-04
"Puebla
(2)",Coronango,1,1,0,0,Puebla Roja,2024-07-04
,Huejotzingo,1,0,1,0,Intolerencia Diario,2024-07-04
"Quintana Roo
(1)","Felipe Carrillo
Puerto",0,1,0,0,Noticaribe,2024-07-04
,,1,0,0,0,,2024-07-04
,,0,0,0,0,,2024-07-04
"Sinaloa
(1)",Mazatlan,0,1,0,0,Linea Directa,2024-07-04
,,1,0,0,0,,2024-07-04
,,0,0,0,0,,2024-07-04
"Sonora
(4)",Caborca,1,1,0,0,El Sol de Hermosillo,2024-07-04
,Guaymas,1,1,0,0,El Sol de Hermosillo,2024-07-04
,"San Luis Rio
Colorado",0,0,0,2,Tribuna de San Luis,2024-07-04
,,2,0,0,0,,2024-07-04
,,0,0,0,0,,2024-07-04
"Tabasco
(4)",Cardenas,0,1,0,0,"El Heraldo de
Tabasco",2024-07-04
,,1,0,0,0,,2024-07-04
,,0,0,0,0,,2024-07-04
,Comalcalco,2,2,0,0,Tabasco Hoy,2024-07-04
,Nacajuca,1,0,1,0,Tabasco Hoy,2024-07-04
"Tamaulipas
(2)",Matamoros,1,1,0,0,Hoy Tamaulipas,2024-07-04
,Reynosa,1,1,0,0,La Tarde,2024-07-04
"Veracruz de
Ignacio de la
Llave
(3)",Coscomatepec,1,1,0,0,Imagen del Golfo,2024-07-04
,Ixtaczoquitlan,1,0,1,0,La Silla Rota,2024-07-04
,Tlapacoyan,0,1,0,0,Imagen del Golfo,2024-07-04
,,1,0,0,0,,2024-07-04
,,0,0,0,0,,2024-07-04
Totales:,,60,43,11,6,,2024-07-04
