Entidad,Municipio,Muertos,Hombre,Mujer,No Identificado,Fuente,Fecha
,,0,0,0,0,,2024-05-04
,,0,0,0,0,,2024-05-04
,,0,0,0,0,,2024-05-04
"Baja California
(4)",Tijuana,1,1,0,0,Baja News,2024-05-04
,Tijuana,1,0,0,1,Punto Norte,2024-05-04
,Tijuana,1,1,0,0,Uniradio Informa,2024-05-04
,Tijuana,1,1,0,0,Uniradio Informa,2024-05-04
"Chiapas
(2)","Benemerito
de las
Americas",0,1,1,0,"El Heraldo de
Chiapas",2024-05-04
,,2,0,0,0,,2024-05-04
,,0,0,0,0,,2024-05-04
"Chihuahua
(10)",Juarez,0,0,0,1,"La Opcion de
Chihuahua",2024-05-04
,,1,0,0,0,,2024-05-04
,,0,0,0,0,,2024-05-04
,Juarez,1,1,0,0,N+,2024-05-04
,Juarez,1,1,0,0,Net Noticias,2024-05-04
,Juarez,1,1,0,0,Net Noticias,2024-05-04
,Juarez,2,2,0,0,Net Noticias,2024-05-04
,Juarez,1,1,0,0,Net Noticias,2024-05-04
,Juarez,1,1,0,0,Net Noticias,2024-05-04
,Juarez,2,0,0,2,Radiza,2024-05-04
"Ciudad de Mexico
(2)",Cuauhtemoc,1,1,0,0,Tribuna,2024-05-04
,Tlahuac,1,1,0,0,Imagen,2024-05-04
"Colima
(3)",Colima,1,1,0,0,Colima Noticias,2024-05-04
,Colima,1,1,0,0,Va de Nuez,2024-05-04
,"Villa de
Alvarez",0,0,1,0,Colima Noticias,2024-05-04
,,1,0,0,0,,2024-05-04
,,0,0,0,0,,2024-05-04
"Guanajuato
(11)",Acambaro,1,1,0,0,AM,2024-05-04
,Comonfort,2,2,0,0,AM,2024-05-04
,Irapuato,1,1,0,0,AM,2024-05-04
,Leon,1,1,0,0,AM,2024-05-04
,Leon,1,0,1,0,AM,2024-05-04
,Leon,1,1,0,0,AM,2024-05-04
,Leon,2,2,0,0,AM,2024-05-04
,Leon,1,0,1,0,AM,2024-05-04
,Leon,1,1,0,0,AM,2024-05-04
"Guerrero
(4)","Acapulco de
Juarez",0,1,0,0,Sur Acapulco,2024-05-04
,,1,0,0,0,,2024-05-04
,,0,0,0,0,,2024-05-04
,"Acapulco de
Juarez",0,1,0,0,Sur Acapulco,2024-05-04
,,1,0,0,0,,2024-05-04
,,0,0,0,0,,2024-05-04
,"Buenavista
de Cuellar",0,1,0,0,Quadratin,2024-05-04
,,1,0,0,0,,2024-05-04
,,0,0,0,0,,2024-05-04
,"Chilpancingo
de los Bravo",0,1,0,0,Quadratin,2024-05-04
,,1,0,0,0,,2024-05-04
,,0,0,0,0,,2024-05-04
"Hidalgo
(1)",Actopan,0,1,0,0,Milenio,2024-05-04
,,1,0,0,0,,2024-05-04
,,0,0,0,0,,2024-05-04
"Mexico
(5)",Ixtapaluca,0,1,0,0,"Reporteros en
Movimiento",2024-05-04
,,1,0,0,0,,2024-05-04
,,0,0,0,0,,2024-05-04
,Metepec,1,1,0,0,Diario Basta!,2024-05-04
,Toluca,1,1,0,0,A Fondo Edomex,2024-05-04
,Tultitlan,1,1,0,0,Cuspide Mexico,2024-05-04
,Tultitlan,1,1,0,0,Reforma,2024-05-04
"Michoacan de
Ocampo
(1)",Uruapan,0,1,0,0,Red 113,2024-05-04
,,1,0,0,0,,2024-05-04
,,0,0,0,0,,2024-05-04
"Morelos
(1)",Temixco,0,1,0,0,Morelos News,2024-05-04
,,1,0,0,0,,2024-05-04
,,0,0,0,0,,2024-05-04
"Nuevo Leon
(1)","General
Escobedo",0,1,0,0,Milenio,2024-05-04
,,1,0,0,0,,2024-05-04
,,0,0,0,0,,2024-05-04
"Oaxaca
(1)","Oaxaca de
Juarez",0,0,1,0,Quadratin,2024-05-04
,,1,0,0,0,,2024-05-04
,,0,0,0,0,,2024-05-04
"Puebla
(3)",Puebla,1,1,0,0,Cambio,2024-05-04
,"Venustiano
Carranza",0,1,1,0,El Universal,2024-05-04
,,2,0,0,0,,2024-05-04
,,0,0,0,0,,2024-05-04
"Queretaro
(1)",Queretaro,0,1,0,0,Quadratin,2024-05-04
,,1,0,0,0,,2024-05-04
,,0,0,0,0,,2024-05-04
"Sinaloa
(3)",Culiacan,1,1,0,0,Extraoficial,2024-05-04
,Culiacan,1,0,0,1,Noreste,2024-05-04
,Mocorito,1,1,0,0,Extraoficial,2024-05-04
"Tabasco
(1)",Comalcalco,0,0,1,0,Tabasco Hoy,2024-05-04
,,1,0,0,0,,2024-05-04
,,0,0,0,0,,2024-05-04
"Tlaxcala
(1)",Totolac,0,1,0,0,Cuarto de Guerra,2024-05-04
,,1,0,0,0,,2024-05-04
,,0,0,0,0,,2024-05-04
"Yucatan
(2)",Chankom,1,1,0,0,Quadratin,2024-05-04
,Valladolid,1,1,0,0,Noticias de Yucatan,2024-05-04
"Zacatecas
(1)",Guadalupe,0,1,0,0,NTR Zacatecas,2024-05-04
,,1,0,0,0,,2024-05-04
,,0,0,0,0,,2024-05-04
Totales:,,58,46,7,5,,2024-05-04
