Entidad,Municipio,Muertos,Hombre,Mujer,No Identificado,Fuente,Fecha
,,0,0,0,0,,2024-04-22
,,0,0,0,0,,2024-04-22
,,0,0,0,0,,2024-04-22
"Aguascalientes
(1)",Aguascalientes,0,1,0,0,El Sol del Centro,2024-04-22
,,1,0,0,0,,2024-04-22
,,0,0,0,0,,2024-04-22
"Baja California
(9)",Tijuana,1,0,0,1,PSN en Linea,2024-04-22
,Tijuana,3,1,2,0,Uniradio Informa,2024-04-22
,Tijuana,1,1,0,0,Uniradio Informa,2024-04-22
,Tijuana,1,0,1,0,Uniradio Informa,2024-04-22
,Tijuana,1,1,0,0,Uniradio Informa,2024-04-22
,Tijuana,1,0,1,0,Uniradio Informa,2024-04-22
,Tijuana,1,1,0,0,Uniradio Informa,2024-04-22
"Campeche
(2)",Calakmul,1,1,0,0,Estamos Aqui,2024-04-22
,Calkini,1,1,0,0,Por Esto!,2024-04-22
"Chiapas
(3)","Chiapa de
Corzo",0,1,0,0,Diario del Sur,2024-04-22
,,1,0,0,0,,2024-04-22
,,0,0,0,0,,2024-04-22
,Huehuetan,1,1,0,0,Diario del Sur,2024-04-22
,Tapachula,1,1,0,0,Diario del Sur,2024-04-22
"Chihuahua
(3)","Hidalgo del
Parral",0,1,0,0,"El Diario de
Chihuahua",2024-04-22
,,1,0,0,0,,2024-04-22
,,0,0,0,0,,2024-04-22
,Juarez,0,1,0,0,"La Opcion de
Chihuahua",2024-04-22
,,1,0,0,0,,2024-04-22
,,0,0,0,0,,2024-04-22
,Juarez,1,1,0,0,Puente Libre,2024-04-22
"Ciudad de
Mexico
(4)",Azcapotzalco,2,2,0,0,Periodico Enfoque,2024-04-22
,Iztapalapa,1,1,0,0,TV Azteca,2024-04-22
,Tlalpan,0,1,0,0,"A Fondo Estado de
Mexico",2024-04-22
,,1,0,0,0,,2024-04-22
,,0,0,0,0,,2024-04-22
"Colima
(2)",Manzanillo,1,1,0,0,Diario de Colima,2024-04-22
,Villa de Alvarez,1,1,0,0,Colima Noticias,2024-04-22
"Guanajuato
(7)",Celaya,2,2,0,0,Noticias Vespertinas,2024-04-22
,Celaya,1,1,0,0,Periodico Correo,2024-04-22
,Celaya,1,1,0,0,Periodico Correo,2024-04-22
,Leon,1,1,0,0,El Sol de Leon,2024-04-22
,Salamanca,1,1,0,0,Periodico Correo,2024-04-22
,"San Francisco
del Rincon",0,1,0,0,Noticias Vespertinas,2024-04-22
,,1,0,0,0,,2024-04-22
,,0,0,0,0,,2024-04-22
"Guerrero
(4)","Acapulco de
Juarez",0,1,0,0,"Agencia de Noticias
Guerrero",2024-04-22
,,1,0,0,0,,2024-04-22
,,0,0,0,0,,2024-04-22
,Acapulco de,1,1,0,0,El Sur,2024-04-22
,Juarez,0,0,0,0,,2024-04-22
,"Acapulco de
Juarez",0,1,0,0,El Sur,2024-04-22
,,1,0,0,0,,2024-04-22
,,0,0,0,0,,2024-04-22
,"Chilpancingo
de los Bravo",0,1,0,0,El Sol de Acapulco,2024-04-22
,,1,0,0,0,,2024-04-22
,,0,0,0,0,,2024-04-22
"Hidalgo
(1)","Mineral de la
Reforma",0,0,1,0,Criterio Hidalgo,2024-04-22
,,1,0,0,0,,2024-04-22
,,0,0,0,0,,2024-04-22
"Jalisco
(5)",Guadalajara,1,1,0,0,Guardia Nocturna,2024-04-22
,"San Pedro
Tlaquepaque",0,1,0,0,Guardia Nocturna,2024-04-22
,,1,0,0,0,,2024-04-22
,,0,0,0,0,,2024-04-22
,"San Pedro
Tlaquepaque",0,1,0,0,Notisistema,2024-04-22
,,1,0,0,0,,2024-04-22
,,0,0,0,0,,2024-04-22
,"Tlajomulco de
Zuniga",0,1,0,0,Guardia Nocturna,2024-04-22
,,1,0,0,0,,2024-04-22
,,0,0,0,0,,2024-04-22
,"Tlajomulco de
Zuniga",0,1,0,0,Guardia Nocturna,2024-04-22
,,1,0,0,0,,2024-04-22
,,0,0,0,0,,2024-04-22
"Mexico
(3)","Ecatepec de
Morelos",0,0,1,0,Jorge Becerril,2024-04-22
,,1,0,0,0,,2024-04-22
,,0,0,0,0,,2024-04-22
,Ocoyoacac,1,1,0,0,El Sol de Toluca,2024-04-22
,"San Mateo
Atenco",0,1,0,0,El Sol de Toluca,2024-04-22
,,1,0,0,0,,2024-04-22
,,0,0,0,0,,2024-04-22
"Michoacan de
Ocampo
(7)",Apatzingan,1,0,1,0,Noventa Grados,2024-04-22
,Morelia,1,1,0,0,Noventa Grados,2024-04-22
,Morelia,1,1,0,0,Noventa Grados,2024-04-22
,Tarimbaro,0,1,0,0,"Grupo Marmor
Multimedios",2024-04-22
,,1,0,0,0,,2024-04-22
,,0,0,0,0,,2024-04-22
,Zinapecuaro,3,3,0,0,Noventa Grados,2024-04-22
"Morelos
(8)",Cuernavaca,1,0,0,1,24 Morelos,2024-04-22
,Cuernavaca,1,0,0,1,Sin Linea,2024-04-22
,Jantetelco,2,1,1,0,La Union,2024-04-22
,Jiutepec,1,1,0,0,Sin Linea,2024-04-22
,Temixco,1,1,0,0,Central de Noticias,2024-04-22
,Temixco,1,1,0,0,Sin Linea,2024-04-22
,Xochitepec,1,1,0,0,La Union,2024-04-22
"Nayarit
(1)",Tepic,0,1,0,0,El Sol de Nayarit,2024-04-22
,,1,0,0,0,,2024-04-22
,,0,0,0,0,,2024-04-22
"Nuevo Leon
(5)",Garcia,1,1,0,0,El Porvenir,2024-04-22
,Guadalupe,1,1,0,0,Telediario,2024-04-22
,Juarez,2,2,0,0,El Porvenir,2024-04-22
,Juarez,1,1,0,0,Telediario,2024-04-22
"Oaxaca
(4)","Juchitan de
Zaragoza",0,1,0,0,Imparcial de Oaxaca,2024-04-22
,,1,0,0,0,,2024-04-22
,,0,0,0,0,,2024-04-22
,"Pinotepa de
Don Luis",0,2,0,0,Imparcial de Oaxaca,2024-04-22
,,2,0,0,0,,2024-04-22
,,0,0,0,0,,2024-04-22
,"San Pedro
Pochutla",0,1,0,0,Imparcial de Oaxaca,2024-04-22
,,1,0,0,0,,2024-04-22
,,0,0,0,0,,2024-04-22
"Puebla
(1)",Acatzingo,0,1,0,0,Municipios,2024-04-22
,,1,0,0,0,,2024-04-22
,,0,0,0,0,,2024-04-22
"Queretaro
(1)",Huimilpan,0,1,0,0,Alerta Qro,2024-04-22
,,1,0,0,0,,2024-04-22
,,0,0,0,0,,2024-04-22
"Quintana Roo
(1)",Solidaridad,0,1,0,0,Sol Quintana Roo,2024-04-22
,,1,0,0,0,,2024-04-22
,,0,0,0,0,,2024-04-22
"San Luis Potosi
(1)",San Luis Potosi,0,0,1,0,Pulso San Luis Potosi,2024-04-22
,,1,0,0,0,,2024-04-22
,,0,0,0,0,,2024-04-22
"Sinaloa
(2)",Culiacan,1,1,0,0,Extraoficial,2024-04-22
,Mazatlan,1,1,0,0,Los Noticieristas,2024-04-22
"Sonora
(6)",Cajeme,1,1,0,0,Diario del Yaqui,2024-04-22
,Cajeme,1,0,0,1,Medios Obson,2024-04-22
,Cajeme,1,1,0,0,Medios Obson,2024-04-22
,Cajeme,1,1,0,0,Medios Obson,2024-04-22
,Nogales,1,0,1,0,El Sol de Hermosillo,2024-04-22
,"San Luis Rio
Colorado",0,1,0,0,Tribuna de San Luis,2024-04-22
,,1,0,0,0,,2024-04-22
,,0,0,0,0,,2024-04-22
"Tabasco
(9)",Centro,2,2,0,0,El Heraldo de Tabasco,2024-04-22
,Centro,2,2,0,0,El Heraldo de Tabasco,2024-04-22
,Centro,1,1,0,0,El Heraldo de Tabasco,2024-04-22
,Macuspana,2,2,0,0,El Heraldo de Tabasco,2024-04-22
,Tenosique,2,0,0,2,El Heraldo de Tabasco,2024-04-22
"Veracruz de
Ignacio de la
Llave
(1)",Coatzacoalcos,0,1,0,0,Presencia Veracruz,2024-04-22
,,1,0,0,0,,2024-04-22
,,0,0,0,0,,2024-04-22
Totales:,,91,75,10,6,,2024-04-22
