Entidad,Municipio,Muertos,Hombre,Mujer,No Identificado,Fuente,Fecha
,,0,0,0,0,,2024-09-08
,,0,0,0,0,,2024-09-08
,,0,0,0,0,,2024-09-08
"Baja
California
(2)",Tijuana,1,1,0,0,Hiptex,2024-09-08
,Tijuana,0,1,0,0,Sintesis TV,2024-09-08
,,1,0,0,0,,2024-09-08
,,0,0,0,0,,2024-09-08
"Chiapas
(2)",Tapachula,0,2,0,0,Milenio,2024-09-08
,,2,0,0,0,,2024-09-08
,,0,0,0,0,,2024-09-08
"Chihuahua
(10)",Chihuahua,1,1,0,0,Acento,2024-09-08
,Chihuahua,2,2,0,0,El heraldo de Chihuahua,2024-09-08
,Chihuahua,1,1,0,0,La Paradoja,2024-09-08
,Juarez,5,4,1,0,El heraldo de Chihuahua,2024-09-08
,Juarez,1,1,0,0,Net Noticias,2024-09-08
"Ciudad de
Mexico
(2)",Tlalpan,1,1,0,0,Sociedad Noticias,2024-09-08
,"Venustiano
Carranza",0,1,0,0,El Universal,2024-09-08
,,1,0,0,0,,2024-09-08
,,0,0,0,0,,2024-09-08
"Coahuila
de
Zaragoza
(1)",Parras,0,1,0,0,Milenio,2024-09-08
,,1,0,0,0,,2024-09-08
,,0,0,0,0,,2024-09-08
"Durango
(1)","Santiago
Papasquiaro",0,1,0,0,Posta,2024-09-08
,,1,0,0,0,,2024-09-08
,,0,0,0,0,,2024-09-08
"Guanajuato
(15)",Celaya,1,1,0,0,AM,2024-09-08
,Guanajuato,1,0,0,1,Periodico Correo,2024-09-08
,Irapuato,1,1,0,0,AM,2024-09-08
,Irapuato,1,1,0,0,Periodico Correo,2024-09-08
,"Jaral del
Progreso",0,1,0,0,Periodico Correo,2024-09-08
,,1,0,0,0,,2024-09-08
,,0,0,0,0,,2024-09-08
,Leon,2,2,0,0,AM,2024-09-08
,Leon,1,1,0,0,AM,2024-09-08
,Leon,1,1,0,0,AM,2024-09-08
,Leon,1,1,0,0,Noticias Vespertinas,2024-09-08
,Leon,1,1,0,0,Periodico Correo,2024-09-08
,Salvatierra,1,1,0,0,Periodico Correo,2024-09-08
,San Felipe,1,1,0,0,AM,2024-09-08
,"San Miguel de
Allende",0,1,0,0,Lopez Doriga,2024-09-08
,,1,0,0,0,,2024-09-08
,,0,0,0,0,,2024-09-08
,"Santiago
Maravatio",0,1,0,0,AM,2024-09-08
,,1,0,0,0,,2024-09-08
,,0,0,0,0,,2024-09-08
"Guerrero
(4)","Acapulco de
Juarez",0,1,0,0,Quadratin,2024-09-08
,,1,0,0,0,,2024-09-08
,,0,0,0,0,,2024-09-08
,"Acapulco de
Juarez",0,0,1,0,Quadratin,2024-09-08
,,1,0,0,0,,2024-09-08
,,0,0,0,0,,2024-09-08
,"Huitzuco de
los Figueroa",0,1,0,0,Sur Acapulco,2024-09-08
,,1,0,0,0,,2024-09-08
,,0,0,0,0,,2024-09-08
,"Huitzuco de
los Figueroa",0,0,0,1,Sur Acapulco,2024-09-08
,,1,0,0,0,,2024-09-08
,,0,0,0,0,,2024-09-08
"Mexico
(5)","Almoloya de
Juarez",0,1,0,0,El Universal,2024-09-08
,,1,0,0,0,,2024-09-08
,,0,0,0,0,,2024-09-08
,Ocoyoacac,1,1,0,0,Quadratin,2024-09-08
,Tecamac,2,0,2,0,Sociedad Noticias,2024-09-08
,Tultitlan,1,1,0,0,Red Acciones,2024-09-08
"Michoacan
de
Ocampo
(1)",Morelia,0,1,0,0,El Sol de Morelia,2024-09-08
,,1,0,0,0,,2024-09-08
,,0,0,0,0,,2024-09-08
"Nuevo
Leon
(2)",Monterrey,1,1,0,0,ABC Noticias,2024-09-08
,Monterrey,0,1,0,0,Milenio,2024-09-08
,,1,0,0,0,,2024-09-08
,,0,0,0,0,,2024-09-08
"Oaxaca
(2)","San Pedro
Mixtepec_ (26)",0,1,0,0,El Pinero de la Cuenca,2024-09-08
,,1,0,0,0,,2024-09-08
,,0,0,0,0,,2024-09-08
,"Santiago
Pinotepa
Nacional",0,1,0,0,Contrapropuesta,2024-09-08
,,1,0,0,0,,2024-09-08
,,0,0,0,0,,2024-09-08
"Puebla
(1)",Tepeojuma,0,1,0,0,Intolerencia Diario,2024-09-08
,,1,0,0,0,,2024-09-08
,,0,0,0,0,,2024-09-08
"Queretaro
(1)",Tequisquiapan,0,1,0,0,Voz Imparcial,2024-09-08
,,1,0,0,0,,2024-09-08
,,0,0,0,0,,2024-09-08
"Quintana
Roo
(1)",Tulum,0,1,0,0,Noticaribe,2024-09-08
,,1,0,0,0,,2024-09-08
,,0,0,0,0,,2024-09-08
"San Luis
Potosi
(1)",Tamuin,0,1,0,0,Huasteca Hoy,2024-09-08
,,1,0,0,0,,2024-09-08
,,0,0,0,0,,2024-09-08
"Tabasco
(2)",Cardenas,1,1,0,0,El Heraldo de Tabasco,2024-09-08
,Centro,1,1,0,0,En Cambio,2024-09-08
"Tlaxcala
(2)","San Pablo del
Monte",0,1,0,0,Cinco Radio,2024-09-08
,,1,0,0,0,,2024-09-08
,,0,0,0,0,,2024-09-08
,Zacatelco,1,0,1,0,El Sol de Tlaxcala,2024-09-08
"Veracruz
de Ignacio
de la Llave
(2)",Coatzacoalcos,1,1,0,0,Cadena Noticias,2024-09-08
,Tuxpan,0,1,0,0,Es Noticia Veracruz,2024-09-08
,,1,0,0,0,,2024-09-08
,,0,0,0,0,,2024-09-08
Totales:,,57,50,5,2,,2024-09-08
