Entidad,Municipio,Muertos,Hombre,Mujer,No Identificado,Fuente,Fecha
,,0,0,0,0,,2024-07-19
,,0,0,0,0,,2024-07-19
,,0,0,0,0,,2024-07-19
"Baja
California
(5)",Tijuana,1,1,0,0,El Sol de Tijuana,2024-07-19
,Tijuana,1,1,0,0,Uniradio Informa,2024-07-19
,Tijuana,1,1,0,0,Uniradio Informa,2024-07-19
,Tijuana,1,1,0,0,Uniradio Informa,2024-07-19
,Tijuana,1,0,0,1,Zeta Tijuana,2024-07-19
"Chiapas
(1)",Suchiate,0,1,0,0,Noticias de Chiapas,2024-07-19
,,1,0,0,0,,2024-07-19
,,0,0,0,0,,2024-07-19
"Chihuahua
(8)","Aquiles
Serdan",0,3,0,0,El Sol de Cordoba,2024-07-19
,,3,0,0,0,,2024-07-19
,,0,0,0,0,,2024-07-19
,Chihuahua,1,1,0,0,Canal 44,2024-07-19
,Chihuahua,1,1,0,0,Canal 44,2024-07-19
,Cuauhtemoc,1,1,0,0,Canal 44,2024-07-19
,Juarez,1,0,0,1,La Polaka,2024-07-19
,Juarez,1,1,0,0,La Polaka,2024-07-19
"Colima
(3)",Cuauhtemoc,2,0,0,2,Diario de Colima,2024-07-19
,Manzanillo,1,1,0,0,AFmedios,2024-07-19
"Guanajuato
(9)",Celaya,4,0,0,4,AM,2024-07-19
,Celaya,1,1,0,0,Periodico Correo,2024-07-19
,Guanajuato,1,1,0,0,Periodico Correo,2024-07-19
,Irapuato,1,1,0,0,Noventa Grados,2024-07-19
,Leon,1,0,0,1,Noticieros en linea,2024-07-19
,Villagran,1,1,0,0,AM,2024-07-19
"Guerrero
(4)","Acapulco de
Juarez",0,0,0,1,El Sur,2024-07-19
,,1,0,0,0,,2024-07-19
,,0,0,0,0,,2024-07-19
,"Chilpancingo
de los Bravo",0,1,0,0,El Sur,2024-07-19
,,1,0,0,0,,2024-07-19
,,0,0,0,0,,2024-07-19
,"Chilpancingo
de los Bravo",0,0,2,0,Sur Acapulco,2024-07-19
,,2,0,0,0,,2024-07-19
,,0,0,0,0,,2024-07-19
"Hidalgo
(1)","Cuautepec de
Hinojosa",0,1,0,0,El Sol de Tulancingo,2024-07-19
,,1,0,0,0,,2024-07-19
,,0,0,0,0,,2024-07-19
"Jalisco
(4)",La Huerta,2,2,0,0,El Occidental,2024-07-19
,"Tlajomulco de
Zuniga",0,1,0,0,Lider Informativo 91.9 FM,2024-07-19
,,1,0,0,0,,2024-07-19
,,0,0,0,0,,2024-07-19
,Zapopan,1,1,0,0,Guardia Nocturna,2024-07-19
"Mexico
(4)","Ecatepec de
Morelos",0,2,0,0,Diario Portal,2024-07-19
,,2,0,0,0,,2024-07-19
,,0,0,0,0,,2024-07-19
,Malinalco,1,1,0,0,DigitalMex,2024-07-19
,"Naucalpan de
Juarez",0,1,0,0,"A Fondo Estado de
Mexico",2024-07-19
,,1,0,0,0,,2024-07-19
,,0,0,0,0,,2024-07-19
"Michoacan
de
Ocampo
(4)","Lazaro
Cardenas",0,0,1,0,Noventa Grados,2024-07-19
,,1,0,0,0,,2024-07-19
,,0,0,0,0,,2024-07-19
,Morelia,1,1,0,0,La Voz de Michoacan,2024-07-19
,Morelia,1,1,0,0,La Voz de Michoacan,2024-07-19
,Zamora,1,0,1,0,La Voz de Michoacan,2024-07-19
"Morelos
(5)",Cuernavaca,1,0,0,1,Extra de Morelos,2024-07-19
,Jiutepec,1,1,0,0,Central de Noticias,2024-07-19
,Tepoztlan,1,1,0,0,Central de Noticias,2024-07-19
,"Tlaltizapan de
Zapata",0,1,0,0,Zona Centro Noticias,2024-07-19
,,1,0,0,0,,2024-07-19
,,0,0,0,0,,2024-07-19
,Xoxocotla,1,1,0,0,La Union de Morelos,2024-07-19
"Nuevo
Leon
(6)",Cerralvo,1,0,1,0,Milenio,2024-07-19
,Garcia,1,1,0,0,Telediario,2024-07-19
,"General
Escobedo",0,2,0,0,Telediario,2024-07-19
,,2,0,0,0,,2024-07-19
,,0,0,0,0,,2024-07-19
,Juarez,1,1,0,0,El Porvenir,2024-07-19
,Linares,1,1,0,0,El Porvenir,2024-07-19
"Oaxaca
(6)","Acatlan de
Perez
Figueroa",0,1,0,0,El Pinero de la Cuenca,2024-07-19
,,1,0,0,0,,2024-07-19
,,0,0,0,0,,2024-07-19
,"Matias
Romero
Avendano",0,2,0,0,Cuarta Plana,2024-07-19
,,2,0,0,0,,2024-07-19
,,0,0,0,0,,2024-07-19
,"Ocotlan de
Morelos",0,1,0,0,Imparcial de Oaxaca,2024-07-19
,,1,0,0,0,,2024-07-19
,,0,0,0,0,,2024-07-19
,Salina Cruz,1,1,0,0,Contrapropuesta,2024-07-19
,"Tlacolula de
Matamoros",0,1,0,0,Imparcial,2024-07-19
,,1,0,0,0,,2024-07-19
,,0,0,0,0,,2024-07-19
"Puebla
(2)","Tepatlaxco de
Hidalgo",0,0,0,2,Municipios Puebla,2024-07-19
,,2,0,0,0,,2024-07-19
,,0,0,0,0,,2024-07-19
"San Luis
Potosi
(2)","San Luis
Potosi",0,1,1,0,Pulso San Luis Potosi,2024-07-19
,,2,0,0,0,,2024-07-19
,,0,0,0,0,,2024-07-19
"Sonora
(4)",Bacum,1,1,0,0,Tribuna,2024-07-19
,Hermosillo,1,1,0,0,Meganoticias,2024-07-19
,"San Luis Rio
Colorado",0,2,0,0,Tribuna,2024-07-19
,,2,0,0,0,,2024-07-19
,,0,0,0,0,,2024-07-19
"Tabasco
(1)",Comalcalco,0,0,1,0,XEVT,2024-07-19
,,1,0,0,0,,2024-07-19
,,0,0,0,0,,2024-07-19
"Tamaulipas
(1)",Reynosa,0,1,0,0,Hoy Tamaulipas,2024-07-19
,,1,0,0,0,,2024-07-19
,,0,0,0,0,,2024-07-19
"Veracruz
de Ignacio
de la Llave
(2)",Coatzacoalcos,1,0,1,0,Vanguardia Veracruz,2024-07-19
,"Jesus
Carranza",0,1,0,0,El Sol de Cordoba,2024-07-19
,,1,0,0,0,,2024-07-19
,,0,0,0,0,,2024-07-19
"Zacatecas
(1)",Fresnillo,0,1,0,0,Imagen Zacatecas,2024-07-19
,,1,0,0,0,,2024-07-19
,,0,0,0,0,,2024-07-19
Totales:,,73,52,8,13,,2024-07-19
