Entidad,Municipio,Muertos,Hombre,Mujer,No Identificado,Fuente,Fecha
,,0,0,0,0,,2024-06-16
,,0,0,0,0,,2024-06-16
,,0,0,0,0,,2024-06-16
"Baja California
(2)",Tijuana,1,1,0,0,Hiptex,2024-06-16
,Tijuana,1,1,0,0,Uniradio Informa,2024-06-16
"Chihuahua
(3)",Chihuahua,1,1,0,0,Codigo 13,2024-06-16
,Juarez,1,1,0,0,Net Noticias,2024-06-16
,Juarez,1,1,0,0,Net Noticias,2024-06-16
"Ciudad de
Mexico
(1)",Iztapalapa,0,1,0,0,Reforma,2024-06-16
,,1,0,0,0,,2024-06-16
,,0,0,0,0,,2024-06-16
"Coahuila de
Zaragoza
(1)","San
Buenaventura",0,1,0,0,"La Prensa de
Monclova",2024-06-16
,,1,0,0,0,,2024-06-16
,,0,0,0,0,,2024-06-16
"Colima
(6)",Colima,1,1,0,0,Diario de Colima,2024-06-16
,Manzanillo,1,1,0,0,Diario de Colima,2024-06-16
,Manzanillo,2,2,0,0,Diario de Colima,2024-06-16
,Manzanillo,1,1,0,0,Diario de Colima,2024-06-16
,Manzanillo,1,1,0,0,Meganoticias,2024-06-16
"Guanajuato
(8)",Acambaro,1,1,0,0,Periodico Correo,2024-06-16
,Celaya,1,1,0,0,AM,2024-06-16
,Celaya,1,1,0,0,AM,2024-06-16
,Irapuato,1,1,0,0,Periodico Correo,2024-06-16
,Leon,1,1,0,0,AM,2024-06-16
,Leon,1,1,0,0,AM,2024-06-16
,Leon,1,1,0,0,AM,2024-06-16
,Leon,1,1,0,0,Periodico Correo,2024-06-16
"Guerrero
(3)","Acapulco de
Juarez",0,1,0,0,Quadratin,2024-06-16
,,1,0,0,0,,2024-06-16
,,0,0,0,0,,2024-06-16
,"Acapulco de
Juarez",0,2,0,0,Sur Acapulco,2024-06-16
,,2,0,0,0,,2024-06-16
,,0,0,0,0,,2024-06-16
"Hidalgo
(1)","San Felipe
Orizatlan",0,0,1,0,"La Voz de
Tantoyuca",2024-06-16
,,1,0,0,0,,2024-06-16
,,0,0,0,0,,2024-06-16
"Mexico
(4)",Chalco,1,1,0,0,Sociedad Noticias,2024-06-16
,Tecamac,1,1,0,0,El Universal,2024-06-16
,Temoaya,1,1,0,0,DigitalMex,2024-06-16
,Temoaya,1,1,0,0,Quadratin,2024-06-16
"Michoacan de
Ocampo
(24)",Jacona,17,0,0,17,Proceso,2024-06-16
,Maravatio,0,1,0,0,"La Voz de
Michoacan",2024-06-16
,,1,0,0,0,,2024-06-16
,,0,0,0,0,,2024-06-16
,Morelia,1,1,0,0,Noventa Grados,2024-06-16
,Morelia,1,0,0,1,Noventa Grados,2024-06-16
,Morelia,2,2,0,0,Noventa Grados,2024-06-16
,Uruapan,1,1,0,0,Quadratin,2024-06-16
,Uruapan,1,1,0,0,Red 113,2024-06-16
"Morelos
(3)",Cuautla,1,1,0,0,El Sol de Cuautla,2024-06-16
,Cuernavaca,1,1,0,0,Central de Noticias,2024-06-16
,Cuernavaca,1,1,0,0,Diario de Morelos,2024-06-16
"Oaxaca
(5)","Miahuatlan
de Porfirio
Diaz",0,0,1,0,"Imparcial de
Oaxaca",2024-06-16
,,1,0,0,0,,2024-06-16
,,0,0,0,0,,2024-06-16
,Salina Cruz,3,2,1,0,Quadratin,2024-06-16
,"San Francisco
del Mar",0,1,0,0,"El Pinero de la
Cuenca",2024-06-16
,,1,0,0,0,,2024-06-16
,,0,0,0,0,,2024-06-16
"Puebla
(1)",Amozoc,0,1,0,0,Callejero,2024-06-16
,,1,0,0,0,,2024-06-16
,,0,0,0,0,,2024-06-16
"Quintana Roo
(1)",Benito Juarez,0,1,0,0,Noticias Cancun,2024-06-16
,,1,0,0,0,,2024-06-16
,,0,0,0,0,,2024-06-16
"San Luis Potosi
(2)",Tamuin,1,0,0,1,Rio 19,2024-06-16
,Tanlajas,1,1,0,0,Frontal Noticias,2024-06-16
"Sinaloa
(4)",Culiacan,1,1,0,0,El Universal,2024-06-16
,Culiacan,1,1,0,0,El Universal,2024-06-16
,Culiacan,1,1,0,0,Noreste,2024-06-16
,"Salvador
Alvarado",0,1,0,0,A Discusion,2024-06-16
,,1,0,0,0,,2024-06-16
,,0,0,0,0,,2024-06-16
"Sonora
(1)",Cajeme,0,1,0,0,Medios Obson,2024-06-16
,,1,0,0,0,,2024-06-16
,,0,0,0,0,,2024-06-16
"Tabasco
(1)",Cardenas,0,1,0,0,"El Heraldo de
Tabasco",2024-06-16
,,1,0,0,0,,2024-06-16
,,0,0,0,0,,2024-06-16
"Zacatecas
(2)",Fresnillo,0,2,0,0,NTR Zacatecas,2024-06-16
,,2,0,0,0,,2024-06-16
,,0,0,0,0,,2024-06-16
Totales:,,73,51,3,19,,2024-06-16
