Entidad,Municipio,Muertos,Hombre,Mujer,No Identificado,Fuente,Fecha
,,0,0,0,0,,2024-07-27
,,0,0,0,0,,2024-07-27
,,0,0,0,0,,2024-07-27
"Baja
California
(6)",Mexicali,1,0,1,0,La Voz de la Frontera,2024-07-27
,Tijuana,1,1,0,0,El Imparcial,2024-07-27
,Tijuana,1,1,0,0,El Mexicano,2024-07-27
,Tijuana,1,1,0,0,Uniradio Informa,2024-07-27
,Tijuana,1,1,0,0,Uniradio Informa,2024-07-27
,Tijuana,1,1,0,0,Uniradio Informa,2024-07-27
"Chiapas
(1)",Tapachula,0,1,0,0,Diario del Sur,2024-07-27
,,1,0,0,0,,2024-07-27
,,0,0,0,0,,2024-07-27
"Chihuahua
(3)",Juarez,1,1,0,0,Calibre 800,2024-07-27
,Juarez,2,2,0,0,Diario de Chihuahua,2024-07-27
"Ciudad de
Mexico
(4)",Azcapotzalco,1,1,0,0,87punto3,2024-07-27
,Coyoacan,0,2,1,0,El Universal,2024-07-27
,,3,0,0,0,,2024-07-27
,,0,0,0,0,,2024-07-27
"Colima
(1)","Villa de
Alvarez",0,0,1,0,Colima Noticias,2024-07-27
,,1,0,0,0,,2024-07-27
,,0,0,0,0,,2024-07-27
"Guanajuato
(7)",Celaya,2,2,0,0,Periodico Correo,2024-07-27
,Huanimaro,2,2,0,0,Periodico Correo,2024-07-27
,Leon,1,0,0,1,Noticias Vespertinas,2024-07-27
,Leon,1,1,0,0,Pagina Central,2024-07-27
,Yuriria,1,1,0,0,AM,2024-07-27
"Guerrero
(2)","Acapulco de
Juarez",0,1,0,0,Sur Acapulco,2024-07-27
,,1,0,0,0,,2024-07-27
,,0,0,0,0,,2024-07-27
,"Buenavista
de Cuellar",0,1,0,0,"El Diario de la Tarde
Iguala",2024-07-27
,,1,0,0,0,,2024-07-27
,,0,0,0,0,,2024-07-27
"Jalisco
(4)",Guadalajara,1,1,0,0,Informador,2024-07-27
,"Tlajomulco
de Zuniga",0,1,0,0,Guardia Nocturna,2024-07-27
,,1,0,0,0,,2024-07-27
,,0,0,0,0,,2024-07-27
,"Tlajomulco
de Zuniga",0,1,0,0,Milenio,2024-07-27
,,1,0,0,0,,2024-07-27
,,0,0,0,0,,2024-07-27
,Tonala,1,1,0,0,Guardia Nocturna,2024-07-27
"Mexico
(8)",La Paz,1,1,0,0,Facebook,2024-07-27
,La Paz,1,1,0,0,Tribuna,2024-07-27
,Metepec,3,2,1,0,El Sol de Mexico,2024-07-27
,Tecamac,1,1,0,0,La Prensa,2024-07-27
,Toluca,1,0,1,0,Quadratin,2024-07-27
,Toluca,1,0,0,1,Tres PM Noticias,2024-07-27
"Nuevo
Leon
(4)","General
Escobedo",0,1,2,0,Milenio,2024-07-27
,,3,0,0,0,,2024-07-27
,,0,0,0,0,,2024-07-27
,Guadalupe,1,1,0,0,Reporte Indigo,2024-07-27
"Oaxaca
(5)","Juchitan de
Zaragoza",0,1,1,0,ADN Sureste,2024-07-27
,,2,0,0,0,,2024-07-27
,,0,0,0,0,,2024-07-27
,"Oaxaca de
Juarez",0,1,0,0,A Diario,2024-07-27
,,1,0,0,0,,2024-07-27
,,0,0,0,0,,2024-07-27
,"Oaxaca de
Juarez",0,1,0,0,El Pinero de la Cuenca,2024-07-27
,,1,0,0,0,,2024-07-27
,,0,0,0,0,,2024-07-27
,Salina Cruz,1,1,0,0,El Pinero de la Cuenca,2024-07-27
"Puebla
(4)",Puebla,1,0,1,0,Entrelineas,2024-07-27
,Puebla,1,1,0,0,Oro Noticias,2024-07-27
,Tehuacan,2,1,1,0,Urbano Puebla,2024-07-27
"Queretaro
(1)",Queretaro,0,1,0,0,El Corregidor,2024-07-27
,,1,0,0,0,,2024-07-27
,,0,0,0,0,,2024-07-27
"Quintana
Roo
(4)","Benito
Juarez",0,1,0,0,Sipse,2024-07-27
,,1,0,0,0,,2024-07-27
,,0,0,0,0,,2024-07-27
,"Othon P.
Blanco",0,1,0,0,De Peso,2024-07-27
,,1,0,0,0,,2024-07-27
,,0,0,0,0,,2024-07-27
,Solidaridad,1,1,0,0,DigitalMex,2024-07-27
,Solidaridad,1,1,0,0,Quintana Roo Hoy,2024-07-27
"Sonora
(5)",Cajeme,1,0,0,1,Medios Obson,2024-07-27
,Hermosillo,3,3,0,0,El Sol de Hermosillo,2024-07-27
,Hermosillo,1,1,0,0,Proyecto Puente,2024-07-27
"Tabasco
(7)",Centro,3,3,0,0,Tabasco Hoy,2024-07-27
,Comalcalco,1,1,0,0,Tabasco Hoy,2024-07-27
,Nacajuca,1,1,0,0,Tabasco Hoy,2024-07-27
,Tacotalpa,1,1,0,0,El Heraldo de Tabasco,2024-07-27
,Teapa,1,1,0,0,El Heraldo de Tabasco,2024-07-27
"Zacatecas
(1)",Guadalupe,0,1,0,0,NTR Zacatecas,2024-07-27
,,1,0,0,0,,2024-07-27
,,0,0,0,0,,2024-07-27
Totales:,,67,54,10,3,,2024-07-27
