Entidad,Municipio,Muertos,Hombre,Mujer,No Identificado,Fuente,Fecha
,,0,0,0,0,,2024-05-09
,,0,0,0,0,,2024-05-09
,,0,0,0,0,,2024-05-09
"Baja
California
(9)",Ensenada,1,0,1,0,ABC Noticias,2024-05-09
,Mexicali,1,1,0,0,El Imparcial,2024-05-09
,Mexicali,1,1,0,0,La Jornada,2024-05-09
,Tijuana,1,0,0,1,El Mexicano,2024-05-09
,Tijuana,1,0,1,0,El Mexicano,2024-05-09
,Tijuana,2,2,0,0,El Mexicano,2024-05-09
,Tijuana,1,1,0,0,El Mexicano,2024-05-09
,Tijuana,1,1,0,0,El Sol de Tijuana,2024-05-09
"Chiapas
(1)",Tapachula,0,1,0,0,Balance Mexico,2024-05-09
,,1,0,0,0,,2024-05-09
,,0,0,0,0,,2024-05-09
"Chihuahua
(5)",Chihuahua,1,0,1,0,El heraldo de Chihuahua,2024-05-09
,Chihuahua,1,1,0,0,Notigram,2024-05-09
,Juarez,2,2,0,0,El Porvenir,2024-05-09
,Juarez,1,1,0,0,La Polaka,2024-05-09
"Ciudad de
Mexico
(1)",Iztapalapa,0,1,0,0,Twitter,2024-05-09
,,1,0,0,0,,2024-05-09
,,0,0,0,0,,2024-05-09
"Colima
(4)",Colima,1,1,0,0,Colima Noticias,2024-05-09
,Colima,2,0,2,0,Diario de Colima,2024-05-09
,Cuauhtemoc,1,0,0,1,Colima Noticias,2024-05-09
"Guanajuato
(10)","Apaseo el
Alto",0,1,0,0,El Sol del Bajio,2024-05-09
,,1,0,0,0,,2024-05-09
,,0,0,0,0,,2024-05-09
,Celaya,1,1,0,0,El Sol del Bajio,2024-05-09
,Celaya,1,1,0,0,Pagina Central,2024-05-09
,Irapuato,1,1,0,0,El Sol de Irapuato,2024-05-09
,Leon,1,0,1,0,AM,2024-05-09
,Leon,1,1,0,0,Zona Franca,2024-05-09
,Leon,1,1,0,0,Zona Franca,2024-05-09
,Salvatierra,1,1,0,0,AM,2024-05-09
,Yuriria,2,0,2,0,AM,2024-05-09
"Guerrero
(1)",Marquelia,0,1,0,0,Quadratin,2024-05-09
,,1,0,0,0,,2024-05-09
,,0,0,0,0,,2024-05-09
"Hidalgo
(2)","Nopala de
Villagran",0,1,0,0,Quadratin,2024-05-09
,,1,0,0,0,,2024-05-09
,,0,0,0,0,,2024-05-09
,Tepeapulco,1,1,0,0,El Sol de Hidalgo,2024-05-09
"Jalisco
(3)","Puerto
Vallarta",0,0,1,0,El Occidental,2024-05-09
,,1,0,0,0,,2024-05-09
,,0,0,0,0,,2024-05-09
,"Tlajomulco
de Zuniga",0,0,1,0,Notisistema,2024-05-09
,,1,0,0,0,,2024-05-09
,,0,0,0,0,,2024-05-09
,"Tlajomulco
de Zuniga",0,1,0,0,Telediario,2024-05-09
,,1,0,0,0,,2024-05-09
,,0,0,0,0,,2024-05-09
"Mexico
(1)",Toluca,0,1,0,0,El Sol de Toluca,2024-05-09
,,1,0,0,0,,2024-05-09
,,0,0,0,0,,2024-05-09
"Michoacan
de
Ocampo
(14)","Alvaro
Obregon",0,1,0,0,Quadratin,2024-05-09
,,1,0,0,0,,2024-05-09
,,0,0,0,0,,2024-05-09
,Tocumbo,10,10,0,0,El Universal,2024-05-09
,Uruapan,1,1,0,0,La Voz de Michoacan,2024-05-09
,Uruapan,1,1,0,0,Noventa Grados,2024-05-09
,Uruapan,1,1,0,0,Quadratin,2024-05-09
"Morelos
(5)",Ayala,1,1,0,0,Diario de Morelos,2024-05-09
,Cuernavaca,1,1,0,0,Central de Noticias,2024-05-09
,Cuernavaca,1,1,0,0,El Sol de Cuernavaca,2024-05-09
,Xoxocotla,1,1,0,0,Central de Noticias,2024-05-09
,Xoxocotla,1,1,0,0,Central de Noticias,2024-05-09
"Nuevo
Leon
(3)",Monterrey,2,2,0,0,El Porvenir,2024-05-09
,Monterrey,0,1,0,0,Vox Populi Noticias,2024-05-09
,,1,0,0,0,,2024-05-09
,,0,0,0,0,,2024-05-09
"Oaxaca
(1)","Cuilapam de
Guerrero",0,0,1,0,El Imparcial,2024-05-09
,,1,0,0,0,,2024-05-09
,,0,0,0,0,,2024-05-09
"Puebla
(2)","Tecali de
Herrera",0,2,0,0,Periodico Central,2024-05-09
,,2,0,0,0,,2024-05-09
,,0,0,0,0,,2024-05-09
"Quintana
Roo
(1)","Benito
Juarez",0,1,0,0,Quintana Roo Hoy,2024-05-09
,,1,0,0,0,,2024-05-09
,,0,0,0,0,,2024-05-09
"San Luis
Potosi
(1)","San Luis
Potosi",0,1,0,0,Pulso San Luis Potosi,2024-05-09
,,1,0,0,0,,2024-05-09
,,0,0,0,0,,2024-05-09
"Sinaloa
(3)",Culiacan,1,1,0,0,Cafe Negro Portal,2024-05-09
,Culiacan,1,1,0,0,Debate,2024-05-09
,Navolato,1,0,0,1,Los Noticieristas,2024-05-09
"Tabasco
(2)",Centro,1,1,0,0,El Heraldo de Tabasco,2024-05-09
,Teapa,1,0,1,0,El Heraldo de Tabasco,2024-05-09
"Veracruz
de Ignacio
de la Llave
(2)","Sayula de
Aleman",0,1,0,0,El Pinero de la Cuenca,2024-05-09
,,1,0,0,0,,2024-05-09
,,0,0,0,0,,2024-05-09
,Xico,0,1,0,0,Imagen del Golfo,2024-05-09
,,1,0,0,0,,2024-05-09
,,0,0,0,0,,2024-05-09
Totales:,,71,56,12,3,,2024-05-09
