Entidad,Municipio,Muertos,Hombre,Mujer,No Identificado,Fuente,Fecha
,,0,0,0,0,,2024-07-02
,,0,0,0,0,,2024-07-02
,,0,0,0,0,,2024-07-02
"Baja
California
(8)",Tijuana,2,0,0,2,AFN Tijuana,2024-07-02
,Tijuana,1,1,0,0,Alfredoalvarez.mx,2024-07-02
,Tijuana,2,1,1,0,La Jornada,2024-07-02
,Tijuana,1,0,0,1,Uniradio Informa,2024-07-02
,Tijuana,1,1,0,0,Uniradio Informa,2024-07-02
,Tijuana,1,1,0,0,Uniradio Informa,2024-07-02
"Chiapas
(1)","Marques de
Comillas",0,1,0,0,Diario del Sur,2024-07-02
,,1,0,0,0,,2024-07-02
,,0,0,0,0,,2024-07-02
"Chihuahua
(7)",Chihuahua,0,1,0,0,"La Opcion de
Chihuahua",2024-07-02
,,1,0,0,0,,2024-07-02
,,0,0,0,0,,2024-07-02
,Cuauhtemoc,0,1,0,0,"El Diario de
Chihuahua",2024-07-02
,,1,0,0,0,,2024-07-02
,,0,0,0,0,,2024-07-02
,Cuauhtemoc,0,1,0,0,"La Opcion de
Chihuahua",2024-07-02
,,1,0,0,0,,2024-07-02
,,0,0,0,0,,2024-07-02
,Juarez,1,0,1,0,Diario de Mexico,2024-07-02
,Juarez,0,0,1,0,"El Diario de
Chihuahua",2024-07-02
,,1,0,0,0,,2024-07-02
,,0,0,0,0,,2024-07-02
,Juarez,0,1,0,0,"La Opcion de
Chihuahua",2024-07-02
,,1,0,0,0,,2024-07-02
,,0,0,0,0,,2024-07-02
,Juarez,0,1,0,0,"La Opcion de
Chihuahua",2024-07-02
,,1,0,0,0,,2024-07-02
,,0,0,0,0,,2024-07-02
"Colima
(3)",Colima,2,2,0,0,Colima Noticias,2024-07-02
,Cuauhtemoc,1,1,0,0,Colima al dia,2024-07-02
"Guanajuato
(16)",Celaya,1,1,0,0,El Sol del Bajio,2024-07-02
,Irapuato,1,1,0,0,El Sol de Irapuato,2024-07-02
,Irapuato,1,0,1,0,Periodico Correo,2024-07-02
,Leon,1,1,0,0,El Sol de Leon,2024-07-02
,Leon,1,1,0,0,Periodico Correo,2024-07-02
,Leon,1,1,0,0,Periodico Correo,2024-07-02
,Leon,1,1,0,0,Periodico Correo,2024-07-02
,Leon,2,2,0,0,Periodico Correo,2024-07-02
,Leon,1,1,0,0,Periodico Correo,2024-07-02
,Leon,2,2,0,0,Periodico Correo,2024-07-02
,Leon,1,1,0,0,Periodico Correo,2024-07-02
,Tarimoro,1,1,0,0,Periodico Correo,2024-07-02
,Yuriria,2,1,1,0,Periodico Correo,2024-07-02
"Guerrero
(7)","Acapulco de
Juarez",0,0,1,0,El Sol de Acapulco,2024-07-02
,,1,0,0,0,,2024-07-02
,,0,0,0,0,,2024-07-02
,"Acapulco de
Juarez",0,0,0,1,El Sol de Acapulco,2024-07-02
,,1,0,0,0,,2024-07-02
,,0,0,0,0,,2024-07-02
,"Acapulco de
Juarez",0,1,0,0,El Sol de Acapulco,2024-07-02
,,1,0,0,0,,2024-07-02
,,0,0,0,0,,2024-07-02
,"Chilpancingo de
los Bravo",0,1,0,0,"Agencia de Noticias
Guerrero",2024-07-02
,,1,0,0,0,,2024-07-02
,,0,0,0,0,,2024-07-02
,Eduardo Neri,1,1,0,0,Facebook,2024-07-02
,"Tlapa de
Comonfort",0,1,1,0,El Sur,2024-07-02
,,2,0,0,0,,2024-07-02
,,0,0,0,0,,2024-07-02
"Jalisco
(4)",Guadalajara,1,1,0,0,Guardia Nocturna,2024-07-02
,"Ixtlahuacan de
los Membrillos",0,0,0,1,Telediario,2024-07-02
,,1,0,0,0,,2024-07-02
,,0,0,0,0,,2024-07-02
,"San Pedro
Tlaquepaque",0,1,0,0,Guardia Nocturna,2024-07-02
,,1,0,0,0,,2024-07-02
,,0,0,0,0,,2024-07-02
,"San Pedro
Tlaquepaque",0,1,0,0,Notisistema,2024-07-02
,,1,0,0,0,,2024-07-02
,,0,0,0,0,,2024-07-02
"Mexico
(2)",Lerma,1,0,0,1,Quadratin Edomex,2024-07-02
,Nezahualcoyotl,1,0,0,1,Jorge Becerril,2024-07-02
"Michoacan
de Ocampo
(3)",Jacona,1,1,0,0,Noventa Grados,2024-07-02
,Uruapan,0,0,1,0,"Quadratin
Michoacan",2024-07-02
,,1,0,0,0,,2024-07-02
,,0,0,0,0,,2024-07-02
,Zamora,1,1,0,0,Red 113,2024-07-02
"Morelos
(3)",Cuernavaca,1,1,0,0,El Sol de Cuernavaca,2024-07-02
,Cuernavaca,0,2,0,0,"Linea Caliente
Noticias",2024-07-02
,,2,0,0,0,,2024-07-02
,,0,0,0,0,,2024-07-02
"Nuevo
Leon
(2)","General
Escobedo",0,0,1,0,ABC Noticias,2024-07-02
,,1,0,0,0,,2024-07-02
,,0,0,0,0,,2024-07-02
,Juarez,1,1,0,0,Posta,2024-07-02
"Puebla
(2)",Tepeojuma,1,1,0,0,e-consulta,2024-07-02
,Tianguismanalco,1,0,1,0,Municipios Puebla,2024-07-02
"Queretaro
(1)",Corregidora,0,1,0,0,Alerta Qro,2024-07-02
,,1,0,0,0,,2024-07-02
,,0,0,0,0,,2024-07-02
"Quintana
Roo
(5)",Benito Juarez,1,1,0,0,Noticaribe,2024-07-02
,Othon P. Blanco,1,1,0,0,Noticaribe,2024-07-02
,Othon P. Blanco,1,1,0,0,Sol Quintana Roo,2024-07-02
,Solidaridad,1,1,0,0,Marcrix Noticias,2024-07-02
,Solidaridad,1,1,0,0,Marcrix Noticias,2024-07-02
"Sinaloa
(1)",Culiacan,0,1,0,0,EL Sol de Sinaloa,2024-07-02
,,1,0,0,0,,2024-07-02
,,0,0,0,0,,2024-07-02
Sonora,Caborca,1,1,0,0,Noventa Grados,2024-07-02
(3),Cajeme,1,0,1,0,Diario del Yaqui,2024-07-02
,Hermosillo,1,1,0,0,Proyecto Puente,2024-07-02
"Tabasco
(1)",Comalcalco,0,1,0,0,Tabasco Hoy,2024-07-02
,,1,0,0,0,,2024-07-02
,,0,0,0,0,,2024-07-02
"Veracruz
de Ignacio
de la Llave
(1)",Atoyac,0,1,0,0,"El Pinero de la
Cuenca",2024-07-02
,,1,0,0,0,,2024-07-02
,,0,0,0,0,,2024-07-02
Totales:,,70,52,11,7,,2024-07-02
