Entidad,Municipio,Muertos,Hombre,Mujer,No Identificado,Fuente,Fecha
,,0,0,0,0,,2024-09-09
,,0,0,0,0,,2024-09-09
,,0,0,0,0,,2024-09-09
"Baja
California
(3)",Tijuana,1,1,0,0,AFN Tijuana,2024-09-09
,Tijuana,1,1,0,0,El Mexicano,2024-09-09
,Tijuana,1,1,0,0,El Mexicano,2024-09-09
"Chiapas
(2)",Cacahoatan,1,0,0,1,Diario del Sur,2024-09-09
,Pantelho,1,1,0,0,El Heraldo de Chiapas,2024-09-09
"Chihuahua
(9)",Cuauhtemoc,1,1,0,0,AR Noticias,2024-09-09
,Cuauhtemoc,1,1,0,0,La Opcion,2024-09-09
,"Hidalgo del
Parral",0,1,0,0,El Diario de Chihuahua,2024-09-09
,,1,0,0,0,,2024-09-09
,,0,0,0,0,,2024-09-09
,"Manuel
Benavides",0,2,0,0,El Diario,2024-09-09
,,2,0,0,0,,2024-09-09
,,0,0,0,0,,2024-09-09
,Ojinaga,2,2,0,0,El Diario de Chihuahua,2024-09-09
,Ojinaga,2,2,0,0,El Diario de Delicias,2024-09-09
"Ciudad de
Mexico
(3)","Alvaro
Obregon",0,0,1,0,MSN Noticias,2024-09-09
,,1,0,0,0,,2024-09-09
,,0,0,0,0,,2024-09-09
,Iztacalco,1,0,1,0,La Cronica,2024-09-09
,Iztapalapa,1,1,0,0,El Siglo de Durango,2024-09-09
"Coahuila
de
Zaragoza
(2)",Ramos Arizpe,1,1,0,0,Uniradio Informa,2024-09-09
,San Pedro,0,1,0,0,Telediario,2024-09-09
,,1,0,0,0,,2024-09-09
,,0,0,0,0,,2024-09-09
"Colima
(3)",Colima,1,1,0,0,Colima al dia,2024-09-09
,Colima,1,1,0,0,Colima Noticias,2024-09-09
,Cuauhtemoc,1,1,0,0,Colima Noticias,2024-09-09
"Durango
(1)",Mezquital,0,0,1,0,El Siglo de Durango,2024-09-09
,,1,0,0,0,,2024-09-09
,,0,0,0,0,,2024-09-09
"Guanajuato
(3)",Acambaro,1,1,0,0,AM,2024-09-09
,Celaya,1,1,0,0,Noventa Grados,2024-09-09
,Irapuato,1,1,0,0,AM,2024-09-09
"Guerrero
(9)","Acapulco de
Juarez",0,1,0,0,"Agencia de Noticias
Guerrero",2024-09-09
,,1,0,0,0,,2024-09-09
,,0,0,0,0,,2024-09-09
,"Acapulco de
Juarez",0,2,0,0,Lo Real de Guerrero,2024-09-09
,,2,0,0,0,,2024-09-09
,,0,0,0,0,,2024-09-09
,"Acapulco de
Juarez",0,1,0,0,Sur Acapulco,2024-09-09
,,1,0,0,0,,2024-09-09
,,0,0,0,0,,2024-09-09
,"Acapulco de
Juarez",0,0,2,0,Sur Acapulco,2024-09-09
,,2,0,0,0,,2024-09-09
,,0,0,0,0,,2024-09-09
,"Juan R.
Escudero",0,1,0,0,El Sol de Acapulco,2024-09-09
,,1,0,0,0,,2024-09-09
,,0,0,0,0,,2024-09-09
,Ometepec,1,1,0,0,Quadratin Guerrero,2024-09-09
,Teloloapan,0,1,0,0,"Agencia de Noticias
Guerrero",2024-09-09
,,1,0,0,0,,2024-09-09
,,0,0,0,0,,2024-09-09
"Jalisco
(7)",El Salto,1,1,0,0,Guardia Nocturna,2024-09-09
,"San Pedro
Tlaquepaque",0,0,0,2,Guardia Nocturna,2024-09-09
,,2,0,0,0,,2024-09-09
,,0,0,0,0,,2024-09-09
,Sayula,2,2,0,0,La Voz del Sureste,2024-09-09
,"Tlajomulco de
Zuniga",0,1,0,0,Guardia Nocturna,2024-09-09
,,1,0,0,0,,2024-09-09
,,0,0,0,0,,2024-09-09
,Zapopan,1,0,1,0,Telediario,2024-09-09
"Mexico
(6)","Ecatepec de
Morelos",0,1,0,0,El Sol de Toluca,2024-09-09
,,1,0,0,0,,2024-09-09
,,0,0,0,0,,2024-09-09
,Ixtapaluca,0,1,0,0,"Reporteros en
Movimiento",2024-09-09
,,1,0,0,0,,2024-09-09
,,0,0,0,0,,2024-09-09
,Ocoyoacac,1,1,0,0,Quadratin,2024-09-09
,Ozumba,3,2,1,0,El Sol de Toluca,2024-09-09
"Michoacan
de
Ocampo
(1)",Morelia,0,1,0,0,La Voz de Michoacan,2024-09-09
,,1,0,0,0,,2024-09-09
,,0,0,0,0,,2024-09-09
"Morelos
(1)",Cuautla,0,1,0,0,La Cronica,2024-09-09
,,1,0,0,0,,2024-09-09
,,0,0,0,0,,2024-09-09
"Nuevo
Leon
(2)",Montemorelos,1,1,0,0,El Porvenir,2024-09-09
,Santa Catarina,0,1,0,0,El Porvenir,2024-09-09
,,1,0,0,0,,2024-09-09
,,0,0,0,0,,2024-09-09
"Oaxaca
(3)","San Pedro
Pochutla",0,1,0,0,El Pinero de la Cuenca,2024-09-09
,,1,0,0,0,,2024-09-09
,,0,0,0,0,,2024-09-09
,"Santa Maria
Huazolotitlan",0,0,0,2,El Imparcial,2024-09-09
,,2,0,0,0,,2024-09-09
,,0,0,0,0,,2024-09-09
"Puebla
(7)",Coronango,1,0,0,1,Diario Cambio,2024-09-09
,Coxcatlan,1,1,0,0,Puebla Roja,2024-09-09
,Cuautlancingo,1,0,0,1,Telediario,2024-09-09
,Puebla,1,1,0,0,Callejero,2024-09-09
,Puebla,2,2,0,0,Cinco Radio,2024-09-09
,Puebla,1,1,0,0,Cinco Radio,2024-09-09
"Quintana
Roo
(1)",Benito Juarez,0,1,0,0,La Palabra del Caribe,2024-09-09
,,1,0,0,0,,2024-09-09
,,0,0,0,0,,2024-09-09
"Sinaloa
(1)",Culiacan,0,1,0,0,Debate,2024-09-09
,,1,0,0,0,,2024-09-09
,,0,0,0,0,,2024-09-09
"Tabasco
(4)",Centro,0,1,0,0,"XHVX La Grande de
Tabasco",2024-09-09
,,1,0,0,0,,2024-09-09
,,0,0,0,0,,2024-09-09
,Centro,0,1,0,0,"XHVX La Grande de
Tabasco",2024-09-09
,,1,0,0,0,,2024-09-09
,,0,0,0,0,,2024-09-09
,Comalcalco,2,2,0,0,Tabasco Hoy,2024-09-09
"Veracruz
de Ignacio
de la Llave
(2)",Agua Dulce,1,0,0,1,Presencia Veracruz,2024-09-09
,Catemaco,0,1,0,0,El Pinero de la Cuenca,2024-09-09
,,1,0,0,0,,2024-09-09
,,0,0,0,0,,2024-09-09
"Yucatan
(1)",Chemax,0,1,0,0,De Peso,2024-09-09
,,1,0,0,0,,2024-09-09
,,0,0,0,0,,2024-09-09
Totales:,,71,56,7,8,,2024-09-09
