Entidad,Municipio,Muertos,Hombre,Mujer,No Identificado,Fuente,Fecha
,,0,0,0,0,,2024-05-08
,,0,0,0,0,,2024-05-08
,,0,0,0,0,,2024-05-08
"Aguascalientes
(1)","Pabellon de
Arteaga",0,0,0,1,El Sol del Centro,2024-05-08
,,1,0,0,0,,2024-05-08
,,0,0,0,0,,2024-05-08
"Baja California
(8)",Mexicali,0,0,1,0,"La Voz de la
Frontera",2024-05-08
,,1,0,0,0,,2024-05-08
,,0,0,0,0,,2024-05-08
,Tijuana,1,1,0,0,El Mexicano,2024-05-08
,Tijuana,1,1,0,0,El Sol de Tijuana,2024-05-08
,Tijuana,1,1,0,0,Uniradio Informa,2024-05-08
,Tijuana,1,1,0,0,Uniradio Informa,2024-05-08
,Tijuana,1,1,0,0,Uniradio Informa,2024-05-08
,Tijuana,1,1,0,0,Uniradio Informa,2024-05-08
,Tijuana,1,1,0,0,Uniradio Informa,2024-05-08
"Baja California
Sur
(3)",La Paz,0,0,0,3,La Jornada,2024-05-08
,,3,0,0,0,,2024-05-08
,,0,0,0,0,,2024-05-08
"Chiapas
(1)",Berriozabal,0,0,1,0,Diario de Chiapas,2024-05-08
,,1,0,0,0,,2024-05-08
,,0,0,0,0,,2024-05-08
"Chihuahua
(2)",Juarez,1,1,0,0,La Polaka,2024-05-08
,Juarez,1,1,0,0,Por la Libre,2024-05-08
"Ciudad de
Mexico
(2)",Cuauhtemoc,1,1,0,0,La Prensa,2024-05-08
,Tlalpan,0,1,0,0,Reforma,2024-05-08
,,1,0,0,0,,2024-05-08
,,0,0,0,0,,2024-05-08
"Colima
(5)",Colima,1,0,1,0,Colima al dia,2024-05-08
,Colima,1,0,1,0,Colima al dia,2024-05-08
,Colima,1,1,0,0,Colima Noticias,2024-05-08
,Manzanillo,2,0,0,2,Diario de Colima,2024-05-08
"Guanajuato
(5)","Apaseo el
Grande",0,1,0,0,Celaya News,2024-05-08
,,1,0,0,0,,2024-05-08
,,0,0,0,0,,2024-05-08
,Celaya,1,1,0,0,Noventa Grados,2024-05-08
,Cortazar,1,1,0,0,Noventa Grados,2024-05-08
,Penjamo,1,0,0,1,Canal 6,2024-05-08
,Salvatierra,1,1,0,0,TJComunica,2024-05-08
"Jalisco
(1)","Zacoalco de
Torres",0,0,0,1,La Voz del Sureste,2024-05-08
,,1,0,0,0,,2024-05-08
,,0,0,0,0,,2024-05-08
"Michoacan de
Ocampo
(7)",Apatzingan,0,1,0,0,"Grupo Marmor
Multimedios",2024-05-08
,,1,0,0,0,,2024-05-08
,,0,0,0,0,,2024-05-08
,Apatzingan,0,2,0,0,"La Voz de
Michoacan",2024-05-08
,,2,0,0,0,,2024-05-08
,,0,0,0,0,,2024-05-08
,Apatzingan,0,1,0,0,"PCM Agencia de
Noticias",2024-05-08
,,1,0,0,0,,2024-05-08
,,0,0,0,0,,2024-05-08
,Jacona,1,1,0,0,Noventa Grados,2024-05-08
,Tarimbaro,2,2,0,0,Noventa Grados,2024-05-08
"Morelos
(5)",Axochiapan,1,1,0,0,MTP Noticias,2024-05-08
,Cuautla,1,0,1,0,Arturo Ortiz,2024-05-08
,Cuernavaca,1,0,1,0,Central de Noticias,2024-05-08
,"Emiliano
Zapata",0,1,0,0,Sin Linea,2024-05-08
,,1,0,0,0,,2024-05-08
,,0,0,0,0,,2024-05-08
,Yautepec,1,1,0,0,Arturo Ortiz,2024-05-08
"Nuevo Leon
(4)",Apodaca,1,1,0,0,Telediario,2024-05-08
,Aramberri,1,1,0,0,Telediario,2024-05-08
,Juarez,1,0,1,0,Telediario,2024-05-08
,Monterrey,1,0,1,0,Telediario,2024-05-08
"Oaxaca
(1)","Juchitan de
Zaragoza",0,1,0,0,El Imparcial,2024-05-08
,,1,0,0,0,,2024-05-08
,,0,0,0,0,,2024-05-08
"Puebla
(4)",Atlixco,1,0,0,1,Periodico Central,2024-05-08
,Huauchinango,2,1,1,0,Cambio,2024-05-08
,Jolalpan,1,1,0,0,Intolerencia Diario,2024-05-08
"Queretaro
(1)","San Juan del
Rio",0,1,0,0,"El Sol de San Juan
Del Rio",2024-05-08
,,1,0,0,0,,2024-05-08
,,0,0,0,0,,2024-05-08
"Quintana Roo
(2)",Benito Juarez,1,1,0,0,Despertar,2024-05-08
,Solidaridad,1,0,1,0,Quintana Roo Hoy,2024-05-08
"Sinaloa
(3)",Culiacan,1,1,0,0,Debate,2024-05-08
,Culiacan,1,1,0,0,Noreste,2024-05-08
,Culiacan,1,1,0,0,Rio Doce,2024-05-08
"Tabasco
(2)",Centro,1,1,0,0,XEVA Noticias,2024-05-08
,Nacajuca,1,1,0,0,XEVT,2024-05-08
"Tamaulipas
(1)",Rio Bravo,0,1,0,0,Hoy Tamaulipas,2024-05-08
,,1,0,0,0,,2024-05-08
,,0,0,0,0,,2024-05-08
"Veracruz de
Ignacio de la
Llave
(2)",Agua Dulce,1,0,0,1,La Nigua,2024-05-08
,"San Juan
Evangelista",0,1,0,0,La Silla Rota,2024-05-08
,,1,0,0,0,,2024-05-08
,,0,0,0,0,,2024-05-08
"Zacatecas
(9)",Morelos,0,9,0,0,Imagen Zacatecas,2024-05-08
,,9,0,0,0,,2024-05-08
,,0,0,0,0,,2024-05-08
Totales:,,69,49,10,10,,2024-05-08
