Entidad,Municipio,Muertos,Hombre,Mujer,No Identificado,Fuente,Fecha
,,0,0,0,0,,2024-04-30
,,0,0,0,0,,2024-04-30
,,0,0,0,0,,2024-04-30
"Baja California
(6)",Tijuana,1,1,0,0,El Imparcial,2024-04-30
,Tijuana,1,1,0,0,La Voz de la Frontera,2024-04-30
,Tijuana,1,1,0,0,Uniradio Informa,2024-04-30
,Tijuana,1,1,0,0,Uniradio Informa,2024-04-30
,Tijuana,1,1,0,0,Uniradio Informa,2024-04-30
,Tijuana,1,1,0,0,Uniradio Informa,2024-04-30
"Chihuahua
(6)",Chihuahua,1,1,0,0,AR Noticias,2024-04-30
,Chihuahua,1,0,0,1,Noticias Locales,2024-04-30
,Juarez,0,1,0,0,"La Opcion de
Chihuahua",2024-04-30
,,1,0,0,0,,2024-04-30
,,0,0,0,0,,2024-04-30
,Juarez,0,2,0,0,"La Opcion de
Chihuahua",2024-04-30
,,2,0,0,0,,2024-04-30
,,0,0,0,0,,2024-04-30
,Juarez,0,1,0,0,"La Opcion de
Chihuahua",2024-04-30
,,1,0,0,0,,2024-04-30
,,0,0,0,0,,2024-04-30
"Ciudad de
Mexico
(2)","Gustavo A.
Madero",0,0,2,0,La Prensa,2024-04-30
,,2,0,0,0,,2024-04-30
,,0,0,0,0,,2024-04-30
"Guanajuato
(3)",Leon,1,1,0,0,AM,2024-04-30
,Leon,1,1,0,0,AM,2024-04-30
,"San Francisco
del Rincon",0,1,0,0,Noticias Vespertinas,2024-04-30
,,1,0,0,0,,2024-04-30
,,0,0,0,0,,2024-04-30
"Jalisco
(7)","San Pedro
Tlaquepaque",0,1,0,0,Guardia Nocturna,2024-04-30
,,1,0,0,0,,2024-04-30
,,0,0,0,0,,2024-04-30
,"Tlajomulco de
Zuniga",0,1,0,0,Guardia Nocturna,2024-04-30
,,1,0,0,0,,2024-04-30
,,0,0,0,0,,2024-04-30
,"Tlajomulco de
Zuniga",0,1,0,0,NTR Guadalajara,2024-04-30
,,1,0,0,0,,2024-04-30
,,0,0,0,0,,2024-04-30
,Tonala,2,1,1,0,Guardia Nocturna,2024-04-30
,Tonala,1,1,0,0,NTR Guadalajara,2024-04-30
,Zapopan,1,1,0,0,Telediario,2024-04-30
"Mexico
(5)","Almoloya de
Juarez",0,1,0,0,"A Fondo Estado de
Mexico",2024-04-30
,,1,0,0,0,,2024-04-30
,,0,0,0,0,,2024-04-30
,"Almoloya de
Juarez",0,1,0,0,Tres PM Noticias,2024-04-30
,,1,0,0,0,,2024-04-30
,,0,0,0,0,,2024-04-30
,"Coacalco de
Berriozabal",0,2,0,0,La Prensa,2024-04-30
,,2,0,0,0,,2024-04-30
,,0,0,0,0,,2024-04-30
,Nezahualcoyotl,1,1,0,0,La Prensa,2024-04-30
"Michoacan de
Ocampo
(12)",Apatzingan,1,1,0,0,La Voz de Michoacan,2024-04-30
,Apatzingan,2,2,0,0,Noventa Grados,2024-04-30
,Apatzingan,1,1,0,0,Noventa Grados,2024-04-30
,"Jose Sixto
Verduzco",0,0,0,3,Revolucion News,2024-04-30
,,3,0,0,0,,2024-04-30
,,0,0,0,0,,2024-04-30
,La Piedad,1,1,0,0,La Voz de Michoacan,2024-04-30
,Tangancicuaro,1,1,0,0,La Voz de Michoacan,2024-04-30
,Tlalpujahua,1,0,1,0,Quadratin,2024-04-30
,Uruapan,1,0,1,0,Canal 13 Mexico,2024-04-30
,Zamora,1,1,0,0,Red 113,2024-04-30
"Morelos
(3)",Cuernavaca,1,0,0,1,24 Morelos,2024-04-30
,Cuernavaca,1,0,0,1,ADN Sureste,2024-04-30
,Cuernavaca,1,0,0,1,El Sol de Cuernavaca,2024-04-30
"Nayarit
(1)",Tepic,0,0,0,1,El Sol de Nayarit,2024-04-30
,,1,0,0,0,,2024-04-30
,,0,0,0,0,,2024-04-30
"Nuevo Leon
(7)",Apodaca,1,1,0,0,Telediario,2024-04-30
,Galeana,2,1,1,0,XEU Noticias,2024-04-30
,Garcia,1,1,0,0,Telediario,2024-04-30
,Juarez,2,2,0,0,Telediario,2024-04-30
,"San Nicolas de
los Garza",0,1,0,0,Telediario,2024-04-30
,,1,0,0,0,,2024-04-30
,,0,0,0,0,,2024-04-30
"Oaxaca
(2)","Juchitan de
Zaragoza",0,1,0,0,El Imparcial,2024-04-30
,,1,0,0,0,,2024-04-30
,,0,0,0,0,,2024-04-30
,Salina Cruz,1,1,0,0,El Imparcial,2024-04-30
"Puebla
(1)",Puebla,0,0,0,1,Twitter,2024-04-30
,,1,0,0,0,,2024-04-30
,,0,0,0,0,,2024-04-30
"Queretaro
(1)",Queretaro,0,1,0,0,Diario de Queretaro,2024-04-30
,,1,0,0,0,,2024-04-30
,,0,0,0,0,,2024-04-30
"Quintana Roo
(2)",Bacalar,0,1,0,0,"Novedades de
Quintana Roo",2024-04-30
,,1,0,0,0,,2024-04-30
,,0,0,0,0,,2024-04-30
,Benito Juarez,1,0,1,0,Playa al Dia,2024-04-30
"San Luis Potosi
(1)","Soledad de
Graciano
Sanchez",0,0,0,1,Pulso San Luis Potosi,2024-04-30
,,1,0,0,0,,2024-04-30
,,0,0,0,0,,2024-04-30
"Sinaloa
(2)",Culiacan,1,0,0,1,Noventa Grados,2024-04-30
,Mazatlan,1,1,0,0,El Sol de Mazatlan,2024-04-30
"Tabasco
(1)",Cardenas,0,0,0,1,Tabasco Hoy,2024-04-30
,,1,0,0,0,,2024-04-30
,,0,0,0,0,,2024-04-30
"Veracruz de
Ignacio de la
Llave
(1)",Coatzacoalcos,0,0,1,0,XEU Noticias,2024-04-30
,,1,0,0,0,,2024-04-30
,,0,0,0,0,,2024-04-30
"Zacatecas
(7)",Fresnillo,3,3,0,0,NTR Zacatecas,2024-04-30
,Villanueva,4,4,0,0,NTR Zacatecas,2024-04-30
Totales:,,70,50,8,12,,2024-04-30
