Entidad,Municipio,Muertos,Hombre,Mujer,No Identificado,Fuente,Fecha
,,0,0,0,0,,2024-06-30
,,0,0,0,0,,2024-06-30
,,0,0,0,0,,2024-06-30
"Baja
California
(2)",Tijuana,1,1,0,0,Uniradio Informa,2024-06-30
,Tijuana,0,1,0,0,Uniradio Informa,2024-06-30
,,1,0,0,0,,2024-06-30
,,0,0,0,0,,2024-06-30
"Chiapas
(2)",Huehuetan,1,1,0,0,Diario del Sur,2024-06-30
,Suchiapa,0,1,0,0,"El Heraldo de
Chiapas",2024-06-30
,,1,0,0,0,,2024-06-30
,,0,0,0,0,,2024-06-30
"Chihuahua
(2)",Juarez,1,1,0,0,Codigo Delicias,2024-06-30
,Juarez,1,0,1,0,Net Noticias,2024-06-30
"Ciudad de
Mexico
(3)",Coyoacan,2,1,1,0,El Universal,2024-06-30
,Iztapalapa,0,1,0,0,Jorge Becerril,2024-06-30
,,1,0,0,0,,2024-06-30
,,0,0,0,0,,2024-06-30
"Guanajuato
(12)",Celaya,1,1,0,0,AM,2024-06-30
,Leon,1,1,0,0,AM,2024-06-30
,Leon,1,1,0,0,AM,2024-06-30
,Leon,2,1,1,0,AM,2024-06-30
,Leon,1,1,0,0,AM,2024-06-30
,Leon,1,1,0,0,Pagina Central,2024-06-30
,Leon,1,1,0,0,Pagina Central,2024-06-30
,Leon,1,1,0,0,Periodico Correo,2024-06-30
,Salamanca,1,1,0,0,AM,2024-06-30
,Salamanca,1,1,0,0,Periodico Correo,2024-06-30
,"San Miguel de
Allende",0,1,0,0,AM,2024-06-30
,,1,0,0,0,,2024-06-30
,,0,0,0,0,,2024-06-30
"Guerrero
(5)","Acapulco de
Juarez",0,1,1,0,Quadratin,2024-06-30
,,2,0,0,0,,2024-06-30
,,0,0,0,0,,2024-06-30
,"Chilpancingo de
los Bravo",0,2,0,0,Sur Acapulco,2024-06-30
,,2,0,0,0,,2024-06-30
,,0,0,0,0,,2024-06-30
,"Iguala de la
Independencia",0,1,0,0,Sur Acapulco,2024-06-30
,,1,0,0,0,,2024-06-30
,,0,0,0,0,,2024-06-30
"Jalisco
(6)",El Salto,1,1,0,0,Noticel,2024-06-30
,"Tlajomulco de
Zuniga",0,1,0,0,Guardia Nocturna,2024-06-30
,,1,0,0,0,,2024-06-30
,,0,0,0,0,,2024-06-30
,Zapopan,3,0,0,3,El Occidental,2024-06-30
,Zapopan,1,1,0,0,Guardia Nocturna,2024-06-30
"Michoacan
de",Apatzingan,1,1,0,0,Noventa Grados,2024-06-30
,Apatzingan,1,1,0,0,Primera Plana,2024-06-30
,Morelia,1,1,0,0,Mi Morelia,2024-06-30
"Ocampo
(6)",Morelia,1,1,0,0,Noventa Grados,2024-06-30
,Morelia,1,1,0,0,Noventa Grados,2024-06-30
,Morelia,1,1,0,0,Noventa Grados,2024-06-30
"Nuevo
Leon
(1)",El Carmen,0,0,0,1,El Porvenir,2024-06-30
,,1,0,0,0,,2024-06-30
,,0,0,0,0,,2024-06-30
"Oaxaca
(2)","Juchitan de
Zaragoza",0,1,0,0,ADN Sureste,2024-06-30
,,1,0,0,0,,2024-06-30
,,0,0,0,0,,2024-06-30
,"Miahuatlan de
Porfirio Diaz",0,1,0,0,Impacto Noticias,2024-06-30
,,1,0,0,0,,2024-06-30
,,0,0,0,0,,2024-06-30
"Puebla
(4)",Coxcatlan,1,0,0,1,Espacio Libre Puebla,2024-06-30
,"Izucar de
Matamoros",0,1,0,0,Enlace,2024-06-30
,,1,0,0,0,,2024-06-30
,,0,0,0,0,,2024-06-30
,Puebla,1,1,0,0,Parabolica,2024-06-30
,Tianguismanalco,1,1,0,0,Intolerancia Diario,2024-06-30
"Sinaloa
(5)",Culiacan,1,0,1,0,Quadratin,2024-06-30
,Navolato,4,4,0,0,Linea Directa,2024-06-30
"Tlaxcala
(1)",Lazaro Cardenas,0,1,0,0,El Cuarto de Guerra,2024-06-30
,,1,0,0,0,,2024-06-30
,,0,0,0,0,,2024-06-30
"Veracruz
de Ignacio
de la Llave
(1)","San Andres
Tuxtla",0,1,0,0,Voz en Red,2024-06-30
,,1,0,0,0,,2024-06-30
,,0,0,0,0,,2024-06-30
"Zacatecas
(9)",Jerez,1,1,0,0,Express Zacatecas,2024-06-30
,Luis Moya,5,5,0,0,El Universal,2024-06-30
,Pinos,2,2,0,0,NTR Zacatecas,2024-06-30
,Pinos,1,1,0,0,NTR Zacatecas,2024-06-30
Totales:,,61,51,5,5,,2024-06-30
