Entidad,Municipio,Muertos,Hombre,Mujer,No Identificado,Fuente,Fecha
,,0,0,0,0,,2024-05-23
,,0,0,0,0,,2024-05-23
,,0,0,0,0,,2024-05-23
"Baja
California
(6)",Tijuana,1,0,0,1,El Mexicano,2024-05-23
,Tijuana,1,1,0,0,Sintesis TV,2024-05-23
,Tijuana,1,1,0,0,TV Azteca,2024-05-23
,Tijuana,1,1,0,0,Uniradio Informa,2024-05-23
,Tijuana,1,1,0,0,Uniradio Informa,2024-05-23
,Tijuana,1,1,0,0,Uniradio Informa,2024-05-23
"Chiapas
(1)",Tapachula,0,1,0,0,Diario de Chiapas,2024-05-23
,,1,0,0,0,,2024-05-23
,,0,0,0,0,,2024-05-23
"Chihuahua
(6)",Chihuahua,1,1,0,0,La Opcion de Chihuahua,2024-05-23
,"Hidalgo del
Parral",0,1,0,0,El Diario de Chihuahua,2024-05-23
,,1,0,0,0,,2024-05-23
,,0,0,0,0,,2024-05-23
,Juarez,1,1,0,0,Diario 21,2024-05-23
,Juarez,1,1,0,0,Net Noticias,2024-05-23
,Juarez,2,1,1,0,Net Noticias,2024-05-23
"Colima
(2)",Colima,1,0,1,0,Colima Noticias,2024-05-23
,Cuauhtemoc,1,1,0,0,Colima Noticias,2024-05-23
"Guanajuato
(14)",Celaya,1,1,0,0,El Sol del Bajio,2024-05-23
,Irapuato,1,1,0,0,AM,2024-05-23
,Irapuato,1,1,0,0,Periodico Correo,2024-05-23
,Leon,1,0,1,0,AM,2024-05-23
,Leon,1,1,0,0,Pagina Central,2024-05-23
,Penjamo,1,0,0,1,Periodico Correo,2024-05-23
,Salamanca,1,1,0,0,AM,2024-05-23
,Salamanca,2,2,0,0,El Sol de Salamanca,2024-05-23
,Salamanca,1,1,0,0,El Sol de Salamanca,2024-05-23
,Tarimoro,1,1,0,0,El Sol del Bajio,2024-05-23
,Tarimoro,1,1,0,0,Periodico Correo,2024-05-23
,"Valle de
Santiago",0,2,0,0,Periodico Correo,2024-05-23
,,2,0,0,0,,2024-05-23
,,0,0,0,0,,2024-05-23
"Guerrero
(7)","Acapulco de
Juarez",0,1,0,0,"Agencia de Noticias
Guerrero",2024-05-23
,,1,0,0,0,,2024-05-23
,,0,0,0,0,,2024-05-23
,"Acapulco de
Juarez",0,1,0,0,El Sur,2024-05-23
,,1,0,0,0,,2024-05-23
,,0,0,0,0,,2024-05-23
,"Acapulco de
Juarez",0,1,0,0,Sur Acapulco,2024-05-23
,,1,0,0,0,,2024-05-23
,,0,0,0,0,,2024-05-23
,"Atoyac de
Alvarez",0,1,0,0,Reporte GRO,2024-05-23
,,1,0,0,0,,2024-05-23
,,0,0,0,0,,2024-05-23
,"Iguala de la
Independencia",0,3,0,0,Sur Acapulco,2024-05-23
,,3,0,0,0,,2024-05-23
,,0,0,0,0,,2024-05-23
"Jalisco
(8)",El Salto,1,1,0,0,Notisistema,2024-05-23
,Guadalajara,2,2,0,0,Guardia Nocturna,2024-05-23
,"San Pedro
Tlaquepaque",0,1,0,0,Guardia Nocturna,2024-05-23
,,1,0,0,0,,2024-05-23
,,0,0,0,0,,2024-05-23
,"San Pedro
Tlaquepaque",0,0,1,0,Notisistema,2024-05-23
,,1,0,0,0,,2024-05-23
,,0,0,0,0,,2024-05-23
,"Union de San
Antonio",0,2,0,0,AM,2024-05-23
,,2,0,0,0,,2024-05-23
,,0,0,0,0,,2024-05-23
,Zapopan,1,0,1,0,Guardia Nocturna,2024-05-23
"Mexico
(3)",Jocotitlan,1,0,1,0,Tres PM Noticias,2024-05-23
,Malinalco,1,1,0,0,La Prensa,2024-05-23
,"Naucalpan de
Juarez",0,1,0,0,El Heraldo de Mexico,2024-05-23
,,1,0,0,0,,2024-05-23
,,0,0,0,0,,2024-05-23
"Michoacan
de
Ocampo
(2)",Copandaro,1,0,1,0,Noventa Grados,2024-05-23
,Ziracuaretiro,0,1,0,0,Noventa Grados,2024-05-23
,,1,0,0,0,,2024-05-23
,,0,0,0,0,,2024-05-23
"Morelos
(1)","Tlaltizapan de
Zapata",0,1,0,0,La Union,2024-05-23
,,1,0,0,0,,2024-05-23
,,0,0,0,0,,2024-05-23
"Nuevo
Leon
(4)",Apodaca,1,1,0,0,Telediario,2024-05-23
,Juarez,1,0,0,1,El Manana,2024-05-23
,Linares,1,1,0,0,Telediario,2024-05-23
,Monterrey,1,0,1,0,Milenio,2024-05-23
"Oaxaca
(2)","Heroica Ciudad
de Huajuapan
de Leon",0,0,1,0,El Pinero de la Cuenca,2024-05-23
,,1,0,0,0,,2024-05-23
,,0,0,0,0,,2024-05-23
,"Juchitan de
Zaragoza",0,1,0,0,El Pinero de la Cuenca,2024-05-23
,,1,0,0,0,,2024-05-23
,,0,0,0,0,,2024-05-23
"Puebla
(1)","San Jose
Miahuatlan",0,1,0,0,Oro Noticias,2024-05-23
,,1,0,0,0,,2024-05-23
,,0,0,0,0,,2024-05-23
"Queretaro
(1)",Queretaro,0,1,0,0,Magazine de Queretaro,2024-05-23
,,1,0,0,0,,2024-05-23
,,0,0,0,0,,2024-05-23
"Quintana
Roo
(3)",Benito Juarez,0,0,1,0,"Novedades de Quintana
Roo",2024-05-23
,,1,0,0,0,,2024-05-23
,,0,0,0,0,,2024-05-23
,Benito Juarez,1,1,0,0,Sipse,2024-05-23
,Puerto Morelos,1,1,0,0,Diario Cambio 22,2024-05-23
"San Luis
Potosi
(3)",San Luis Potosi,1,1,0,0,Pulso San Luis Potosi,2024-05-23
,San Luis Potosi,0,1,1,0,Pulso San Luis Potosi,2024-05-23
,,2,0,0,0,,2024-05-23
,,0,0,0,0,,2024-05-23
"Tabasco
(3)",Comalcalco,1,0,0,1,El Heraldo,2024-05-23
,Comalcalco,1,0,0,1,El Heraldo de Tabasco,2024-05-23
,Comalcalco,1,0,0,1,La Nigua,2024-05-23
"Tamaulipas
(1)",Victoria,0,1,0,0,De Peso,2024-05-23
,,1,0,0,0,,2024-05-23
,,0,0,0,0,,2024-05-23
"Tlaxcala
(1)",Apizaco,0,1,0,0,TV Azteca,2024-05-23
,,1,0,0,0,,2024-05-23
,,0,0,0,0,,2024-05-23
"Veracruz
de Ignacio
de la Llave
(4)",Cordoba,1,1,0,0,El Sol de Cordoba,2024-05-23
,Cuitlahuac,2,2,0,0,El Sol de Chilpancingo,2024-05-23
,Cuitlahuac,0,1,0,0,Imagen del Golfo,2024-05-23
,,1,0,0,0,,2024-05-23
,,0,0,0,0,,2024-05-23
Totales:,,73,56,11,6,,2024-05-23
