Entidad,Municipio,Muertos,Hombre,Mujer,No Identificado,Fuente,Fecha
,,0,0,0,0,,2024-05-24
,,0,0,0,0,,2024-05-24
,,0,0,0,0,,2024-05-24
"Baja
California
(4)",Tijuana,1,0,1,0,El Mexicano,2024-05-24
,Tijuana,1,1,0,0,El Mexicano,2024-05-24
,Tijuana,1,1,0,0,Uniradio Informa,2024-05-24
,Tijuana,1,1,0,0,Uniradio Informa,2024-05-24
"Chihuahua
(6)",Cuauhtemoc,1,1,0,0,El Diario de Chihuahua,2024-05-24
,Juarez,2,2,0,0,La Opcion de Chihuahua,2024-05-24
,Juarez,1,0,0,1,La Polaka,2024-05-24
,Juarez,2,2,0,0,La Polaka,2024-05-24
"Ciudad de
Mexico
(2)",Cuauhtemoc,1,0,0,1,Telediario,2024-05-24
,Cuauhtemoc,0,1,0,0,Vox Populi Noticias,2024-05-24
,,1,0,0,0,,2024-05-24
,,0,0,0,0,,2024-05-24
"Colima
(1)",Manzanillo,0,1,0,0,Colima Noticias,2024-05-24
,,1,0,0,0,,2024-05-24
,,0,0,0,0,,2024-05-24
"Guanajuato
(4)",Leon,1,1,0,0,Periodico Correo,2024-05-24
,Salamanca,1,1,0,0,Periodico Correo,2024-05-24
,Salvatierra,2,2,0,0,Periodico Correo,2024-05-24
"Guerrero
(11)","Acapulco de
Juarez",0,4,1,0,El Sol de Acapulco,2024-05-24
,,5,0,0,0,,2024-05-24
,,0,0,0,0,,2024-05-24
,"Acapulco de
Juarez",0,4,0,0,El Sol de Acapulco,2024-05-24
,,4,0,0,0,,2024-05-24
,,0,0,0,0,,2024-05-24
,"Chilapa de
Alvarez",0,1,0,0,Quadratin,2024-05-24
,,1,0,0,0,,2024-05-24
,,0,0,0,0,,2024-05-24
,"Chilpancingo
de los Bravo",0,1,0,0,El Sol de Acapulco,2024-05-24
,,1,0,0,0,,2024-05-24
,,0,0,0,0,,2024-05-24
"Jalisco
(2)","Tlajomulco
de Zuniga",0,1,0,0,Guardia Nocturna,2024-05-24
,,1,0,0,0,,2024-05-24
,,0,0,0,0,,2024-05-24
,Zapopan,1,1,0,0,Guardia Nocturna,2024-05-24
"Mexico
(6)","Atizapan de
Zaragoza",0,1,0,0,La Prensa,2024-05-24
,,1,0,0,0,,2024-05-24
,,0,0,0,0,,2024-05-24
,Calimaya,1,1,0,0,A Fondo Estado de Mexico,2024-05-24
,Capulhuac,1,0,1,0,A Fondo Estado de Mexico,2024-05-24
,"Ecatepec de
Morelos",0,0,2,0,N+,2024-05-24
,,2,0,0,0,,2024-05-24
,,0,0,0,0,,2024-05-24
,"Ecatepec de
Morelos",0,1,0,0,TV Azteca,2024-05-24
,,1,0,0,0,,2024-05-24
,,0,0,0,0,,2024-05-24
"Michoacan
de Ocampo",Apatzingan,1,1,0,0,Noventa Grados,2024-05-24
,Apatzingan,1,1,0,0,Victor Americano Noticias,2024-05-24
(4),Jacona,1,0,1,0,Noventa Grados,2024-05-24
,Tarimbaro,1,1,0,0,PCM Agencia de Noticias,2024-05-24
"Morelos
(5)","Coatlan del
Rio",0,0,0,1,La Razon,2024-05-24
,,1,0,0,0,,2024-05-24
,,0,0,0,0,,2024-05-24
,Cuautla,1,0,1,0,24 Morelos,2024-05-24
,Cuautla,1,0,1,0,La Union,2024-05-24
,Jojutla,1,1,0,0,Zona Centro Noticias,2024-05-24
,Temixco,1,1,0,0,Zona Centro Noticias,2024-05-24
"Nuevo
Leon
(1)",Apodaca,0,1,0,0,Telediario,2024-05-24
,,1,0,0,0,,2024-05-24
,,0,0,0,0,,2024-05-24
"Oaxaca
(3)","Heroica
Ciudad de
Huajuapan
de Leon",0,1,0,0,Imparcial de Oaxaca,2024-05-24
,,1,0,0,0,,2024-05-24
,,0,0,0,0,,2024-05-24
,"Juchitan de
Zaragoza",0,1,0,0,La Onda Oaxaca,2024-05-24
,,1,0,0,0,,2024-05-24
,,0,0,0,0,,2024-05-24
,"Miahuatlan
de Porfirio
Diaz",0,1,0,0,El Imparcial,2024-05-24
,,1,0,0,0,,2024-05-24
,,0,0,0,0,,2024-05-24
"Puebla
(3)",Chilchotla,1,1,0,0,Periodico Central,2024-05-24
,Puebla,2,2,0,0,El Sol de Puebla,2024-05-24
"Quintana
Roo
(1)","Puerto
Morelos",0,1,0,0,Por Esto!,2024-05-24
,,1,0,0,0,,2024-05-24
,,0,0,0,0,,2024-05-24
"San Luis
Potosi
(1)","San Luis
Potosi",0,1,0,0,Pulso San Luis Potosi,2024-05-24
,,1,0,0,0,,2024-05-24
,,0,0,0,0,,2024-05-24
"Sonora
(4)",Santa Ana,0,4,0,0,El Imparcial,2024-05-24
,,4,0,0,0,,2024-05-24
,,0,0,0,0,,2024-05-24
"Tabasco
(4)",Centro,1,1,0,0,El Heraldo,2024-05-24
,Centro,1,1,0,0,El Heraldo de Tabasco,2024-05-24
,Centro,1,0,0,1,Tabasco Hoy,2024-05-24
,Nacajuca,1,1,0,0,El Heraldo,2024-05-24
"Tlaxcala
(1)",Tenancingo,0,1,0,0,MTP Noticias,2024-05-24
,,1,0,0,0,,2024-05-24
,,0,0,0,0,,2024-05-24
"Veracruz
de Ignacio
de la Llave
(5)","Alamo
Temapache",0,2,0,0,Al Calor Politico,2024-05-24
,,2,0,0,0,,2024-05-24
,,0,0,0,0,,2024-05-24
,"Poza Rica de
Hidalgo",0,1,0,0,Noreste,2024-05-24
,,1,0,0,0,,2024-05-24
,,0,0,0,0,,2024-05-24
,Veracruz,1,1,0,0,XEU Noticias,2024-05-24
,Xico,1,1,0,0,Imagen del Golfo,2024-05-24
Totales:,,68,56,8,4,,2024-05-24
