Entidad,Municipio,Muertos,Hombre,Mujer,No Identificado,Fuente,Fecha
,,0,0,0,0,,2024-07-13
,,0,0,0,0,,2024-07-13
,,0,0,0,0,,2024-07-13
"Baja
California
(3)",Tijuana,1,0,1,0,Punto Norte,2024-07-13
,Tijuana,1,1,0,0,Uniradio Informa,2024-07-13
,Tijuana,1,1,0,0,Uniradio Informa,2024-07-13
"Chiapas
(2)",Tapachula,1,0,1,0,Diario del Sur,2024-07-13
,Tuxtla Gutierrez,1,1,0,0,Diario de Chiapas,2024-07-13
"Chihuahua
(4)",Chihuahua,1,1,0,0,Canal 44,2024-07-13
,"Hidalgo del
Parral",0,1,0,0,La Patrona,2024-07-13
,,1,0,0,0,,2024-07-13
,,0,0,0,0,,2024-07-13
,Juarez,1,1,0,0,Net Noticias,2024-07-13
,Juarez,1,1,0,0,Net Noticias,2024-07-13
"Ciudad de
Mexico
(1)",Miguel Hidalgo,0,1,0,0,La Cronica,2024-07-13
,,1,0,0,0,,2024-07-13
,,0,0,0,0,,2024-07-13
"Coahuila
de
Zaragoza
(1)",Monclova,0,1,0,0,Zocalo,2024-07-13
,,1,0,0,0,,2024-07-13
,,0,0,0,0,,2024-07-13
"Guanajuato
(9)",Irapuato,1,1,0,0,AM,2024-07-13
,Irapuato,1,0,1,0,Periodico Correo,2024-07-13
,Leon,1,1,0,0,AM,2024-07-13
,Leon,1,1,0,0,Periodico Correo,2024-07-13
,Penjamo,4,2,2,0,Excelsior,2024-07-13
,Salamanca,1,1,0,0,AM,2024-07-13
"Guerrero
(1)","Acapulco de
Juarez",0,1,0,0,Sur Acapulco,2024-07-13
,,1,0,0,0,,2024-07-13
,,0,0,0,0,,2024-07-13
"Jalisco
(1)","San Pedro
Tlaquepaque",0,1,0,0,Notisistema,2024-07-13
,,1,0,0,0,,2024-07-13
,,0,0,0,0,,2024-07-13
"Michoacan
de
Ocampo
(8)",Morelia,1,1,0,0,Mi Morelia,2024-07-13
,Morelia,1,1,0,0,Moreliamix,2024-07-13
,Morelia,1,1,0,0,Quadratin,2024-07-13
,Tangamandapio,2,1,1,0,Changoonga,2024-07-13
,Zamora,1,1,0,0,La Voz de Michoacan,2024-07-13
,Zinapecuaro,2,0,0,2,Noventa Grados,2024-07-13
"Morelos
(3)",Cuernavaca,1,1,0,0,Central de Noticias,2024-07-13
,Huitzilac,1,1,0,0,El Sol de Cuernavaca,2024-07-13
,Jiutepec,1,0,1,0,Noticias de Morelos,2024-07-13
"Nuevo
Leon
(7)","Cadereyta
Jimenez",0,1,0,0,Milenio,2024-07-13
,,1,0,0,0,,2024-07-13
,,0,0,0,0,,2024-07-13
,General Zuazua,2,2,0,0,El Porvenir,2024-07-13
,Juarez,1,1,0,0,El Porvenir,2024-07-13
,Juarez,1,1,0,0,Milenio,2024-07-13
,Juarez,1,1,0,0,Milenio,2024-07-13
,Monterrey,1,1,0,0,El Porvenir,2024-07-13
"Oaxaca
(1)","San Pedro
Mixtepec (22)",0,1,0,0,El Pinero de la Cuenca,2024-07-13
,,1,0,0,0,,2024-07-13
,,0,0,0,0,,2024-07-13
"Puebla
(2)",Chiautla,1,1,0,0,e-consulta,2024-07-13
,Tepeojuma,1,1,0,0,Meganoticias,2024-07-13
"San Luis
Potosi
(1)",Villa Hidalgo,0,1,0,0,Mexico Codigo Rojo,2024-07-13
,,1,0,0,0,,2024-07-13
,,0,0,0,0,,2024-07-13
"Sonora
(1)",Hermosillo,0,1,0,0,La Verdad del Sureste,2024-07-13
,,1,0,0,0,,2024-07-13
,,0,0,0,0,,2024-07-13
"Tabasco
(2)",Centro,1,1,0,0,Tabasco Hoy,2024-07-13
,Teapa,1,0,1,0,Noticaribe,2024-07-13
"Tlaxcala
(1)",Apizaco,0,1,0,0,Periodico Central,2024-07-13
,,1,0,0,0,,2024-07-13
,,0,0,0,0,,2024-07-13
"Veracruz
de Ignacio
de la Llave
(3)","Martinez de la
Torre",0,0,1,0,Al Calor Politico,2024-07-13
,,1,0,0,0,,2024-07-13
,,0,0,0,0,,2024-07-13
,Nogales,1,0,1,0,AV Veracruz,2024-07-13
,Playa Vicente,1,1,0,0,Imagen de Veracruz,2024-07-13
"Zacatecas
(1)",Jerez,0,1,0,0,Imagen Zacatecas,2024-07-13
,,1,0,0,0,,2024-07-13
,,0,0,0,0,,2024-07-13
Totales:,,52,40,10,2,,2024-07-13
