Entidad,Municipio,Muertos,Hombre,Mujer,No Identificado,Fuente,Fecha
,,0,0,0,0,,2024-09-06
,,0,0,0,0,,2024-09-06
,,0,0,0,0,,2024-09-06
"Baja
California
(8)",Ensenada,1,1,0,0,Alfredoalvarez.mx,2024-09-06
,Tijuana,1,1,0,0,AFN Tijuana,2024-09-06
,Tijuana,3,2,1,0,El Mexicano,2024-09-06
,Tijuana,2,2,0,0,Sintesis TV,2024-09-06
,Tijuana,1,1,0,0,Uniradio Informa,2024-09-06
"Chiapas
(2)",Cacahoatan,1,1,0,0,Diario del Sur,2024-09-06
,Chicoasen,1,1,0,0,El Heraldo de Chiapas,2024-09-06
"Chihuahua
(4)",Chihuahua,1,1,0,0,El heraldo de Chihuahua,2024-09-06
,Juarez,1,1,0,0,El Diario de Chihuahua,2024-09-06
,Juarez,1,1,0,0,El Diario de Chihuahua,2024-09-06
,Urique,1,0,0,1,El Diario de Chihuahua,2024-09-06
"Coahuila
de
Zaragoza
(1)",Acuna,0,0,1,0,SuperChanel,2024-09-06
,,1,0,0,0,,2024-09-06
,,0,0,0,0,,2024-09-06
"Colima
(4)",Armeria,1,1,0,0,Diario de Colima,2024-09-06
,Comala,1,1,0,0,AFmedios,2024-09-06
,Manzanillo,1,1,0,0,Colima Noticias,2024-09-06
,"Villa de
Alvarez",0,1,0,0,AFmedios,2024-09-06
,,1,0,0,0,,2024-09-06
,,0,0,0,0,,2024-09-06
"Guanajuato
(4)",Leon,1,1,0,0,Periodico Correo,2024-09-06
,Salvatierra,1,0,1,0,Periodico Correo,2024-09-06
,Salvatierra,1,1,0,0,Periodico Correo,2024-09-06
,Tarimoro,1,1,0,0,Noticias Vespertinas,2024-09-06
"Guerrero
(3)","Chilpancingo
de los Bravo",0,0,1,0,El Sol de Acapulco,2024-09-06
,,1,0,0,0,,2024-09-06
,,0,0,0,0,,2024-09-06
,"Chilpancingo
de los Bravo",0,1,0,0,Reporte GRO,2024-09-06
,,1,0,0,0,,2024-09-06
,,0,0,0,0,,2024-09-06
,"Huitzuco de
los Figueroa",0,0,1,0,Quadratin,2024-09-06
,,1,0,0,0,,2024-09-06
,,0,0,0,0,,2024-09-06
"Jalisco
(1)","Puerto
Vallarta",0,0,1,0,Telediario,2024-09-06
,,1,0,0,0,,2024-09-06
,,0,0,0,0,,2024-09-06
"Mexico
(1)",Tultitlan,0,1,0,0,Reforma,2024-09-06
,,1,0,0,0,,2024-09-06
,,0,0,0,0,,2024-09-06
"Michoacan
de",Tepalcatepec,1,1,0,0,Noventa Grados,2024-09-06
,Tepalcatepec,1,1,0,0,Noventa Grados,2024-09-06
"Ocampo
(3)",Zamora,0,0,1,0,Red 113,2024-09-06
,,1,0,0,0,,2024-09-06
,,0,0,0,0,,2024-09-06
"Morelos
(3)","Coatlan del
Rio",0,1,0,0,Arturo Ortiz,2024-09-06
,,1,0,0,0,,2024-09-06
,,0,0,0,0,,2024-09-06
,Cuernavaca,1,1,0,0,24 Morelos,2024-09-06
,Tepoztlan,1,1,0,0,La Union,2024-09-06
"Nuevo
Leon
(4)",Carmen,1,1,0,0,Posta,2024-09-06
,"General
Escobedo",0,0,1,0,El Porvenir,2024-09-06
,,1,0,0,0,,2024-09-06
,,0,0,0,0,,2024-09-06
,Juarez,2,0,2,0,ABC Noticias,2024-09-06
"Oaxaca
(2)","Matias
Romero
Avendano",0,1,0,0,Sentido Istmo Noticias,2024-09-06
,,1,0,0,0,,2024-09-06
,,0,0,0,0,,2024-09-06
,"San Francisco
Lachigolo",0,0,1,0,El Imparcial,2024-09-06
,,1,0,0,0,,2024-09-06
,,0,0,0,0,,2024-09-06
"Puebla
(4)","Palmar de
Bravo",0,1,0,0,El Sol de Puebla,2024-09-06
,,1,0,0,0,,2024-09-06
,,0,0,0,0,,2024-09-06
,Tecamachalco,2,2,0,0,e-consulta,2024-09-06
,Tepeaca,1,1,0,0,Diario Cambio,2024-09-06
"Quintana
Roo
(1)",Benito Juarez,0,1,0,0,"Novedades de Quintana
Roo",2024-09-06
,,1,0,0,0,,2024-09-06
,,0,0,0,0,,2024-09-06
"Sinaloa
(5)",Culiacan,1,1,0,0,EL Sol de Sinaloa,2024-09-06
,Culiacan,4,0,0,4,EL Sol de Sinaloa,2024-09-06
"Sonora
(1)",Hermosillo,0,1,0,0,Uniradio Informa,2024-09-06
,,1,0,0,0,,2024-09-06
,,0,0,0,0,,2024-09-06
"Tabasco
(3)",Cardenas,1,0,0,1,El Heraldo de Tabasco,2024-09-06
,Centro,2,2,0,0,Tabasco Hoy,2024-09-06
"Tlaxcala
(4)",Huamantla,0,3,1,0,Nexos,2024-09-06
,,4,0,0,0,,2024-09-06
,,0,0,0,0,,2024-09-06
"Veracruz
de Ignacio
de la Llave
(4)","Alamo
Temapache",0,1,0,0,Imagen de Veracruz,2024-09-06
,,1,0,0,0,,2024-09-06
,,0,0,0,0,,2024-09-06
,Fortin,1,1,0,0,El Sol de Cordoba,2024-09-06
,Oluta,2,2,0,0,XEU Noticias,2024-09-06
"Yucatan
(1)",Progreso,0,1,0,0,Grillo de Yucatan,2024-09-06
,,1,0,0,0,,2024-09-06
,,0,0,0,0,,2024-09-06
"Zacatecas
(1)",Pinos,0,1,0,0,El Circo Aguascalientes,2024-09-06
,,1,0,0,0,,2024-09-06
,,0,0,0,0,,2024-09-06
Totales:,,64,46,12,6,,2024-09-06
