Entidad,Municipio,Muertos,Hombre,Mujer,No Identificado,Fuente,Fecha
,,0,0,0,0,,2024-07-12
,,0,0,0,0,,2024-07-12
,,0,0,0,0,,2024-07-12
"Baja
California
(4)",Tijuana,1,0,1,0,El Mexicano,2024-07-12
,Tijuana,0,1,0,0,"El Sol de
Tijuana",2024-07-12
,,1,0,0,0,,2024-07-12
,,0,0,0,0,,2024-07-12
,Tijuana,0,1,0,0,"Uniradio
Informa",2024-07-12
,,1,0,0,0,,2024-07-12
,,0,0,0,0,,2024-07-12
,Tijuana,0,1,0,0,"Uniradio
Informa",2024-07-12
,,1,0,0,0,,2024-07-12
,,0,0,0,0,,2024-07-12
"Chiapas
(1)",Tapachula,0,1,0,0,"Diario de
Chiapas",2024-07-12
,,1,0,0,0,,2024-07-12
,,0,0,0,0,,2024-07-12
"Chihuahua
(2)",Juarez,1,1,0,0,El Diario,2024-07-12
,Juarez,0,0,1,0,"El Diario de
Chihuahua",2024-07-12
,,1,0,0,0,,2024-07-12
,,0,0,0,0,,2024-07-12
"Colima
(2)",Armeria,1,1,0,0,Colima Noticias,2024-07-12
,Colima,0,1,0,0,"Diario de
Colima",2024-07-12
,,1,0,0,0,,2024-07-12
,,0,0,0,0,,2024-07-12
"Guanajuato
(6)",Apaseo el Grande,1,1,0,0,El Sol del Bajio,2024-07-12
,Guanajuato,0,1,0,0,"Periodico
Correo",2024-07-12
,,1,0,0,0,,2024-07-12
,,0,0,0,0,,2024-07-12
,Irapuato,0,1,0,0,"Periodico
Correo",2024-07-12
,,1,0,0,0,,2024-07-12
,,0,0,0,0,,2024-07-12
,Leon,1,1,0,0,El Sol de Leon,2024-07-12
,Leon,0,1,0,0,"Noticias
Vespertinas",2024-07-12
,,1,0,0,0,,2024-07-12
,,0,0,0,0,,2024-07-12
,Leon,0,0,0,1,"Noticias
Vespertinas",2024-07-12
,,1,0,0,0,,2024-07-12
,,0,0,0,0,,2024-07-12
"Guerrero
(4)","Acapulco de
Juarez",0,0,0,1,"Agencia de
Noticias
Guerrero",2024-07-12
,,1,0,0,0,,2024-07-12
,,0,0,0,0,,2024-07-12
,"Acapulco de
Juarez",0,1,0,0,"Agencia de
Noticias
Guerrero",2024-07-12
,,1,0,0,0,,2024-07-12
,,0,0,0,0,,2024-07-12
,"Acapulco de
Juarez",0,1,0,0,"Quadratin
Guerrero",2024-07-12
,,1,0,0,0,,2024-07-12
,,0,0,0,0,,2024-07-12
,Igualapa,0,1,0,0,"Quadratin
Guerrero",2024-07-12
,,1,0,0,0,,2024-07-12
,,0,0,0,0,,2024-07-12
"Jalisco
(11)","Encarnacion de
Diaz",0,3,0,0,El Occidental,2024-07-12
,,3,0,0,0,,2024-07-12
,,0,0,0,0,,2024-07-12
,Guadalajara,0,1,0,0,"Guanajuato
Informa",2024-07-12
,,1,0,0,0,,2024-07-12
,,0,0,0,0,,2024-07-12
,Guadalajara,0,1,0,0,"Guardia
Nocturna",2024-07-12
,,1,0,0,0,,2024-07-12
,,0,0,0,0,,2024-07-12
,Guadalajara,0,1,0,0,"Guardia
Nocturna",2024-07-12
,,1,0,0,0,,2024-07-12
,,0,0,0,0,,2024-07-12
,"San Pedro
Tlaquepaque",0,1,0,0,"Guardia
Nocturna",2024-07-12
,,1,0,0,0,,2024-07-12
,,0,0,0,0,,2024-07-12
,Zapopan,0,0,0,1,"Guardia
Nocturna",2024-07-12
,,1,0,0,0,,2024-07-12
,,0,0,0,0,,2024-07-12
,Zapopan,2,2,0,0,Notisistema,2024-07-12
,Zapopan,0,0,0,1,"NTR
Guadalajara",2024-07-12
,,1,0,0,0,,2024-07-12
,,0,0,0,0,,2024-07-12
"Mexico
(5)",Nezahualcoyotl,1,1,0,0,La Prensa,2024-07-12
,Otumba,0,3,0,0,"Pulso San Luis
Potosi",2024-07-12
,,3,0,0,0,,2024-07-12
,,0,0,0,0,,2024-07-12
,"San Mateo
Atenco",0,0,1,0,"Quadratin
Edomex",2024-07-12
,,1,0,0,0,,2024-07-12
,,0,0,0,0,,2024-07-12
"Morelos
(1)",Huitzilac,0,1,0,0,"El Sol de
Cuernavaca",2024-07-12
,,1,0,0,0,,2024-07-12
,,0,0,0,0,,2024-07-12
"Nayarit
(1)",Tepic,0,0,1,0,"El Sol de
Nayarit",2024-07-12
,,1,0,0,0,,2024-07-12
,,0,0,0,0,,2024-07-12
"Nuevo Leon
(4)",Garcia,1,1,0,0,El Porvenir,2024-07-12
,General Zuazua,2,2,0,0,Posta,2024-07-12
,Guadalupe,1,1,0,0,El Porvenir,2024-07-12
"Oaxaca
(2)",Salina Cruz,1,1,0,0,ADN Sureste,2024-07-12
,"San Juan
Mixtepec",0,1,0,0,El Imparcial,2024-07-12
,,1,0,0,0,,2024-07-12
,,0,0,0,0,,2024-07-12
"Puebla
(3)",Cuautlancingo,0,0,0,1,"Municipios
Puebla",2024-07-12
,,1,0,0,0,,2024-07-12
,,0,0,0,0,,2024-07-12
,Puebla,0,1,0,0,"El Sol de
Puebla",2024-07-12
,,1,0,0,0,,2024-07-12
,,0,0,0,0,,2024-07-12
,Tepeojuma,1,1,0,0,Diario Cambio,2024-07-12
"San Luis
Potosi
(1)",Tamazunchale,0,1,0,0,"Pulso San Luis
Potosi",2024-07-12
,,1,0,0,0,,2024-07-12
,,0,0,0,0,,2024-07-12
"Sinaloa
(2)",Culiacan,0,1,0,0,"Cafe Negro
Portal",2024-07-12
,,1,0,0,0,,2024-07-12
,,0,0,0,0,,2024-07-12
,Rosario,1,1,0,0,A Discusion,2024-07-12
"Tabasco
(4)",Nacajuca,3,2,1,0,Tabasco Hoy,2024-07-12
,Tenosique,1,1,0,0,Diario Presente,2024-07-12
"Tamaulipas
(6)",Guemez,0,6,0,0,En Un 2 x 3,2024-07-12
,,6,0,0,0,,2024-07-12
,,0,0,0,0,,2024-07-12
"Veracruz de
Ignacio de la
Llave
(2)",Coatzacoalcos,0,1,0,0,"El Pinero de la
Cuenca",2024-07-12
,,1,0,0,0,,2024-07-12
,,0,0,0,0,,2024-07-12
,Coatzacoalcos,0,1,0,0,"Veracruz
Noticias",2024-07-12
,,1,0,0,0,,2024-07-12
,,0,0,0,0,,2024-07-12
"Zacatecas
(2)",Guadalupe,1,1,0,0,NTR Zacatecas,2024-07-12
,Zacatecas,1,1,0,0,NTR Zacatecas,2024-07-12
Totales:,,63,53,5,5,,2024-07-12
