Entidad,Municipio,Muertos,Hombre,Mujer,No Identificado,Fuente,Fecha
,,0,0,0,0,,2024-05-22
,,0,0,0,0,,2024-05-22
,,0,0,0,0,,2024-05-22
"Baja
California
(7)",Ensenada,1,0,1,0,El Mexicano,2024-05-22
,Ensenada,1,0,1,0,El Mexicano,2024-05-22
,Mexicali,0,1,0,0,"La Voz de la
Frontera",2024-05-22
,,1,0,0,0,,2024-05-22
,,0,0,0,0,,2024-05-22
,Tijuana,1,1,0,0,Alfredoalvarez.mx,2024-05-22
,Tijuana,1,1,0,0,Sintesis,2024-05-22
,Tijuana,1,0,0,1,Uniradio Informa,2024-05-22
,Tijuana,1,0,0,1,Uniradio Informa,2024-05-22
"Chiapas
(1)",Tapachula,0,1,0,0,Diario del Sur,2024-05-22
,,1,0,0,0,,2024-05-22
,,0,0,0,0,,2024-05-22
"Chihuahua
(5)",Chihuahua,0,0,0,1,"El heraldo de
Chihuahua",2024-05-22
,,1,0,0,0,,2024-05-22
,,0,0,0,0,,2024-05-22
,Chihuahua,0,1,0,0,"La Opcion de
Chihuahua",2024-05-22
,,1,0,0,0,,2024-05-22
,,0,0,0,0,,2024-05-22
,Juarez,0,1,0,0,"La Opcion de
Chihuahua",2024-05-22
,,1,0,0,0,,2024-05-22
,,0,0,0,0,,2024-05-22
,Juarez,0,1,0,0,"La Opcion de
Chihuahua",2024-05-22
,,1,0,0,0,,2024-05-22
,,0,0,0,0,,2024-05-22
,Juarez,0,1,0,0,"La Opcion de
Chihuahua",2024-05-22
,,1,0,0,0,,2024-05-22
,,0,0,0,0,,2024-05-22
"Ciudad de
Mexico
(4)",Cuauhtemoc,0,3,1,0,La Jornada,2024-05-22
,,4,0,0,0,,2024-05-22
,,0,0,0,0,,2024-05-22
"Coahuila de
Zaragoza
(1)",Torreon,0,0,1,0,El Sol de la Laguna,2024-05-22
,,1,0,0,0,,2024-05-22
,,0,0,0,0,,2024-05-22
"Colima
(1)",Manzanillo,0,1,0,0,Diario de Colima,2024-05-22
,,1,0,0,0,,2024-05-22
,,0,0,0,0,,2024-05-22
"Guanajuato
(14)",Abasolo,6,0,0,6,El Sol de Irapuato,2024-05-22
,Leon,3,0,0,3,Periodico Correo,2024-05-22
,Salamanca,0,1,0,0,"Guanajuato
Informa",2024-05-22
,,1,0,0,0,,2024-05-22
,,0,0,0,0,,2024-05-22
,Salamanca,1,1,0,0,Periodico Correo,2024-05-22
,Tarimoro,1,1,0,0,Periodico Correo,2024-05-22
,"Valle de
Santiago",0,2,0,0,Periodico Correo,2024-05-22
,,2,0,0,0,,2024-05-22
,,0,0,0,0,,2024-05-22
"Guerrero
(3)","Acapulco de
Juarez",0,1,0,0,El Sol de Acapulco,2024-05-22
,,1,0,0,0,,2024-05-22
,,0,0,0,0,,2024-05-22
,"Acapulco de
Juarez",0,1,0,0,Sur Acapulco,2024-05-22
,,1,0,0,0,,2024-05-22
,,0,0,0,0,,2024-05-22
,"Iguala de la
Independencia",0,1,0,0,El Sur,2024-05-22
,,1,0,0,0,,2024-05-22
,,0,0,0,0,,2024-05-22
"Jalisco
(4)",Guadalajara,1,1,0,0,El Occidental,2024-05-22
,"San Pedro
Tlaquepaque",0,0,1,0,Guardia Nocturna,2024-05-22
,,1,0,0,0,,2024-05-22
,,0,0,0,0,,2024-05-22
,"Tlajomulco de
Zuniga",0,0,1,0,Guardia Nocturna,2024-05-22
,,1,0,0,0,,2024-05-22
,,0,0,0,0,,2024-05-22
,Zapopan,1,0,0,1,Telediario,2024-05-22
"Mexico
(1)","Naucalpan de
Juarez",0,1,0,0,El Sol de Toluca,2024-05-22
,,1,0,0,0,,2024-05-22
,,0,0,0,0,,2024-05-22
"Michoacan
de Ocampo
(1)",Zamora,0,0,1,0,"Grupo Marmor
Multimedios",2024-05-22
,,1,0,0,0,,2024-05-22
,,0,0,0,0,,2024-05-22
"Morelos
(3)",Emiliano Zapata,2,2,0,0,El Sol de Cuautla,2024-05-22
,Tlaquiltenango,1,1,0,0,La Union,2024-05-22
"Nuevo Leon
(5)",Guadalupe,1,1,0,0,Posta,2024-05-22
,Juarez,1,1,0,0,El Porvenir,2024-05-22
,Salinas Victoria,2,2,0,0,Posta,2024-05-22
,"San Nicolas de
los Garza",0,1,0,0,Posta,2024-05-22
,,1,0,0,0,,2024-05-22
,,0,0,0,0,,2024-05-22
"Oaxaca
(3)","Juchitan de
Zaragoza",0,1,0,0,El Imparcial,2024-05-22
,,1,0,0,0,,2024-05-22
,,0,0,0,0,,2024-05-22
,"Matias Romero
Avendano",0,1,0,0,Contrapropuesta,2024-05-22
,,1,0,0,0,,2024-05-22
,,0,0,0,0,,2024-05-22
,Villa de Zaachila,0,0,0,1,"El Pinero de la
Cuenca",2024-05-22
,,1,0,0,0,,2024-05-22
,,0,0,0,0,,2024-05-22
"Puebla
(6)",Atlixco,1,0,0,1,Puebla Roja,2024-05-22
,Puebla,1,1,0,0,El Sol de Puebla,2024-05-22
,"San Jose
Miahuatlan",0,1,0,0,Periodico Central,2024-05-22
,,1,0,0,0,,2024-05-22
,,0,0,0,0,,2024-05-22
,Tehuacan,1,1,0,0,Urbano Puebla,2024-05-22
,Tepeaca,1,1,0,0,Periodico Central,2024-05-22
,Zacapoaxtla,1,1,0,0,Municipios Puebla,2024-05-22
"Queretaro
(2)",Pedro Escobedo,0,1,0,0,"El Sol de San Juan
Del Rio",2024-05-22
,,1,0,0,0,,2024-05-22
,,0,0,0,0,,2024-05-22
,San Juan del Rio,0,1,0,0,"El Sol de San Juan
Del Rio",2024-05-22
,,1,0,0,0,,2024-05-22
,,0,0,0,0,,2024-05-22
"Quintana
Roo",Benito Juarez,0,1,0,0,"La Palabra del
Caribe",2024-05-22
,,1,0,0,0,,2024-05-22
,,0,0,0,0,,2024-05-22
(2),Benito Juarez,1,1,0,0,Periodico Quequi,2024-05-22
"Sinaloa
(1)",Guasave,0,1,0,0,Los Noticieristas,2024-05-22
,,1,0,0,0,,2024-05-22
,,0,0,0,0,,2024-05-22
"Sonora
(2)",Cajeme,1,1,0,0,Diario del Yaqui,2024-05-22
,Cajeme,1,1,0,0,Tribuna,2024-05-22
"Tabasco
(1)",Paraiso,0,1,0,0,XEVA Noticias,2024-05-22
,,1,0,0,0,,2024-05-22
,,0,0,0,0,,2024-05-22
"Tamaulipas
(2)",Matamoros,1,0,1,0,El Buen Tono,2024-05-22
,Reynosa,1,1,0,0,El Manana,2024-05-22
"Veracruz de
Ignacio de la
Llave
(6)",Atoyac,0,1,0,0,"El Pinero de la
Cuenca",2024-05-22
,,1,0,0,0,,2024-05-22
,,0,0,0,0,,2024-05-22
,Boca del Rio,1,1,0,0,El Sol de Cordoba,2024-05-22
,Carlos A. Carrillo,1,1,0,0,Diario de Xalapa,2024-05-22
,Cosoleacaque,0,0,0,1,"El Pinero de la
Cuenca",2024-05-22
,,1,0,0,0,,2024-05-22
,,0,0,0,0,,2024-05-22
,Cuitlahuac,2,2,0,0,La Silla Rota,2024-05-22
"Yucatan
(2)",Tizimin,0,0,0,2,Por Esto!,2024-05-22
,,2,0,0,0,,2024-05-22
,,0,0,0,0,,2024-05-22
Zacatecas (1),Fresnillo,1,1,0,0,NTR Zacatecas,2024-05-22
Totales:,,78,52,8,18,,2024-05-22
