Entidad,Municipio,Muertos,Hombre,Mujer,No Identificado,Fuente,Fecha
,,0,0,0,0,,2024-08-23
,,0,0,0,0,,2024-08-23
,,0,0,0,0,,2024-08-23
"Aguascalientes
(3)",Aguascalientes,1,1,0,0,BI Noticias,2024-08-23
,Aguascalientes,1,1,0,0,El Sol del Centro,2024-08-23
,"Rincon de
Romos",0,1,0,0,El Sol del Centro,2024-08-23
,,1,0,0,0,,2024-08-23
,,0,0,0,0,,2024-08-23
"Baja California
(8)","Playas de
Rosarito",0,1,1,0,AFN Tijuana,2024-08-23
,,2,0,0,0,,2024-08-23
,,0,0,0,0,,2024-08-23
,Tijuana,1,1,0,0,El Imparcial,2024-08-23
,Tijuana,1,1,0,0,El Mexicano,2024-08-23
,Tijuana,2,2,0,0,El Mexicano,2024-08-23
,Tijuana,1,1,0,0,PSN en Linea,2024-08-23
,Tijuana,1,1,0,0,Uniradio Informa,2024-08-23
"Baja California
Sur
(1)",La Paz,0,0,0,1,Metropoli MX,2024-08-23
,,1,0,0,0,,2024-08-23
,,0,0,0,0,,2024-08-23
"Campeche
(2)",Carmen,1,1,0,0,Por Esto!,2024-08-23
,Escarcega,1,1,0,0,Por Esto!,2024-08-23
"Chiapas
(5)",Ocosingo,0,3,0,0,"Fiscalia General del
Estado de Chiapas",2024-08-23
,,3,0,0,0,,2024-08-23
,,0,0,0,0,,2024-08-23
,"Tuxtla
Gutierrez",0,0,0,2,"El Heraldo de
Chiapas",2024-08-23
,,2,0,0,0,,2024-08-23
,,0,0,0,0,,2024-08-23
"Chihuahua
(1)",Jimenez,0,1,0,0,La Noticia Regional,2024-08-23
,,1,0,0,0,,2024-08-23
,,0,0,0,0,,2024-08-23
"Ciudad de
Mexico
(1)","Venustiano
Carranza",0,1,0,0,Twitter,2024-08-23
,,1,0,0,0,,2024-08-23
,,0,0,0,0,,2024-08-23
"Colima
(1)",Colima,0,1,0,0,El Comentario,2024-08-23
,,1,0,0,0,,2024-08-23
,,0,0,0,0,,2024-08-23
"Guanajuato
(9)",Celaya,1,1,0,0,El Otro Enfoque,2024-08-23
,Celaya,1,1,0,0,El Sol del Bajio,2024-08-23
,Celaya,1,1,0,0,Informativo Agora,2024-08-23
,Salamanca,1,1,0,0,Periodico Correo,2024-08-23
,Salamanca,1,1,0,0,Periodico Correo,2024-08-23
,Salvatierra,1,1,0,0,AM,2024-08-23
,Salvatierra,1,0,0,1,El Sol del Bajio,2024-08-23
,Salvatierra,1,1,0,0,El Sol del Bajio,2024-08-23
,"Santa Cruz de
Juventino
Rosas",0,1,0,0,El Sol del Bajio,2024-08-23
,,1,0,0,0,,2024-08-23
,,0,0,0,0,,2024-08-23
"Guerrero
(4)","Acapulco de
Juarez",0,1,0,0,El Sol de Acapulco,2024-08-23
,,1,0,0,0,,2024-08-23
,,0,0,0,0,,2024-08-23
,"Acapulco de
Juarez",0,1,0,0,El Sol de Acapulco,2024-08-23
,,1,0,0,0,,2024-08-23
,,0,0,0,0,,2024-08-23
,"Acapulco de
Juarez",0,1,0,0,El Sol de Acapulco,2024-08-23
,,1,0,0,0,,2024-08-23
,,0,0,0,0,,2024-08-23
,"Acapulco de
Juarez",0,0,0,1,TV Azteca,2024-08-23
,,1,0,0,0,,2024-08-23
,,0,0,0,0,,2024-08-23
"Jalisco
(4)",Guadalajara,1,0,0,1,Guardia Nocturna,2024-08-23
,Guadalajara,1,1,0,0,Notisistema,2024-08-23
,"Tlajomulco de
Zuniga",0,1,0,0,Guardia Nocturna,2024-08-23
,,1,0,0,0,,2024-08-23
,,0,0,0,0,,2024-08-23
,"Tlajomulco de
Zuniga",0,1,0,0,Guardia Nocturna,2024-08-23
,,1,0,0,0,,2024-08-23
,,0,0,0,0,,2024-08-23
"Mexico
(2)",Nezahualcoyotl,1,1,0,0,A Fondo Edomex,2024-08-23
,Teotihuacan,1,1,0,0,Telediario,2024-08-23
"Oaxaca
(1)","Tlacolula de
Matamoros",0,1,0,0,NVI Noticias,2024-08-23
,,1,0,0,0,,2024-08-23
,,0,0,0,0,,2024-08-23
"Puebla
(5)",Puebla,1,0,0,1,El Sol de Puebla,2024-08-23
,Tepeojuma,1,0,1,0,Puebla Roja,2024-08-23
,"Tepexi de
Rodriguez",0,0,0,3,Municipios Puebla,2024-08-23
,,3,0,0,0,,2024-08-23
,,0,0,0,0,,2024-08-23
"San Luis Potosi
(1)",San Luis Potosi,0,1,0,0,Pulso San Luis Potosi,2024-08-23
,,1,0,0,0,,2024-08-23
,,0,0,0,0,,2024-08-23
"Sinaloa
(2)",Culiacan,1,1,0,0,Entre Veredas,2024-08-23
,Culiacan,1,1,0,0,Luz Noticias,2024-08-23
"Sonora
(1)","San Luis Rio
Colorado",0,0,0,1,Tribuna de San Luis,2024-08-23
,,1,0,0,0,,2024-08-23
,,0,0,0,0,,2024-08-23
"Tabasco
(3)",Centro,1,1,0,0,Tabasco Hoy,2024-08-23
,Centro,1,1,0,0,Tabasco Hoy,2024-08-23
,Huimanguillo,1,1,0,0,XEVT,2024-08-23
"Veracruz de
Ignacio de la
Llave
(1)",Yanga,0,1,0,0,El Buen Tono,2024-08-23
,,1,0,0,0,,2024-08-23
,,0,0,0,0,,2024-08-23
"Zacatecas
(2)",Guadalupe,1,1,0,0,NTR Zacatecas,2024-08-23
,Zacatecas,1,1,0,0,NTR Zacatecas,2024-08-23
Totales:,,57,44,2,11,,2024-08-23
