Entidad,Municipio,Muertos,Hombre,Mujer,No Identificado,Fuente,Fecha
,,0,0,0,0,,2024-06-14
,,0,0,0,0,,2024-06-14
,,0,0,0,0,,2024-06-14
"Baja
California
(6)",Tijuana,1,0,0,1,Facebook,2024-06-14
,Tijuana,1,0,1,0,Uniradio Informa,2024-06-14
,Tijuana,1,1,0,0,Uniradio Informa,2024-06-14
,Tijuana,1,0,0,1,Uniradio Informa,2024-06-14
,Tijuana,1,0,0,1,Uniradio Informa,2024-06-14
,Tijuana,1,1,0,0,Uniradio Informa,2024-06-14
"Chiapas
(8)",Pantelho,0,0,0,5,"Fiscalia General del Estado
de Chiapas",2024-06-14
,,5,0,0,0,,2024-06-14
,,0,0,0,0,,2024-06-14
,Tzimol,2,1,1,0,Diario de Chiapas,2024-06-14
,Villaflores,1,1,0,0,Diario de Chiapas,2024-06-14
"Chihuahua
(1)",Juarez,0,0,1,0,La Polaka,2024-06-14
,,1,0,0,0,,2024-06-14
,,0,0,0,0,,2024-06-14
"Colima
(1)",Manzanillo,0,0,1,0,Colima Noticias,2024-06-14
,,1,0,0,0,,2024-06-14
,,0,0,0,0,,2024-06-14
"Guanajuato
(4)",Celaya,1,1,0,0,El Sol del Bajio,2024-06-14
,Irapuato,1,1,0,0,Periodico Correo,2024-06-14
,Salamanca,1,1,0,0,Meganoticias,2024-06-14
,"San Jose
Iturbide",0,1,0,0,Periodico Correo,2024-06-14
,,1,0,0,0,,2024-06-14
,,0,0,0,0,,2024-06-14
"Guerrero
(1)","Acapulco
de Juarez",0,1,0,0,El Sur,2024-06-14
,,1,0,0,0,,2024-06-14
,,0,0,0,0,,2024-06-14
"Hidalgo
(3)","Pachuca de
Soto",0,0,0,1,La Verdad del Sureste,2024-06-14
,,1,0,0,0,,2024-06-14
,,0,0,0,0,,2024-06-14
,Tizayuca,1,1,0,0,El Vigia,2024-06-14
,Tizayuca,1,1,0,0,El Vigia,2024-06-14
"Jalisco
(6)",Guadalajara,1,0,0,1,Guardia Nocturna,2024-06-14
,"Talpa de
Allende",0,1,0,0,Guardia Nocturna,2024-06-14
,,1,0,0,0,,2024-06-14
,,0,0,0,0,,2024-06-14
,"Tlajomulco
de Zuniga",0,0,0,2,N+,2024-06-14
,,2,0,0,0,,2024-06-14
,,0,0,0,0,,2024-06-14
,"Tlajomulco
de Zuniga",0,1,0,0,Telediario,2024-06-14
,,1,0,0,0,,2024-06-14
,,0,0,0,0,,2024-06-14
,Zapopan,1,1,0,0,Guardia Nocturna,2024-06-14
"Mexico
(4)","Cuautitlan
Izcalli",0,0,0,1,A Fondo Edomex,2024-06-14
,,1,0,0,0,,2024-06-14
,,0,0,0,0,,2024-06-14
,Malinalco,1,1,0,0,A Fondo Edomex,2024-06-14
,Tecamac,1,1,0,0,Reporteros en Movimiento,2024-06-14
,Tecamac,1,1,0,0,Reporteros en Movimiento,2024-06-14
"Michoacan
de
Ocampo
(5)",Jacona,1,1,0,0,Noventa Grados,2024-06-14
,Morelia,1,1,0,0,Mi Morelia,2024-06-14
,Uruapan,1,1,0,0,PCM Agencia de Noticias,2024-06-14
,Uruapan,1,0,1,0,Victor Americano Noticias,2024-06-14
,Zamora,1,1,0,0,PCM Agencia de Noticias,2024-06-14
"Morelos
(1)","Emiliano
Zapata",0,0,0,1,Sin Linea,2024-06-14
,,1,0,0,0,,2024-06-14
,,0,0,0,0,,2024-06-14
"Nuevo
Leon
(5)",Allende,1,0,0,1,Guardia Nocturna,2024-06-14
,"General
Zuazua",0,1,0,0,Telediario,2024-06-14
,,1,0,0,0,,2024-06-14
,,0,0,0,0,,2024-06-14
,Juarez,1,1,0,0,Posta,2024-06-14
,Juarez,1,1,0,0,Posta,2024-06-14
,Mina,1,1,0,0,Posta,2024-06-14
"Oaxaca
(1)","Teotitlan de
Flores
Magon",0,1,0,0,La Onda Oaxaca,2024-06-14
,,1,0,0,0,,2024-06-14
,,0,0,0,0,,2024-06-14
"Puebla
(3)",Huejotzingo,1,1,0,0,Cambio,2024-06-14
,"Izucar de
Matamoros",0,1,0,0,Municipios Puebla,2024-06-14
,,1,0,0,0,,2024-06-14
,,0,0,0,0,,2024-06-14
,"San Martin
Texmelucan",0,0,1,0,Diario Cambio,2024-06-14
,,1,0,0,0,,2024-06-14
,,0,0,0,0,,2024-06-14
"Queretaro
(1)","Amealco de
Bonfil",0,1,0,0,Quadratin,2024-06-14
,,1,0,0,0,,2024-06-14
,,0,0,0,0,,2024-06-14
"Quintana
Roo
(5)",Bacalar,1,1,0,0,La Jornada,2024-06-14
,"Benito
Juarez",0,0,0,1,La Palabra del Caribe,2024-06-14
,,1,0,0,0,,2024-06-14
,,0,0,0,0,,2024-06-14
,"Puerto
Morelos",0,3,0,0,Noticaribe,2024-06-14
,,3,0,0,0,,2024-06-14
,,0,0,0,0,,2024-06-14
"Sinaloa
(2)",Culiacan,1,1,0,0,Luz Noticias,2024-06-14
,Mazatlan,1,1,0,0,Linea Directa,2024-06-14
"Tabasco
(1)",Teapa,0,1,0,0,Tabasco Hoy,2024-06-14
,,1,0,0,0,,2024-06-14
,,0,0,0,0,,2024-06-14
"Tamaulipas
(1)",Reynosa,0,1,0,0,Hoy Tamaulipas,2024-06-14
,,1,0,0,0,,2024-06-14
,,0,0,0,0,,2024-06-14
"Veracruz
de Ignacio
de la Llave
(2)",Coatzintla,1,1,0,0,Es Noticia Veracruz,2024-06-14
,Cordoba,0,1,0,0,Diario El Mundo,2024-06-14
,,1,0,0,0,,2024-06-14
,,0,0,0,0,,2024-06-14
"Zacatecas
(2)",Guadalupe,1,0,0,1,NTR Zacatecas,2024-06-14
,Guadalupe,1,1,0,0,NTR Zacatecas,2024-06-14
Totales:,63,40,6,17,0,2024-06-14 00:00:00,
