Entidad,Municipio,Muertos,Hombre,Mujer,No Identificado,Fuente,Fecha
,,0,0,0,0,,2024-03-21
,,0,0,0,0,,2024-03-21
,,0,0,0,0,,2024-03-21
"Aguascalientes
(1)",El Llano,0,1,0,0,El Clarinete,2024-03-21
,,1,0,0,0,,2024-03-21
,,0,0,0,0,,2024-03-21
"Baja California
(3)",Tijuana,1,0,1,0,El Mexicano,2024-03-21
,Tijuana,1,0,1,0,La Jornada,2024-03-21
,Tijuana,1,0,0,1,Uniradio Informa,2024-03-21
"Chiapas
(1)",Suchiapa,0,1,0,0,Diario del Sur,2024-03-21
,,1,0,0,0,,2024-03-21
,,0,0,0,0,,2024-03-21
"Chihuahua
(2)",Juarez,1,0,0,1,El Diario de Chihuahua,2024-03-21
,Juarez,1,1,0,0,La Polaka,2024-03-21
"Ciudad de
Mexico
(7)",Azcapotzalco,1,1,0,0,La Prensa,2024-03-21
,Cuauhtemoc,1,1,0,0,La Prensa,2024-03-21
,Iztacalco,1,1,0,0,La Prensa,2024-03-21
,Tlahuac,0,2,0,0,"A Fondo Estado de
Mexico",2024-03-21
,,2,0,0,0,,2024-03-21
,,0,0,0,0,,2024-03-21
,Tlalpan,2,2,0,0,Milenio,2024-03-21
"Coahuila de
Zaragoza
(1)",San Pedro,0,1,0,0,Milenio,2024-03-21
,,1,0,0,0,,2024-03-21
,,0,0,0,0,,2024-03-21
"Colima
(1)","Villa de
Alvarez",0,1,0,0,Diario de Colima,2024-03-21
,,1,0,0,0,,2024-03-21
,,0,0,0,0,,2024-03-21
"Guanajuato
(7)",Celaya,1,1,0,0,Noventa Grados,2024-03-21
,Celaya,1,1,0,0,Noventa Grados,2024-03-21
,Cortazar,1,1,0,0,El Sol del Bajio,2024-03-21
,Irapuato,1,1,0,0,Periodico Correo,2024-03-21
,Leon,1,1,0,0,Noticias Vespertinas,2024-03-21
,Salamanca,1,0,1,0,Periodico Correo,2024-03-21
,Salvatierra,1,1,0,0,AM,2024-03-21
"Guerrero
(2)","Acapulco de
Juarez",0,1,0,0,Sur Acapulco,2024-03-21
,,1,0,0,0,,2024-03-21
,,0,0,0,0,,2024-03-21
,"Atoyac de
Alvarez",0,1,0,0,Noventa Grados,2024-03-21
,,1,0,0,0,,2024-03-21
,,0,0,0,0,,2024-03-21
"Hidalgo
(1)","Tepeji del Rio
de Ocampo",0,1,0,0,El Universal,2024-03-21
,,1,0,0,0,,2024-03-21
,,0,0,0,0,,2024-03-21
"Jalisco
(5)",Guadalajara,1,0,1,0,Guardia Nocturna,2024-03-21
,Lagos de,1,1,0,0,El Heraldo,2024-03-21
,Moreno,0,0,0,0,,2024-03-21
,"San Pedro
Tlaquepaque",0,1,0,0,Guardia Nocturna,2024-03-21
,,1,0,0,0,,2024-03-21
,,0,0,0,0,,2024-03-21
,"Tlajomulco
de Zuniga",0,1,0,0,Guardia Nocturna,2024-03-21
,,1,0,0,0,,2024-03-21
,,0,0,0,0,,2024-03-21
,Tonala,1,1,0,0,Guardia Nocturna,2024-03-21
"Mexico
(3)",La Paz,1,1,0,0,El Grafico,2024-03-21
,Tenancingo,0,0,0,1,"A Fondo Estado de
Mexico",2024-03-21
,,1,0,0,0,,2024-03-21
,,0,0,0,0,,2024-03-21
,Tultitlan,1,0,0,1,La Jornada,2024-03-21
"Michoacan de
Ocampo
(2)",Uruapan,1,0,1,0,La Voz de Michoacan,2024-03-21
,Zamora,0,1,0,0,La Voz de Michoacan,2024-03-21
,,1,0,0,0,,2024-03-21
,,0,0,0,0,,2024-03-21
"Morelos
(6)",Cuernavaca,1,1,0,0,Diario de Morelos,2024-03-21
,Cuernavaca,1,1,0,0,El Universal,2024-03-21
,"Emiliano
Zapata",0,1,0,0,Diario de Morelos,2024-03-21
,,1,0,0,0,,2024-03-21
,,0,0,0,0,,2024-03-21
,Jiutepec,1,1,0,0,Informate y +,2024-03-21
,Tepalcingo,1,1,0,0,Diario de Morelos,2024-03-21
,Zacatepec,1,1,0,0,El Sol de Cuernavaca,2024-03-21
"Nayarit
(1)",Tepic,0,0,1,0,El Sol de Nayarit,2024-03-21
,,1,0,0,0,,2024-03-21
,,0,0,0,0,,2024-03-21
"Nuevo Leon
(12)",Guadalupe,1,1,0,0,Telediario,2024-03-21
,Monterrey,1,1,0,0,El Porvenir,2024-03-21
,Pesqueria,10,0,0,10,Infobae,2024-03-21
"Oaxaca
(1)","San Pedro
Pochutla",0,1,0,0,El Pinero de la Cuenca,2024-03-21
,,1,0,0,0,,2024-03-21
,,0,0,0,0,,2024-03-21
"Puebla
(2)",Chietla,1,1,0,0,Puebla Roja,2024-03-21
,Tehuacan,1,1,0,0,Puebla en Linea,2024-03-21
"Quintana Roo
(1)","Benito
Juarez",0,0,0,1,Sol Quintana Roo,2024-03-21
,,1,0,0,0,,2024-03-21
,,0,0,0,0,,2024-03-21
"San Luis Potosi
(1)",Moctezuma,0,1,0,0,Pulso San Luis Potosi,2024-03-21
,,1,0,0,0,,2024-03-21
,,0,0,0,0,,2024-03-21
"Sinaloa
(6)",Badiraguato,3,3,0,0,Rio Doce,2024-03-21
,Culiacan,1,0,0,1,Cafe Negro Portal,2024-03-21
,Culiacan,1,0,0,1,Cafe Negro Portal,2024-03-21
,Culiacan,1,1,0,0,EL Sol de Sinaloa,2024-03-21
"Sonora
(2)",Caborca,1,1,0,0,Medios Obson,2024-03-21
,Cajeme,1,1,0,0,Cajeme News,2024-03-21
"Tabasco
(2)",Cardenas,1,0,0,1,XEVT,2024-03-21
,Comalcalco,1,1,0,0,Tabasco Hoy,2024-03-21
Veracruz de,Pueblo Viejo,1,1,0,0,Oliva Noticias,2024-03-21
"Ignacio de la
Llave
(2)",Texistepec,0,1,0,0,Diario del Istmo,2024-03-21
,,1,0,0,0,,2024-03-21
,,0,0,0,0,,2024-03-21
Totales:,,72,48,6,18,,2024-03-21
