Entidad,Municipio,Muertos,Hombre,Mujer,No Identificado,Fuente,Fecha
,,0,0,0,0,,2024-07-17
,,0,0,0,0,,2024-07-17
,,0,0,0,0,,2024-07-17
"Baja
California
(4)",Tijuana,1,0,1,0,El Mexicano,2024-07-17
,Tijuana,1,1,0,0,Uniradio Informa,2024-07-17
,Tijuana,1,0,1,0,Uniradio Informa,2024-07-17
,Tijuana,1,1,0,0,Zeta Tijuana,2024-07-17
"Chiapas
(1)","Cintalapa de
Figueroa",0,0,1,0,Alerta Chiapas,2024-07-17
,,1,0,0,0,,2024-07-17
,,0,0,0,0,,2024-07-17
"Chihuahua
(1)",Aquiles Serdan,0,1,0,0,"La Opcion de
Chihuahua",2024-07-17
,,1,0,0,0,,2024-07-17
,,0,0,0,0,,2024-07-17
"Colima
(7)",Armeria,3,0,0,3,El Heraldo,2024-07-17
,Colima,1,1,0,0,Colima Noticias,2024-07-17
,Cuauhtemoc,1,0,1,0,Colima Noticias,2024-07-17
,Tecoman,1,1,0,0,Colima Noticias,2024-07-17
,Villa de Alvarez,1,1,0,0,Colima Noticias,2024-07-17
"Durango
(1)",Canatlan,0,0,1,0,El Sol de Durango,2024-07-17
,,1,0,0,0,,2024-07-17
,,0,0,0,0,,2024-07-17
"Guanajuato
(12)",Celaya,1,0,1,0,El Sol del Bajio,2024-07-17
,Celaya,0,1,0,0,"Noticias del Estado de
Guanajuato",2024-07-17
,,1,0,0,0,,2024-07-17
,,0,0,0,0,,2024-07-17
,Irapuato,1,1,0,0,Periodico Correo,2024-07-17
,Leon,1,1,0,0,AM,2024-07-17
,Leon,1,1,0,0,Periodico Correo,2024-07-17
,Villagran,1,1,0,0,Noticias Vespertinas,2024-07-17
,Yuriria,6,5,1,0,Noventa Grados,2024-07-17
"Guerrero
(3)","Acapulco de
Juarez",0,1,0,0,Sur Acapulco,2024-07-17
,,1,0,0,0,,2024-07-17
,,0,0,0,0,,2024-07-17
,"Zihuatanejo de
Azueta",0,0,0,2,El Sol de Acapulco,2024-07-17
,,2,0,0,0,,2024-07-17
,,0,0,0,0,,2024-07-17
"Hidalgo
(2)","Pachuca de
Soto",0,2,0,0,Criterio Hidalgo,2024-07-17
,,2,0,0,0,,2024-07-17
,,0,0,0,0,,2024-07-17
"Jalisco
(5)",Guadalajara,1,1,0,0,Guardia Nocturna,2024-07-17
,Guadalajara,1,1,0,0,Guardia Nocturna,2024-07-17
,"San Pedro
Tlaquepaque",0,0,1,0,Guardia Nocturna,2024-07-17
,,1,0,0,0,,2024-07-17
,,0,0,0,0,,2024-07-17
,"Tlajomulco de
Zuniga",0,0,1,0,Guardia Nocturna,2024-07-17
,,1,0,0,0,,2024-07-17
,,0,0,0,0,,2024-07-17
,"Tlajomulco de
Zuniga",0,0,1,0,Notisistema,2024-07-17
,,1,0,0,0,,2024-07-17
,,0,0,0,0,,2024-07-17
"Mexico
(5)",Aculco,1,1,0,0,Quadratin,2024-07-17
,Otumba,1,1,0,0,La Prensa,2024-07-17
,Temascalapa,1,1,0,0,La Prensa,2024-07-17
,Zumpango,2,1,1,0,La Prensa,2024-07-17
"Michoacan
de
Ocampo
(6)","Nuevo
Parangaricutiro",0,1,0,0,La Voz de Michoacan,2024-07-17
,,1,0,0,0,,2024-07-17
,,0,0,0,0,,2024-07-17
,Uruapan,1,1,0,0,La Voz de Michoacan,2024-07-17
,Zamora,1,0,1,0,Noventa Grados,2024-07-17
,Zinapecuaro,3,3,0,0,Twitter,2024-07-17
"Morelos
(2)",Huitzilac,1,1,0,0,Diario de Morelos,2024-07-17
,Yecapixtla,1,1,0,0,La Union de Morelos,2024-07-17
"Nuevo
Leon
(3)","General
Zuazua",0,1,0,0,Telediario,2024-07-17
,,1,0,0,0,,2024-07-17
,,0,0,0,0,,2024-07-17
,Guadalupe,2,1,1,0,ABC Noticias,2024-07-17
"Oaxaca
(5)","Juchitan de
Zaragoza",0,1,0,0,Cuarta Plana,2024-07-17
,,1,0,0,0,,2024-07-17
,,0,0,0,0,,2024-07-17
,Salina Cruz,1,0,0,1,El Imparcial,2024-07-17
,"San Pedro
Mixtepec (22)",0,3,0,0,Imagen Oaxaca,2024-07-17
,,3,0,0,0,,2024-07-17
,,0,0,0,0,,2024-07-17
"Puebla
(2)","Izucar de
Matamoros",0,1,0,0,Municipios,2024-07-17
,,1,0,0,0,,2024-07-17
,,0,0,0,0,,2024-07-17
,Tehuacan,1,1,0,0,Cinco Radio,2024-07-17
"Quintana
Roo
(2)",Benito Juarez,1,1,0,0,Sipse,2024-07-17
,Tulum,0,0,0,1,Sipse,2024-07-17
,,1,0,0,0,,2024-07-17
,,0,0,0,0,,2024-07-17
"San Luis
Potosi
(1)",San Luis Potosi,0,1,0,0,Sintesis,2024-07-17
,,1,0,0,0,,2024-07-17
,,0,0,0,0,,2024-07-17
"Sinaloa
(2)",Culiacan,1,0,0,1,Los Noticieristas,2024-07-17
,Mazatlan,1,0,1,0,Debate,2024-07-17
"Sonora
(5)",Cajeme,2,0,0,2,Diario del Yaqui,2024-07-17
,Cajeme,1,1,0,0,Tribuna,2024-07-17
,Guaymas,1,0,0,1,Radar Sonora,2024-07-17
,Hermosillo,1,1,0,0,Proyecto Puente,2024-07-17
"Tabasco
(2)",Cardenas,1,1,0,0,Tabasco Hoy,2024-07-17
,Centla,1,1,0,0,El Heraldo de Tabasco,2024-07-17
"Tamaulipas
(1)",Reynosa,0,1,0,0,La Tarde,2024-07-17
,,1,0,0,0,,2024-07-17
,,0,0,0,0,,2024-07-17
"Veracruz
de Ignacio
de la Llave
(6)",Cordoba,1,0,1,0,Milenio,2024-07-17
,Tierra Blanca,1,1,0,0,Noreste,2024-07-17
,Tuxpan,3,3,0,0,Vanguardia Veracruz,2024-07-17
,Veracruz,1,1,0,0,Vanguardia Veracruz,2024-07-17
"Zacatecas
(1)",Fresnillo,0,1,0,0,NTR Zacatecas,2024-07-17
,,1,0,0,0,,2024-07-17
,,0,0,0,0,,2024-07-17
Totales:,,79,53,15,11,,2024-07-17
