Entidad,Municipio,Muertos,Hombre,Mujer,No Identificado,Fuente,Fecha
,,0,0,0,0,,2024-05-07
,,0,0,0,0,,2024-05-07
,,0,0,0,0,,2024-05-07
"Aguascalientes
(1)",Aguascalientes,0,1,0,0,El Heraldo,2024-05-07
,,1,0,0,0,,2024-05-07
,,0,0,0,0,,2024-05-07
"Baja California
(5)",Tijuana,1,1,0,0,El Heraldo de Mexico,2024-05-07
,Tijuana,1,1,0,0,Uniradio Informa,2024-05-07
,Tijuana,1,1,0,0,Uniradio Informa,2024-05-07
,Tijuana,1,1,0,0,Uniradio Informa,2024-05-07
,Tijuana,1,1,0,0,Uniradio Informa,2024-05-07
"Chiapas
(2)","Comitan de
Dominguez",0,1,0,0,El Sol de Chiapas,2024-05-07
,,1,0,0,0,,2024-05-07
,,0,0,0,0,,2024-05-07
,Suchiate,1,1,0,0,Diario del Sur,2024-05-07
"Chihuahua
(4)",Chihuahua,0,1,0,0,"El heraldo de
Chihuahua",2024-05-07
,,1,0,0,0,,2024-05-07
,,0,0,0,0,,2024-05-07
,Cuauhtemoc,1,1,0,0,Canal 44,2024-05-07
,Juarez,0,0,0,1,"El Diario de
Chihuahua",2024-05-07
,,1,0,0,0,,2024-05-07
,,0,0,0,0,,2024-05-07
,Juarez,0,1,0,0,"El Diario de
Chihuahua",2024-05-07
,,1,0,0,0,,2024-05-07
,,0,0,0,0,,2024-05-07
"Ciudad de
Mexico
(3)",Tlahuac,1,1,0,0,El Grafico,2024-05-07
,Tlalpan,1,1,0,0,Noticias,2024-05-07
,Xochimilco,1,1,0,0,Tribuna,2024-05-07
"Colima
(2)",Villa de Alvarez,1,1,0,0,Colima Noticias,2024-05-07
,Villa de Alvarez,1,1,0,0,Va de Nuez,2024-05-07
"Guanajuato
(6)",Celaya,0,1,0,0,"Noticias del Estado
de Guanajuato",2024-05-07
,,1,0,0,0,,2024-05-07
,,0,0,0,0,,2024-05-07
,Irapuato,1,0,0,1,Periodico Correo,2024-05-07
,Leon,1,0,0,1,Periodico Correo,2024-05-07
,Leon,1,1,0,0,TV Azteca,2024-05-07
,Salvatierra,1,1,0,0,Informativo Agora,2024-05-07
,"Silao de la
Victoria",0,1,0,0,Periodico Correo,2024-05-07
,,1,0,0,0,,2024-05-07
,,0,0,0,0,,2024-05-07
"Guerrero
(5)","Acapulco de
Juarez",0,2,0,0,El Sol de Acapulco,2024-05-07
,,2,0,0,0,,2024-05-07
,,0,0,0,0,,2024-05-07
,"Acapulco de
Juarez",0,1,0,0,SDP Noticias,2024-05-07
,,1,0,0,0,,2024-05-07
,,0,0,0,0,,2024-05-07
,"Acapulco de
Juarez",0,1,0,0,SDP Noticias,2024-05-07
,,1,0,0,0,,2024-05-07
,,0,0,0,0,,2024-05-07
,"Acapulco de
Juarez",0,1,0,0,Sur Acapulco,2024-05-07
,,1,0,0,0,,2024-05-07
,,0,0,0,0,,2024-05-07
"Hidalgo
(2)",Tizayuca,1,1,0,0,Criterio Hidalgo,2024-05-07
,Tizayuca,1,0,0,1,El Sol de Hidalgo,2024-05-07
"Mexico
(2)","Ecatepec de
Morelos",0,1,0,0,"Reporteros en
Movimiento",2024-05-07
,,1,0,0,0,,2024-05-07
,,0,0,0,0,,2024-05-07
,Valle de Bravo,1,1,0,0,El Sol de Cuernavaca,2024-05-07
"Michoacan de
Ocampo
(8)",Apatzingan,1,1,0,0,Noventa Grados,2024-05-07
,Copandaro,2,1,1,0,RED Michoacan,2024-05-07
,Morelia,2,1,0,1,Mi Morelia,2024-05-07
,"Santa Ana
Maya",0,1,0,0,"PCM Agencia de
Noticias",2024-05-07
,,1,0,0,0,,2024-05-07
,,0,0,0,0,,2024-05-07
,Uruapan,1,1,0,0,La Voz de Michoacan,2024-05-07
,Uruapan,1,1,0,0,Quadratin,2024-05-07
"Morelos
(4)",Cuautla,2,2,0,0,La Union,2024-05-07
,Puente de Ixtla,1,0,1,0,Central de Noticias,2024-05-07
,Temixco,1,1,0,0,Central de Noticias,2024-05-07
"Nuevo Leon
(2)",Guadalupe,1,1,0,0,El Porvenir,2024-05-07
,Monterrey,1,1,0,0,Zocalo,2024-05-07
"Oaxaca
(1)","Villa de
Tututepec de
Melchor
Ocampo",0,1,0,0,Imparcial de Oaxaca,2024-05-07
,,1,0,0,0,,2024-05-07
,,0,0,0,0,,2024-05-07
"Puebla
(1)",Ajalpan,0,1,0,0,Municipios Puebla,2024-05-07
,,1,0,0,0,,2024-05-07
,,0,0,0,0,,2024-05-07
"Quintana Roo
(4)",Benito Juarez,1,0,0,1,Noticaribe,2024-05-07
,Tulum,3,0,0,3,Noticaribe,2024-05-07
"San Luis Potosi
(3)",Matehuala,1,1,0,0,Pulso San Luis Potosi,2024-05-07
,Salinas,2,2,0,0,Diario de Xalapa,2024-05-07
"Sonora
(3)",Cajeme,1,0,0,1,Diario del Yaqui,2024-05-07
,Hermosillo,1,1,0,0,Uniradio Informa,2024-05-07
,Sahuaripa,1,0,1,0,Radar Sonora,2024-05-07
"Tabasco
(3)",Centro,0,1,0,0,"El Heraldo de
Tabasco",2024-05-07
,,1,0,0,0,,2024-05-07
,,0,0,0,0,,2024-05-07
,Teapa,0,1,0,0,"El Heraldo de
Tabasco",2024-05-07
,,1,0,0,0,,2024-05-07
,,0,0,0,0,,2024-05-07
,Teapa,1,1,0,0,Tabasco Hoy,2024-05-07
"Veracruz de
Ignacio de la
Llave
(2)",Cordoba,1,1,0,0,El Sol de Cordoba,2024-05-07
,"Vega de
Alatorre",0,1,0,0,Imagen del Golfo,2024-05-07
,,1,0,0,0,,2024-05-07
,,0,0,0,0,,2024-05-07
"Zacatecas
(9)",Fresnillo,0,0,0,9,Noventa Grados,2024-05-07
,,9,0,0,0,,2024-05-07
,,0,0,0,0,,2024-05-07
Totales:,,72,50,3,19,,2024-05-07
