Entidad,Municipio,Muertos,Hombre,Mujer,No Identificado,Fuente,Fecha
,,0,0,0,0,,2024-05-31
,,0,0,0,0,,2024-05-31
,,0,0,0,0,,2024-05-31
"Baja
California
(2)",Tijuana,1,1,0,0,Uniradio Informa,2024-05-31
,Tijuana,0,0,0,1,Uniradio Informa,2024-05-31
,,1,0,0,0,,2024-05-31
,,0,0,0,0,,2024-05-31
"Chiapas
(4)",Pantelho,0,4,0,0,La Jornada,2024-05-31
,,4,0,0,0,,2024-05-31
,,0,0,0,0,,2024-05-31
"Chihuahua
(3)",Chihuahua,1,1,0,0,La Opcion de Chihuahua,2024-05-31
,Juarez,1,1,0,0,El Diario de Chihuahua,2024-05-31
,Juarez,1,1,0,0,La Opcion de Chihuahua,2024-05-31
"Ciudad de
Mexico
(1)","Gustavo A.
Madero",0,1,0,0,Twitter,2024-05-31
,,1,0,0,0,,2024-05-31
,,0,0,0,0,,2024-05-31
"Coahuila
de
Zaragoza
(1)",Saltillo,0,1,0,0,El Sol de la Laguna,2024-05-31
,,1,0,0,0,,2024-05-31
,,0,0,0,0,,2024-05-31
"Colima
(2)",Colima,1,1,0,0,Colima Noticias,2024-05-31
,"Villa de
Alvarez",0,1,0,0,Colima Noticias,2024-05-31
,,1,0,0,0,,2024-05-31
,,0,0,0,0,,2024-05-31
"Guanajuato
(7)",Celaya,1,1,0,0,Noventa Grados,2024-05-31
,Celaya,1,1,0,0,Periodico Correo,2024-05-31
,Celaya,1,1,0,0,Periodico Correo,2024-05-31
,Leon,1,1,0,0,Periodico Correo,2024-05-31
,Salamanca,1,0,1,0,Periodico Correo,2024-05-31
,Salamanca,1,1,0,0,Periodico Correo,2024-05-31
,Salvatierra,1,1,0,0,Noventa Grados,2024-05-31
"Guerrero
(3)","Acapulco de
Juarez",0,0,1,0,"Agencia de Noticias
Guerrero",2024-05-31
,,1,0,0,0,,2024-05-31
,,0,0,0,0,,2024-05-31
,"Acapulco de
Juarez",0,1,0,0,Quadratin,2024-05-31
,,1,0,0,0,,2024-05-31
,,0,0,0,0,,2024-05-31
,Ometepec,1,1,0,0,Quadratin,2024-05-31
"Jalisco
(4)",Guadalajara,1,1,0,0,Guardia Nocturna,2024-05-31
,"San Pedro
Tlaquepaque",0,1,0,0,Notisistema,2024-05-31
,,1,0,0,0,,2024-05-31
,,0,0,0,0,,2024-05-31
,"Tlajomulco de
Zuniga",0,1,0,0,Guardia Nocturna,2024-05-31
,,1,0,0,0,,2024-05-31
,,0,0,0,0,,2024-05-31
,Tonala,1,1,0,0,Guardia Nocturna,2024-05-31
"Mexico
(5)","Ecatepec de
Morelos",0,1,0,0,La Prensa,2024-05-31
,,1,0,0,0,,2024-05-31
,,0,0,0,0,,2024-05-31
,"Melchor
Ocampo",0,2,0,0,La Prensa,2024-05-31
,,2,0,0,0,,2024-05-31
,,0,0,0,0,,2024-05-31
,Tianguistenco,1,0,1,0,Quadratin,2024-05-31
,Toluca,1,1,0,0,El Sol de Toluca,2024-05-31
"Michoacan
de
Ocampo
(7)",Apatzingan,1,1,0,0,La Voz de Michoacan,2024-05-31
,Jacona,5,4,1,0,Noventa Grados,2024-05-31
,Morelia,0,1,0,0,La Voz de Michoacan,2024-05-31
,,1,0,0,0,,2024-05-31
,,0,0,0,0,,2024-05-31
"Morelos
(1)",Cuernavaca,0,1,0,0,Diario de Morelos,2024-05-31
,,1,0,0,0,,2024-05-31
,,0,0,0,0,,2024-05-31
"Nuevo
Leon
(7)","Cienega de
Flores",0,2,0,0,El Porvenir,2024-05-31
,,2,0,0,0,,2024-05-31
,,0,0,0,0,,2024-05-31
,Garcia,1,1,0,0,El Porvenir,2024-05-31
,"General
Zuazua",0,1,0,0,El Porvenir,2024-05-31
,,1,0,0,0,,2024-05-31
,,0,0,0,0,,2024-05-31
,Guadalupe,1,1,0,0,Telediario,2024-05-31
,Juarez,1,1,0,0,Telediario,2024-05-31
,Monterrey,1,1,0,0,El Porvenir,2024-05-31
"Puebla
(3)",Atlixco,1,0,1,0,Periodico Central,2024-05-31
,Chiautla,1,1,0,0,El Sol de Puebla,2024-05-31
,Puebla,1,0,0,1,El Universal,2024-05-31
"Quintana
Roo
(1)",Benito Juarez,0,1,0,0,"Novedades de Quintana
Roo",2024-05-31
,,1,0,0,0,,2024-05-31
,,0,0,0,0,,2024-05-31
"Sinaloa
(2)",Elota,1,1,0,0,Los Noticieristas,2024-05-31
,Mazatlan,1,1,0,0,El Sol de Mazatlan,2024-05-31
"Sonora
(4)",Cajeme,1,1,0,0,Diario del Yaqui,2024-05-31
,Cajeme,1,1,0,0,Diario del Yaqui,2024-05-31
,Guaymas,2,1,1,0,Radar Sonora,2024-05-31
"Tabasco
(9)",Comalcalco,2,1,1,0,Tabasco Hoy,2024-05-31
,Comalcalco,2,1,1,0,Tabasco Hoy,2024-05-31
,Comalcalco,5,0,0,5,Tabasco Hoy,2024-05-31
"Tamaulipas
(1)",Reynosa,0,1,0,0,Hoy Tamaulipas,2024-05-31
,,1,0,0,0,,2024-05-31
,,0,0,0,0,,2024-05-31
"Yucatan
(1)",Merida,0,0,1,0,Yucatan a la Mano,2024-05-31
,,1,0,0,0,,2024-05-31
,,0,0,0,0,,2024-05-31
"Zacatecas
(4)",Calera,2,2,0,0,NTR Zacatecas,2024-05-31
,Fresnillo,1,1,0,0,NTR Zacatecas,2024-05-31
,Morelos,1,1,0,0,NTR Zacatecas,2024-05-31
Totales:,,72,56,9,7,,2024-05-31
