Entidad,Municipio,Muertos,Hombre,Mujer,No Identificado,Fuente,Fecha
,,0,0,0,0,,2024-09-15
,,0,0,0,0,,2024-09-15
,,0,0,0,0,,2024-09-15
"Aguascalientes
(1)",Aguascalientes,0,1,0,0,El Clarinete,2024-09-15
,,1,0,0,0,,2024-09-15
,,0,0,0,0,,2024-09-15
"Baja California
(4)",Tijuana,1,1,0,0,Uniradio Informa,2024-09-15
,Tijuana,1,1,0,0,Uniradio Informa,2024-09-15
,Tijuana,1,1,0,0,Uniradio Informa,2024-09-15
,Tijuana,1,1,0,0,Uniradio Informa,2024-09-15
"Chiapas
(1)",Tapachula,0,1,0,0,Diario del Sur,2024-09-15
,,1,0,0,0,,2024-09-15
,,0,0,0,0,,2024-09-15
"Chihuahua
(4)",Juarez,1,0,1,0,Codigo 13,2024-09-15
,Juarez,0,1,0,0,"La Opcion de
Chihuahua",2024-09-15
,,1,0,0,0,,2024-09-15
,,0,0,0,0,,2024-09-15
,Juarez,1,1,0,0,Net Noticias,2024-09-15
,Juarez,1,1,0,0,Net Noticias,2024-09-15
"Ciudad de
Mexico
(3)","Alvaro
Obregon",0,1,0,0,La Prensa,2024-09-15
,,1,0,0,0,,2024-09-15
,,0,0,0,0,,2024-09-15
,"Alvaro
Obregon",0,1,0,0,MexicoYa!,2024-09-15
,,1,0,0,0,,2024-09-15
,,0,0,0,0,,2024-09-15
,Coyoacan,1,1,0,0,87punto3,2024-09-15
"Durango
(1)",Durango,0,0,1,0,El Siglo de Durango,2024-09-15
,,1,0,0,0,,2024-09-15
,,0,0,0,0,,2024-09-15
"Guanajuato
(9)",Guanajuato,1,0,1,0,AM,2024-09-15
,Irapuato,1,1,0,0,AM,2024-09-15
,Irapuato,1,1,0,0,Periodico Correo,2024-09-15
,Leon,1,1,0,0,Periodico Correo,2024-09-15
,Leon,1,1,0,0,Periodico Correo,2024-09-15
,"San Miguel de
Allende",0,1,0,0,Periodico Correo,2024-09-15
,,1,0,0,0,,2024-09-15
,,0,0,0,0,,2024-09-15
,Yuriria,3,3,0,0,Periodico Correo,2024-09-15
"Guerrero
(1)","Acapulco de
Juarez",0,1,0,0,Quadratin,2024-09-15
,,1,0,0,0,,2024-09-15
,,0,0,0,0,,2024-09-15
"Jalisco
(1)",Magdalena,0,0,1,0,Red Informativa,2024-09-15
,,1,0,0,0,,2024-09-15
,,0,0,0,0,,2024-09-15
"Mexico
(4)",Acolman,1,0,1,0,Reforma,2024-09-15
,"Tlalnepantla
de Baz",0,1,0,0,Jorge Becerril,2024-09-15
,,1,0,0,0,,2024-09-15
,,0,0,0,0,,2024-09-15
,Toluca,1,1,0,0,Quadratin,2024-09-15
,Zinacantepec,1,1,0,0,Quadratin,2024-09-15
"Michoacan de
Ocampo
(1)",Zamora,0,1,0,0,Noventa Grados,2024-09-15
,,1,0,0,0,,2024-09-15
,,0,0,0,0,,2024-09-15
"Nuevo Leon
(1)",Juarez,0,1,0,0,El Tiempo,2024-09-15
,,1,0,0,0,,2024-09-15
,,0,0,0,0,,2024-09-15
"Oaxaca
(2)","Matias Romero
Avendano",0,1,0,0,"Imparcial de
Oaxaca",2024-09-15
,,1,0,0,0,,2024-09-15
,,0,0,0,0,,2024-09-15
,"Oaxaca de
Juarez",0,1,0,0,Debate,2024-09-15
,,1,0,0,0,,2024-09-15
,,0,0,0,0,,2024-09-15
"Puebla
(7)",Amozoc,2,2,0,0,Parabolica,2024-09-15
,Huauchinango,1,1,0,0,Reto Diario,2024-09-15
,Puebla,1,1,0,0,Diario Cambio,2024-09-15
,Tehuacan,1,1,0,0,Cinco Radio,2024-09-15
,Tlapacoya,1,1,0,0,Desde Puebla,2024-09-15
,"Vicente
Guerrero",0,1,0,0,Puebla en Linea,2024-09-15
,,1,0,0,0,,2024-09-15
,,0,0,0,0,,2024-09-15
"San Luis Potosi
(1)",San Luis Potosi,0,1,0,0,"Pulso San Luis
Potosi",2024-09-15
,,1,0,0,0,,2024-09-15
,,0,0,0,0,,2024-09-15
"Sinaloa
(10)",Culiacan,1,0,1,0,Los Noticieristas,2024-09-15
,Culiacan,1,1,0,0,Milenio,2024-09-15
,Culiacan,5,5,0,0,Noroeste,2024-09-15
,Culiacan,2,2,0,0,Noventa Grados,2024-09-15
,Culiacan,1,1,0,0,Satelite Online,2024-09-15
"Tabasco
(1)",Comalcalco,0,1,0,0,El Heroico,2024-09-15
,,1,0,0,0,,2024-09-15
,,0,0,0,0,,2024-09-15
"Yucatan
(1)",Merida,0,1,0,0,Debate,2024-09-15
,,1,0,0,0,,2024-09-15
,,0,0,0,0,,2024-09-15
"Zacatecas
(1)",Zacatecas,0,1,0,0,NTR Zacatecas,2024-09-15
,,1,0,0,0,,2024-09-15
,,0,0,0,0,,2024-09-15
Totales:,,54,48,6,0,,2024-09-15
