Entidad,Municipio,Muertos,Hombre,Mujer,No Identificado,Fuente,Fecha
,,0,0,0,0,,2024-02-28
,,0,0,0,0,,2024-02-28
,,0,0,0,0,,2024-02-28
"Baja
California
(2)",Mexicali,0,1,0,0,"La Voz de la
Frontera",2024-02-28
,,1,0,0,0,,2024-02-28
,,0,0,0,0,,2024-02-28
,Tijuana,1,0,1,0,El Mexicano,2024-02-28
"Chiapas
(1)",Mapastepec,0,1,0,0,Diario del Sur,2024-02-28
,,1,0,0,0,,2024-02-28
,,0,0,0,0,,2024-02-28
"Chihuahua
(2)",Cuauhtemoc,0,2,0,0,La Polaka,2024-02-28
,,2,0,0,0,,2024-02-28
,,0,0,0,0,,2024-02-28
"Ciudad de
Mexico
(2)",Iztapalapa,1,1,0,0,Vanguardia,2024-02-28
,Milpa Alta,0,1,0,0,Diario de Mexico,2024-02-28
,,1,0,0,0,,2024-02-28
,,0,0,0,0,,2024-02-28
"Colima
(1)",Villa de Alvarez,0,1,0,0,Colima Noticias,2024-02-28
,,1,0,0,0,,2024-02-28
,,0,0,0,0,,2024-02-28
"Guanajuato
(6)",Celaya,0,1,0,0,"Informativo
Agora",2024-02-28
,,1,0,0,0,,2024-02-28
,,0,0,0,0,,2024-02-28
,Coroneo,1,1,0,0,Periodico Correo,2024-02-28
,Irapuato,1,1,0,0,Periodico Correo,2024-02-28
,Leon,1,1,0,0,El Sol de Leon,2024-02-28
,Leon,1,1,0,0,Periodico Correo,2024-02-28
,Tarimoro,1,0,0,1,Periodico Correo,2024-02-28
"Jalisco
(4)","San Pedro
Tlaquepaque",0,1,0,0,"Guardia
Nocturna",2024-02-28
,,1,0,0,0,,2024-02-28
,,0,0,0,0,,2024-02-28
,Tonala,1,1,0,0,TV Azteca,2024-02-28
,Zapopan,0,1,0,0,"Guardia
Nocturna",2024-02-28
,,1,0,0,0,,2024-02-28
,,0,0,0,0,,2024-02-28
,Zapotlanejo,1,1,0,0,N+,2024-02-28
"Mexico
(1)",Villa Victoria,0,1,0,0,"A Fondo Estado
de Mexico",2024-02-28
,,1,0,0,0,,2024-02-28
,,0,0,0,0,,2024-02-28
"Michoacan
de Ocampo
(4)",Apatzingan,1,1,0,0,Noventa Grados,2024-02-28
,Morelia,1,1,0,0,Noventa Grados,2024-02-28
,Uruapan,1,1,0,0,Noventa Grados,2024-02-28
,Zamora,1,1,0,0,Noventa Grados,2024-02-28
"Morelos
(8)",Coatlan del Rio,0,0,0,1,"La Union de
Morelos",2024-02-28
,,1,0,0,0,,2024-02-28
,,0,0,0,0,,2024-02-28
,Cuernavaca,1,1,0,0,Diario de Morelos,2024-02-28
,Cuernavaca,2,2,0,0,Diario de Morelos,2024-02-28
,Jiutepec,0,1,0,0,"La Union de
Morelos",2024-02-28
,,1,0,0,0,,2024-02-28
,,0,0,0,0,,2024-02-28
,Xochitepec,0,1,1,0,"La Union de
Morelos",2024-02-28
,,2,0,0,0,,2024-02-28
,,0,0,0,0,,2024-02-28
,Xochitepec,1,1,0,0,Sin Linea,2024-02-28
"Nuevo Leon
(2)",Garcia,1,1,0,0,El Porvenir,2024-02-28
,"San Nicolas de
los Garza",0,1,0,0,El Norte,2024-02-28
,,1,0,0,0,,2024-02-28
,,0,0,0,0,,2024-02-28
"Oaxaca
(1)","San Andres
Huaxpaltepec",0,1,0,0,"El Pinero de la
Cuenca",2024-02-28
,,1,0,0,0,,2024-02-28
,,0,0,0,0,,2024-02-28
"Puebla
(3)",Ajalpan,1,1,0,0,El Sol de Puebla,2024-02-28
,Amozoc,1,0,1,0,e-consulta,2024-02-28
,Puebla,1,0,1,0,e-consulta,2024-02-28
"Quintana
Roo
(2)",Benito Juarez,1,1,0,0,Marcrix Noticias,2024-02-28
,Benito Juarez,0,1,0,0,Noticaribe,2024-02-28
,,1,0,0,0,,2024-02-28
,,0,0,0,0,,2024-02-28
"San Luis
Potosi
(4)",Rayon,0,0,0,2,"Pulso San Luis
Potosi",2024-02-28
,,2,0,0,0,,2024-02-28
,,0,0,0,0,,2024-02-28
,Rioverde,0,1,1,0,"Pulso San Luis
Potosi",2024-02-28
,,2,0,0,0,,2024-02-28
,,0,0,0,0,,2024-02-28
"Sinaloa
(2)",Culiacan,1,0,0,1,EL Sol de Sinaloa,2024-02-28
,Culiacan,1,1,0,0,Rio Doce,2024-02-28
"Sonora
(2)",Cajeme,1,0,1,0,Diario del Yaqui,2024-02-28
,Cajeme,1,1,0,0,Diario del Yaqui,2024-02-28
"Tabasco
(6)",Cardenas,0,0,0,6,Ahora Tabasco,2024-02-28
,,6,0,0,0,,2024-02-28
,,0,0,0,0,,2024-02-28
"Veracruz de
Ignacio de la
Llave
(5)",Acayucan,0,1,0,0,"El Pinero de la
Cuenca",2024-02-28
,,1,0,0,0,,2024-02-28
,,0,0,0,0,,2024-02-28
,"Naranjos
Amatlan",0,3,0,0,"Aristegui
Noticias",2024-02-28
,,3,0,0,0,,2024-02-28
,,0,0,0,0,,2024-02-28
,Tezonapa,1,0,1,0,El Buen Tono,2024-02-28
Zacatecas (2),Fresnillo,0,1,0,0,"Imagen
Zacatecas",2024-02-28
,,1,0,0,0,,2024-02-28
,,0,0,0,0,,2024-02-28
,Villanueva,0,0,0,1,"Imagen
Zacatecas",2024-02-28
,,1,0,0,0,,2024-02-28
,,0,0,0,0,,2024-02-28
Totales:,,60,41,7,12,,2024-02-28
