Entidad,Municipio,Muertos,Hombre,Mujer,No Identificado,Fuente,Fecha
,,0,0,0,0,,2024-03-07
,,0,0,0,0,,2024-03-07
,,0,0,0,0,,2024-03-07
"Baja
California
(3)",Tijuana,1,1,0,0,El Mexicano,2024-03-07
,Tijuana,1,1,0,0,Sintesis TV,2024-03-07
,Tijuana,1,1,0,0,Uniradio Informa,2024-03-07
"Campeche
(1)",Campeche,0,1,0,0,La I Campeche,2024-03-07
,,1,0,0,0,,2024-03-07
,,0,0,0,0,,2024-03-07
"Chiapas
(4)",Tapachula,1,1,0,0,El Diario,2024-03-07
,Tapachula,3,0,0,3,El Universal,2024-03-07
"Chihuahua
(2)",Juarez,0,0,0,2,La Polaka,2024-03-07
,,2,0,0,0,,2024-03-07
,,0,0,0,0,,2024-03-07
"Ciudad de
Mexico
(2)","Alvaro
Obregon",0,1,0,0,La Prensa,2024-03-07
,,1,0,0,0,,2024-03-07
,,0,0,0,0,,2024-03-07
,Iztapalapa,1,1,0,0,Excelsior,2024-03-07
"Colima
(1)",Coquimatlan,0,1,0,0,Colima Noticias,2024-03-07
,,1,0,0,0,,2024-03-07
,,0,0,0,0,,2024-03-07
"Guanajuato
(7)",Celaya,1,1,0,0,El Sol del Bajio,2024-03-07
,Leon,1,1,0,0,El Sol de Leon,2024-03-07
,Leon,1,1,0,0,El Sol de Leon,2024-03-07
,Leon,2,0,0,2,Periodico Correo,2024-03-07
,Salamanca,1,1,0,0,Periodico Correo,2024-03-07
,Salamanca,1,0,1,0,Periodico Correo,2024-03-07
"Guerrero
(3)","Acapulco de
Juarez",0,0,2,0,"Agencia de Noticias
Guerrero",2024-03-07
,,2,0,0,0,,2024-03-07
,,0,0,0,0,,2024-03-07
,"Chilpancingo
de los Bravo",0,0,1,0,Quadratin,2024-03-07
,,1,0,0,0,,2024-03-07
,,0,0,0,0,,2024-03-07
"Hidalgo
(2)","Tula de
Allende",0,2,0,0,El Sol de Hidalgo,2024-03-07
,,2,0,0,0,,2024-03-07
,,0,0,0,0,,2024-03-07
"Jalisco
(3)",Guadalajara,1,0,1,0,Notigram,2024-03-07
,Tonala,1,1,0,0,Guardia Nocturna,2024-03-07
,Zapopan,1,1,0,0,Guardia Nocturna,2024-03-07
"Mexico
(1)",Tultitlan,0,0,1,0,TV Azteca,2024-03-07
,,1,0,0,0,,2024-03-07
,,0,0,0,0,,2024-03-07
"Michoacan
de
Ocampo
(14)",Apatzingan,1,1,0,0,Noventa Grados,2024-03-07
,Apatzingan,1,1,0,0,Quadratin Michoacan,2024-03-07
,Jacona,6,0,0,6,Noventa Grados,2024-03-07
,Morelia,1,0,1,0,Quadratin Michoacan,2024-03-07
,Uruapan,1,1,0,0,Quadratin,2024-03-07
,Uruapan,2,2,0,0,Quadratin,2024-03-07
,Zamora,1,0,1,0,La Voz de Michoacan,2024-03-07
,Zamora,1,1,0,0,Red 113,2024-03-07
"Morelos
(10)",Cuautla,1,0,0,1,Twitter,2024-03-07
,Cuernavaca,1,1,0,0,El Grafico,2024-03-07
,Jiutepec,1,1,0,0,Central de Noticias,2024-03-07
,Tepoztlan,2,2,0,0,Diario de Morelos,2024-03-07
,Yautepec,3,3,0,0,Diario de Morelos,2024-03-07
,Yecapixtla,2,1,1,0,Diario de Morelos,2024-03-07
"Nuevo
Leon
(5)","General
Zuazua",0,2,0,0,El Porvenir,2024-03-07
,,2,0,0,0,,2024-03-07
,,0,0,0,0,,2024-03-07
,Monterrey,1,1,0,0,El Porvenir,2024-03-07
,"San Pedro
Garza Garcia",0,0,1,0,Radio Zocalo,2024-03-07
,,1,0,0,0,,2024-03-07
,,0,0,0,0,,2024-03-07
,"Santa
Catarina",0,1,0,0,Posta,2024-03-07
,,1,0,0,0,,2024-03-07
,,0,0,0,0,,2024-03-07
"Oaxaca
(1)","San Miguel
Panixtlahuaca",0,1,0,0,El Imparcial,2024-03-07
,,1,0,0,0,,2024-03-07
,,0,0,0,0,,2024-03-07
"Puebla
(1)",Puebla,0,0,1,0,El Sol de Puebla,2024-03-07
,,1,0,0,0,,2024-03-07
,,0,0,0,0,,2024-03-07
"Quintana
Roo
(2)",Benito Juarez,1,1,0,0,Meganoticias,2024-03-07
,Solidaridad,0,0,1,0,Marcrix Noticias,2024-03-07
,,1,0,0,0,,2024-03-07
,,0,0,0,0,,2024-03-07
"Sinaloa
(1)",Mazatlan,0,1,0,0,El Sol de Mazatlan,2024-03-07
,,1,0,0,0,,2024-03-07
,,0,0,0,0,,2024-03-07
"Tabasco
(1)",Teapa,0,0,1,0,El Heraldo de Tabasco,2024-03-07
,,1,0,0,0,,2024-03-07
,,0,0,0,0,,2024-03-07
"Veracruz
de Ignacio
de la Llave
(1)",Papantla,0,1,0,0,Diario de Xalapa,2024-03-07
,,1,0,0,0,,2024-03-07
,,0,0,0,0,,2024-03-07
"Zacatecas
(1)",Fresnillo,0,1,0,0,Imagen Zacatecas,2024-03-07
,,1,0,0,0,,2024-03-07
,,0,0,0,0,,2024-03-07
Totales:,,66,39,13,14,,2024-03-07
