Entidad,Municipio,Muertos,Hombre,Mujer,No Identificado,Fuente,Fecha
,,0,0,0,0,,2024-03-27
,,0,0,0,0,,2024-03-27
,,0,0,0,0,,2024-03-27
"Baja
California
(5)",Mexicali,1,1,0,0,La Voz de la Frontera,2024-03-27
,Mexicali,1,0,0,1,Zeta Tijuana,2024-03-27
,Tijuana,1,1,0,0,AFN Tijuana,2024-03-27
,Tijuana,1,1,0,0,El Imparcial,2024-03-27
,Tijuana,1,1,0,0,Uniradio Informa,2024-03-27
"Chiapas
(1)",Huixtla,0,0,1,0,Diario del Sur,2024-03-27
,,1,0,0,0,,2024-03-27
,,0,0,0,0,,2024-03-27
"Chihuahua
(5)",Chihuahua,1,1,0,0,El Diario,2024-03-27
,Cuauhtemoc,1,1,0,0,El Diario de Chihuahua,2024-03-27
,Juarez,1,1,0,0,La Opcion de Chihuahua,2024-03-27
,Juarez,1,1,0,0,La Polaka,2024-03-27
,Juarez,1,1,0,0,Net Noticias,2024-03-27
"Ciudad de
Mexico
(2)",Iztapalapa,1,0,1,0,El Grafico,2024-03-27
,"Venustiano
Carranza",0,0,1,0,Reforma,2024-03-27
,,1,0,0,0,,2024-03-27
,,0,0,0,0,,2024-03-27
"Colima
(2)",Colima,1,1,0,0,Colima Noticias,2024-03-27
,Manzanillo,1,1,0,0,Colima Noticias,2024-03-27
"Guanajuato
(11)",Celaya,2,2,0,0,Noventa Grados,2024-03-27
,Irapuato,2,2,0,0,Noventa Grados,2024-03-27
,Leon,1,0,0,1,El Sol de Leon,2024-03-27
,Leon,1,0,0,1,Periodico Correo,2024-03-27
,Leon,1,1,0,0,Periodico Correo,2024-03-27
,Leon,1,1,0,0,TV Azteca,2024-03-27
,Salvatierra,1,1,0,0,El Sol del Bajio,2024-03-27
,Salvatierra,1,1,0,0,El Sol del Bajio,2024-03-27
,San Felipe,1,1,0,0,Periodico Correo,2024-03-27
"Guerrero
(1)","Acapulco de
Juarez",0,1,0,0,TV Azteca,2024-03-27
,,1,0,0,0,,2024-03-27
,,0,0,0,0,,2024-03-27
"Jalisco
(4)",Ameca,1,1,0,0,24 Horas,2024-03-27
,Zapopan,1,1,0,0,Guardia Nocturna,2024-03-27
,Zapopan,1,1,0,0,Guardia Nocturna,2024-03-27
,Zapopan,1,0,0,1,Guardia Nocturna,2024-03-27
"Mexico
(4)","Cuautitlan
Izcalli",0,0,2,1,El Universal,2024-03-27
,,3,0,0,0,,2024-03-27
,,0,0,0,0,,2024-03-27
,Tultepec,1,1,0,0,Telediario,2024-03-27
Michoacan,Zamora,1,1,0,0,Noventa Grados,2024-03-27
"de Ocampo
(1)",,0,0,0,0,,2024-03-27
"Morelos
(4)",Cuernavaca,1,1,0,0,Noticias de Morelos,2024-03-27
,Xochitepec,2,2,0,0,La Cronica,2024-03-27
,Yautepec,1,1,0,0,Multimagen,2024-03-27
"Oaxaca
(4)","Asuncion
Ixtaltepec",0,2,0,0,Red Informativa,2024-03-27
,,2,0,0,0,,2024-03-27
,,0,0,0,0,,2024-03-27
,"Ciudad
Ixtepec",0,0,1,0,El Imparcial Oaxaca,2024-03-27
,,1,0,0,0,,2024-03-27
,,0,0,0,0,,2024-03-27
,"Villa de
Zaachila",0,1,0,0,El Pinero de la Cuenca,2024-03-27
,,1,0,0,0,,2024-03-27
,,0,0,0,0,,2024-03-27
"Puebla
(3)",Ajalpan,1,1,0,0,El Sol de Puebla,2024-03-27
,Zautla,2,2,0,0,Intolerencia Diario,2024-03-27
"Queretaro
(4)",Queretaro,3,2,1,0,Alerta Qro,2024-03-27
,Queretaro,1,1,0,0,Noticias de Queretaro,2024-03-27
"Quintana
Roo
(2)",Benito Juarez,1,1,0,0,Noticaribe,2024-03-27
,Cozumel,0,1,0,0,Noticaribe,2024-03-27
,,1,0,0,0,,2024-03-27
,,0,0,0,0,,2024-03-27
"San Luis
Potosi
(1)","San Luis
Potosi",0,1,0,0,Pulso San Luis Potosi,2024-03-27
,,1,0,0,0,,2024-03-27
,,0,0,0,0,,2024-03-27
"Sonora
(2)",Cajeme,1,0,0,1,Tribuna,2024-03-27
,"San Luis Rio
Colorado",0,1,0,0,Proyecto Puente,2024-03-27
,,1,0,0,0,,2024-03-27
,,0,0,0,0,,2024-03-27
"Tabasco
(2)",Huimanguillo,1,1,0,0,Tabasco Hoy,2024-03-27
,Teapa,1,1,0,0,Diario Presente,2024-03-27
"Veracruz
de Ignacio
de la Llave
(2)",Huatusco,1,1,0,0,Imagen del Golfo,2024-03-27
,Tlapacoyan,0,1,0,0,Al Calor Politico,2024-03-27
,,1,0,0,0,,2024-03-27
,,0,0,0,0,,2024-03-27
"Yucatan
(1)",Ucu,0,0,0,1,Por Esto!,2024-03-27
,,1,0,0,0,,2024-03-27
,,0,0,0,0,,2024-03-27
Totales:,,61,47,7,7,,2024-03-27
