Entidad,Municipio,Muertos,Hombre,Mujer,No Identificado,Fuente,Fecha
,,0,0,0,0,,2024-03-01
,,0,0,0,0,,2024-03-01
,,0,0,0,0,,2024-03-01
"Baja California
(6)",Tijuana,1,1,0,0,El Mexicano,2024-03-01
,Tijuana,1,1,0,0,El Mexicano,2024-03-01
,Tijuana,1,1,0,0,El Sol de Tijuana,2024-03-01
,Tijuana,1,1,0,0,La Jornada,2024-03-01
,Tijuana,1,1,0,0,Uniradio Informa,2024-03-01
,Tijuana,1,1,0,0,Uniradio Informa,2024-03-01
"Campeche
(1)",Candelaria,0,1,0,0,Estamos Aqui,2024-03-01
,,1,0,0,0,,2024-03-01
,,0,0,0,0,,2024-03-01
"Chiapas
(3)",Huehuetan,1,1,0,0,Canal 13 Chiapas,2024-03-01
,Tapachula,1,1,0,0,Diario del Sur,2024-03-01
,"Tuxtla
Gutierrez",0,1,0,0,Diario de Chiapas,2024-03-01
,,1,0,0,0,,2024-03-01
,,0,0,0,0,,2024-03-01
"Chihuahua
(2)",Chihuahua,0,1,0,0,"El heraldo de
Chihuahua",2024-03-01
,,1,0,0,0,,2024-03-01
,,0,0,0,0,,2024-03-01
,Chihuahua,0,1,0,0,"La Opcion de
Chihuahua",2024-03-01
,,1,0,0,0,,2024-03-01
,,0,0,0,0,,2024-03-01
"Ciudad de
Mexico
(1)","Gustavo A.
Madero",0,1,0,0,A Fondo Edomex,2024-03-01
,,1,0,0,0,,2024-03-01
,,0,0,0,0,,2024-03-01
"Coahuila de
Zaragoza
(1)",Acuna,0,0,1,0,La Voz,2024-03-01
,,1,0,0,0,,2024-03-01
,,0,0,0,0,,2024-03-01
"Colima
(3)",Colima,2,2,0,0,Diario de Colima,2024-03-01
,Villa de Alvarez,1,0,0,1,Colima al dia,2024-03-01
"Guanajuato
(6)",Celaya,1,1,0,0,Celaya News,2024-03-01
,Celaya,1,1,0,0,Noventa Grados,2024-03-01
,Celaya,1,1,0,0,Noventa Grados,2024-03-01
,Irapuato,1,0,0,1,El Sol de Irapuato,2024-03-01
,Leon,1,1,0,0,Noticias,2024-03-01
,Penjamo,1,1,0,0,Periodico Correo,2024-03-01
"Guerrero
(2)","Acapulco de
Juarez",0,1,0,0,"Agencia de Noticias
Guerrero",2024-03-01
,,1,0,0,0,,2024-03-01
,,0,0,0,0,,2024-03-01
,"Tecpan de
Galeana",0,1,0,0,Quadratin,2024-03-01
,,1,0,0,0,,2024-03-01
,,0,0,0,0,,2024-03-01
"Jalisco
(1)",Guadalajara,0,1,0,0,El Diario NTR,2024-03-01
,,1,0,0,0,,2024-03-01
,,0,0,0,0,,2024-03-01
Mexico,Toluca,1,0,0,1,Milenio,2024-03-01
(2),Zinacantepec,1,1,0,0,La Prensa,2024-03-01
"Michoacan de
Ocampo
(7)",Aguililla,2,2,0,0,Infobae,2024-03-01
,Morelia,1,1,0,0,Red 113,2024-03-01
,Uruapan,1,1,0,0,Noventa Grados,2024-03-01
,Zamora,1,1,0,0,Noventa Grados,2024-03-01
,Zamora,1,1,0,0,Noventa Grados,2024-03-01
,Zamora,1,1,0,0,Red 113,2024-03-01
"Morelos
(1)","Emiliano
Zapata",0,1,0,0,Central de Noticias,2024-03-01
,,1,0,0,0,,2024-03-01
,,0,0,0,0,,2024-03-01
"Nayarit
(1)",Ixtlan del Rio,0,1,0,0,NTV,2024-03-01
,,1,0,0,0,,2024-03-01
,,0,0,0,0,,2024-03-01
"Nuevo Leon
(1)",Guadalupe,0,1,0,0,Posta,2024-03-01
,,1,0,0,0,,2024-03-01
,,0,0,0,0,,2024-03-01
"Puebla
(2)",Ocoyucan,1,0,0,1,Central de Noticias,2024-03-01
,Puebla,1,1,0,0,TV Azteca,2024-03-01
"Queretaro
(3)",Corregidora,2,0,0,2,Diario de Queretaro,2024-03-01
,"San Juan del
Rio",0,0,0,1,"El Sol de San Juan
Del Rio",2024-03-01
,,1,0,0,0,,2024-03-01
,,0,0,0,0,,2024-03-01
"Quintana Roo
(3)",Tulum,2,2,0,0,De Peso,2024-03-01
,Tulum,1,1,0,0,Por Esto!,2024-03-01
"San Luis Potosi
(1)","Santo
Domingo",0,1,0,0,"Pulso San Luis
Potosi",2024-03-01
,,1,0,0,0,,2024-03-01
,,0,0,0,0,,2024-03-01
"Sonora
(2)","San Luis Rio
Colorado",0,2,0,0,Columna Ocho,2024-03-01
,,2,0,0,0,,2024-03-01
,,0,0,0,0,,2024-03-01
"Tabasco
(1)",Comalcalco,0,0,0,1,XEVT,2024-03-01
,,1,0,0,0,,2024-03-01
,,0,0,0,0,,2024-03-01
"Tamaulipas
(2)",Reynosa,1,0,0,1,El Manana,2024-03-01
,Reynosa,1,1,0,0,Hoy Tamaulipas,2024-03-01
"Veracruz de
Ignacio de la
Llave
(1)",Yanga,0,1,0,0,Imagen del Golfo,2024-03-01
,,1,0,0,0,,2024-03-01
,,0,0,0,0,,2024-03-01
Totales:,,53,43,1,9,,2024-03-01
Homicidios Culposos,,0,0,0,0,,2024-03-01
,,0,0,0,0,,2024-03-01
,,0,0,0,0,,2024-03-01
,,0,0,0,0,,2024-03-01
"Aguascalientes
(1)",Aguascalientes,0,1,0,0,El Sol del Centro,2024-03-01
,,1,0,0,0,,2024-03-01
,,0,0,0,0,,2024-03-01
"Campeche
(1)",Escarcega,0,1,0,0,Por Esto!,2024-03-01
,,1,0,0,0,,2024-03-01
,,0,0,0,0,,2024-03-01
"Chihuahua
(2)",Chihuahua,0,2,0,0,"El Diario de
Chihuahua",2024-03-01
,,2,0,0,0,,2024-03-01
,,0,0,0,0,,2024-03-01
"Colima
(2)",Tecoman,0,1,1,0,Colima Noticias,2024-03-01
,,2,0,0,0,,2024-03-01
,,0,0,0,0,,2024-03-01
"Durango
(1)",Ocampo,0,1,0,0,Codigo 13,2024-03-01
,,1,0,0,0,,2024-03-01
,,0,0,0,0,,2024-03-01
"Guanajuato
(1)",Leon,0,1,0,0,El Sol de Leon,2024-03-01
,,1,0,0,0,,2024-03-01
,,0,0,0,0,,2024-03-01
"Tlaxcala
(2)",Tlaxcala,0,0,1,1,El Sol de Tlaxcala,2024-03-01
,,2,0,0,0,,2024-03-01
,,0,0,0,0,,2024-03-01
"Veracruz de
Ignacio de la
Llave
(1)",Veracruz,0,0,1,0,"El Pinero de la
Cuenca",2024-03-01
,,1,0,0,0,,2024-03-01
,,0,0,0,0,,2024-03-01
Totales:,,11,7,3,1,,2024-03-01
