Entidad,Municipio,Muertos,Hombre,Mujer,No Identificado,Fuente,Fecha
,,0,0,0,0,,2024-05-20
,,0,0,0,0,,2024-05-20
,,0,0,0,0,,2024-05-20
"Baja
California
(9)",Mexicali,1,1,0,0,La Voz de la Frontera,2024-05-20
,San Quintin,2,2,0,0,Zeta Tijuana,2024-05-20
,Tijuana,1,1,0,0,Uniradio Informa,2024-05-20
,Tijuana,1,1,0,0,Uniradio Informa,2024-05-20
,Tijuana,1,1,0,0,Uniradio Informa,2024-05-20
,Tijuana,1,1,0,0,Uniradio Informa,2024-05-20
,Tijuana,1,1,0,0,Uniradio Informa,2024-05-20
,Tijuana,1,1,0,0,Uniradio Informa,2024-05-20
"Chiapas
(1)","Rincon
Chamula San
Pedro",0,1,0,0,El Financiero,2024-05-20
,,1,0,0,0,,2024-05-20
,,0,0,0,0,,2024-05-20
"Chihuahua
(3)",Cuauhtemoc,1,1,0,0,El Diario de Chihuahua,2024-05-20
,Juarez,1,1,0,0,El Diario,2024-05-20
,Juarez,1,1,0,0,El Diario de Chihuahua,2024-05-20
"Coahuila
de
Zaragoza
(1)",Torreon,0,0,1,0,XEU Noticias,2024-05-20
,,1,0,0,0,,2024-05-20
,,0,0,0,0,,2024-05-20
"Durango
(2)","Panuco de
Coronado",0,0,1,0,El Siglo de Durango,2024-05-20
,,1,0,0,0,,2024-05-20
,,0,0,0,0,,2024-05-20
,Tlahualilo,1,1,0,0,El Siglo de Torreon,2024-05-20
"Guanajuato
(10)",Acambaro,1,1,0,0,El Sol del Bajio,2024-05-20
,Irapuato,1,1,0,0,El Sol de Irapuato,2024-05-20
,Irapuato,1,1,0,0,Periodico Correo,2024-05-20
,Leon,1,1,0,0,El Sol de Leon,2024-05-20
,Leon,1,1,0,0,El Sol de Leon,2024-05-20
,Leon,2,2,0,0,Noticias Vespertinas,2024-05-20
,Leon,1,1,0,0,Periodico Correo,2024-05-20
,Salamanca,1,1,0,0,El Sol de Salamanca,2024-05-20
,"San Francisco
del Rincon",0,1,0,0,El Sol de Leon,2024-05-20
,,1,0,0,0,,2024-05-20
,,0,0,0,0,,2024-05-20
"Guerrero
(6)","Acapulco de
Juarez",0,1,0,0,El Sol de Acapulco,2024-05-20
,,1,0,0,0,,2024-05-20
,,0,0,0,0,,2024-05-20
,"Acapulco de
Juarez",0,1,0,0,El Sol de Acapulco,2024-05-20
,,1,0,0,0,,2024-05-20
,,0,0,0,0,,2024-05-20
,"Acapulco de
Juarez",0,3,1,0,Quadratin,2024-05-20
,,4,0,0,0,,2024-05-20
,,0,0,0,0,,2024-05-20
"Hidalgo
(1)","Pachuca de
Soto",0,1,0,0,Criterio Hidalgo,2024-05-20
,,1,0,0,0,,2024-05-20
,,0,0,0,0,,2024-05-20
"Jalisco
(12)",El Salto,5,3,2,0,Telediario,2024-05-20
,Guadalajara,1,1,0,0,Guardia Nocturna,2024-05-20
,Guadalajara,1,1,0,0,Guardia Nocturna,2024-05-20
,Guadalajara,1,0,1,0,Telediario,2024-05-20
,"San Pedro
Tlaquepaque",0,1,0,0,Telediario,2024-05-20
,,1,0,0,0,,2024-05-20
,,0,0,0,0,,2024-05-20
,"San Pedro
Tlaquepaque",0,1,0,0,Telediario,2024-05-20
,,1,0,0,0,,2024-05-20
,,0,0,0,0,,2024-05-20
,"Tlajomulco de
Zuniga",0,1,0,0,Guardia Nocturna,2024-05-20
,,1,0,0,0,,2024-05-20
,,0,0,0,0,,2024-05-20
,Zapopan,1,0,1,0,Guardia Nocturna,2024-05-20
"Mexico
(1)","Almoloya del
Rio",0,0,0,1,DigitalMex,2024-05-20
,,1,0,0,0,,2024-05-20
,,0,0,0,0,,2024-05-20
"Michoacan
de
Ocampo
(7)",Hidalgo,1,1,0,0,La Voz de Michoacan,2024-05-20
,Hidalgo,1,1,0,0,Noventa Grados,2024-05-20
,Jacona,2,2,0,0,Noventa Grados,2024-05-20
,Mugica,1,1,0,0,Noventa Grados,2024-05-20
,Uruapan,1,0,1,0,Quadratin,2024-05-20
,Uruapan,1,1,0,0,Quadratin,2024-05-20
"Morelos
(4)",Cuautla,1,1,0,0,La Union de Morelos,2024-05-20
,"Emiliano
Zapata",0,1,0,0,La Union de Morelos,2024-05-20
,,1,0,0,0,,2024-05-20
,,0,0,0,0,,2024-05-20
,Xochitepec,1,1,0,0,Punto por Punto,2024-05-20
,Zacatepec,1,1,0,0,Sin Linea,2024-05-20
"Nuevo
Leon
(2)","General
Escobedo",0,1,0,0,El Porvenir,2024-05-20
,,1,0,0,0,,2024-05-20
,,0,0,0,0,,2024-05-20
,Pesqueria,1,1,0,0,Posta,2024-05-20
"Puebla
(5)",Acatlan,2,2,0,0,Periodico Central,2024-05-20
,Huejotzingo,1,1,0,0,Municipios,2024-05-20
,Puebla,1,0,0,1,La Razon,2024-05-20
,Puebla,1,0,0,1,Puebla Roja,2024-05-20
"Queretaro
(2)","Pedro
Escobedo",0,1,0,0,El Sol de San Juan Del Rio,2024-05-20
,,1,0,0,0,,2024-05-20
,,0,0,0,0,,2024-05-20
,Queretaro,1,1,0,0,Noventa Grados,2024-05-20
"Quintana
Roo
(4)",Benito Juarez,2,2,0,0,Periodico Quequi,2024-05-20
,Benito Juarez,1,1,0,0,Periodico Quequi,2024-05-20
,Solidaridad,1,1,0,0,Quadratin,2024-05-20
"San Luis
Potosi
(2)",Ciudad Valles,1,1,0,0,Sintesis,2024-05-20
,"San Luis
Potosi",0,1,0,0,Metropoli San Luis,2024-05-20
,,1,0,0,0,,2024-05-20
,,0,0,0,0,,2024-05-20
"Sinaloa
(2)",Culiacan,1,1,0,0,Lopez Doriga,2024-05-20
,Mazatlan,1,1,0,0,Vivavoz,2024-05-20
"Sonora
(10)",Nogales,7,7,0,0,El Universal,2024-05-20
,Nogales,1,1,0,0,Uniradio Informa,2024-05-20
,Nogales,2,0,0,2,Uniradio Informa,2024-05-20
"Tlaxcala
(1)","Apetatitlan de
Antonio
Carvajal",0,1,0,0,Callejero,2024-05-20
,,1,0,0,0,,2024-05-20
,,0,0,0,0,,2024-05-20
"Veracruz
de Ignacio
de la Llave
(5)",Alvarado,1,0,1,0,La Silla Rota,2024-05-20
,Catemaco,1,0,1,0,La Silla Rota,2024-05-20
,Jalcomulco,1,0,1,0,La Silla Rota,2024-05-20
,"Santiago
Tuxtla",0,1,0,0,Al Calor Politico,2024-05-20
,,1,0,0,0,,2024-05-20
,,0,0,0,0,,2024-05-20
,"Santiago
Tuxtla",0,0,1,0,El Pinero de la Cuenca,2024-05-20
,,1,0,0,0,,2024-05-20
,,0,0,0,0,,2024-05-20
Totales:,,90,73,12,5,,2024-05-20
