Entidad,Municipio,Muertos,Hombre,Mujer,No Identificado,Fuente,Fecha
,,0,0,0,0,,2024-04-06
,,0,0,0,0,,2024-04-06
,,0,0,0,0,,2024-04-06
"Aguascalientes
(1)",Jesus Maria,0,1,0,0,El Clarinete,2024-04-06
,,1,0,0,0,,2024-04-06
,,0,0,0,0,,2024-04-06
"Baja California
(5)",Tijuana,1,1,0,0,El Mexicano,2024-04-06
,Tijuana,1,1,0,0,Esquina 32,2024-04-06
,Tijuana,1,1,0,0,Uniradio Informa,2024-04-06
,Tijuana,1,1,0,0,Uniradio Informa,2024-04-06
,Tijuana,1,1,0,0,Uniradio Informa,2024-04-06
"Chihuahua
(6)",Aldama,1,1,0,0,La Opcion,2024-04-06
,Cuauhtemoc,2,2,0,0,La Paradoja,2024-04-06
,Juarez,3,3,0,0,Net Noticias,2024-04-06
"Guanajuato
(5)",Irapuato,1,1,0,0,Periodico Correo,2024-04-06
,Leon,1,1,0,0,Pagina Central,2024-04-06
,Leon,1,1,0,0,Ultimas Noticias,2024-04-06
,Penjamo,1,0,1,0,Periodico Correo,2024-04-06
,"Purisima del
Rincon",0,1,0,0,AM,2024-04-06
,,1,0,0,0,,2024-04-06
,,0,0,0,0,,2024-04-06
"Guerrero
(4)","Acapulco de
Juarez",0,1,0,0,Quadratin,2024-04-06
,,1,0,0,0,,2024-04-06
,,0,0,0,0,,2024-04-06
,"Acapulco de
Juarez",0,1,1,0,Sur Acapulco,2024-04-06
,,2,0,0,0,,2024-04-06
,,0,0,0,0,,2024-04-06
,"Acapulco de
Juarez",0,1,0,0,Sur Acapulco,2024-04-06
,,1,0,0,0,,2024-04-06
,,0,0,0,0,,2024-04-06
"Jalisco
(3)",Guadalajara,1,1,0,0,Debate,2024-04-06
,Guadalajara,1,1,0,0,Debate,2024-04-06
,"Tlajomulco de
Zuniga",0,1,0,0,Debate,2024-04-06
,,1,0,0,0,,2024-04-06
,,0,0,0,0,,2024-04-06
"Mexico
(2)",Chalco,1,1,0,0,La Prensa,2024-04-06
,Nezahualcoyotl,1,1,0,0,A Fondo Edomex,2024-04-06
"Michoacan de
Ocampo
(5)",Apatzingan,1,1,0,0,Red 113,2024-04-06
,Apatzingan,1,1,0,0,Red 113,2024-04-06
,Apatzingan,1,1,0,0,Red 113,2024-04-06
,Morelia,1,1,0,0,El Sol de Morelia,2024-04-06
,Zamora,1,1,0,0,Contramuro,2024-04-06
"Morelos
(2)",Cuautla,1,1,0,0,Diario de Morelos,2024-04-06
,Jiutepec,1,1,0,0,Diario de Morelos,2024-04-06
"Oaxaca
(1)","San Pedro
Mixtepec_ (26)",0,1,0,0,"El Pinero de la
Cuenca",2024-04-06
,,1,0,0,0,,2024-04-06
,,0,0,0,0,,2024-04-06
"Puebla
(4)",Cuautinchan,1,1,0,0,Puebla en Linea,2024-04-06
,Puebla,3,2,1,0,Callejero,2024-04-06
"Quintana Roo
(4)",Benito Juarez,1,1,0,0,Saber Politico,2024-04-06
,"Othon P.
Blanco",0,1,0,0,Meganoticias,2024-04-06
,,1,0,0,0,,2024-04-06
,,0,0,0,0,,2024-04-06
,"Othon P.
Blanco",0,1,0,0,Sipse,2024-04-06
,,1,0,0,0,,2024-04-06
,,0,0,0,0,,2024-04-06
,"Othon P.
Blanco",0,1,0,0,Sipse,2024-04-06
,,1,0,0,0,,2024-04-06
,,0,0,0,0,,2024-04-06
"San Luis Potosi
(2)",Tamasopo,0,2,0,0,Milenio,2024-04-06
,,2,0,0,0,,2024-04-06
,,0,0,0,0,,2024-04-06
"Sinaloa
(3)",Culiacan,1,1,0,0,Reflectores MX,2024-04-06
,Mazatlan,1,1,0,0,El Universal,2024-04-06
,Mazatlan,1,1,0,0,El Universal,2024-04-06
"Sonora
(5)",Cajeme,1,1,0,0,Diario del Yaqui,2024-04-06
,Nogales,4,4,0,0,El Universal,2024-04-06
"Tabasco
(1)",Cunduacan,0,1,0,0,"El Heraldo de
Tabasco",2024-04-06
,,1,0,0,0,,2024-04-06
,,0,0,0,0,,2024-04-06
"Veracruz de
Ignacio de la
Llave
(5)","Martinez de la
Torre",0,0,1,0,Cambio,2024-04-06
,,1,0,0,0,,2024-04-06
,,0,0,0,0,,2024-04-06
,Omealca,1,1,0,0,El Buen Tono,2024-04-06
,Platon Sanchez,1,1,0,0,Enlace,2024-04-06
,San Rafael,1,1,0,0,Golpe Politico,2024-04-06
,Tantoyuca,0,1,0,0,"El Pinero de la
Cuenca",2024-04-06
,,1,0,0,0,,2024-04-06
,,0,0,0,0,,2024-04-06
"Yucatan
(2)",Merida,1,1,0,0,De Peso,2024-04-06
,Merida,1,0,1,0,Estamos Aqui,2024-04-06
"Zacatecas
(1)",Guadalupe,0,1,0,0,NTR Zacatecas,2024-04-06
,,1,0,0,0,,2024-04-06
,,0,0,0,0,,2024-04-06
Totales:,,61,56,5,0,,2024-04-06
