Entidad,Municipio,Muertos,Hombre,Mujer,No Identificado,Fuente,Fecha
,,0,0,0,0,,2024-08-16
,,0,0,0,0,,2024-08-16
,,0,0,0,0,,2024-08-16
"Aguascalientes
(3)",Aguascalientes,1,1,0,0,Facebook,2024-08-16
,Asientos,2,0,0,2,El Sol del Centro,2024-08-16
"Baja California
(6)",Tijuana,1,0,0,1,AFN Tijuana,2024-08-16
,Tijuana,1,1,0,0,El Mexicano,2024-08-16
,Tijuana,1,1,0,0,PSN en Linea,2024-08-16
,Tijuana,1,1,0,0,Uniradio Informa,2024-08-16
,Tijuana,1,1,0,0,Uniradio Informa,2024-08-16
,Tijuana,1,1,0,0,Uniradio Informa,2024-08-16
"Chiapas
(2)","Benemerito de
las Americas",0,1,0,0,El Sol del Sureste,2024-08-16
,,1,0,0,0,,2024-08-16
,,0,0,0,0,,2024-08-16
,Chamula,1,1,0,0,TV Azteca,2024-08-16
"Chihuahua
(6)",Allende,0,1,0,0,"El Diario de
Chihuahua",2024-08-16
,,1,0,0,0,,2024-08-16
,,0,0,0,0,,2024-08-16
,Chihuahua,0,1,0,0,"El heraldo de
Chihuahua",2024-08-16
,,1,0,0,0,,2024-08-16
,,0,0,0,0,,2024-08-16
,Chihuahua,0,0,1,0,"La Opcion de
Chihuahua",2024-08-16
,,1,0,0,0,,2024-08-16
,,0,0,0,0,,2024-08-16
,"Hidalgo del
Parral",0,1,0,0,"La Opcion de
Chihuahua",2024-08-16
,,1,0,0,0,,2024-08-16
,,0,0,0,0,,2024-08-16
,Juarez,0,0,1,0,"La Opcion de
Chihuahua",2024-08-16
,,1,0,0,0,,2024-08-16
,,0,0,0,0,,2024-08-16
,Juarez,1,1,0,0,La Polaka,2024-08-16
"Ciudad de
Mexico
(1)",Coyoacan,0,1,0,0,La Prensa,2024-08-16
,,1,0,0,0,,2024-08-16
,,0,0,0,0,,2024-08-16
"Colima
(2)",Colima,1,1,0,0,Contexto Colima,2024-08-16
,Colima,1,1,0,0,Diario de Colima,2024-08-16
"Guanajuato
(12)",Celaya,1,1,0,0,Celaya News,2024-08-16
,Cortazar,1,1,0,0,El Sol del Bajio,2024-08-16
,Leon,1,1,0,0,AM,2024-08-16
,Leon,1,1,0,0,AM,2024-08-16
,Leon,1,0,1,0,Periodico Correo,2024-08-16
,Salamanca,4,0,0,4,El Sol de Salamanca,2024-08-16
,"Valle de
Santiago",0,3,0,0,AM,2024-08-16
,,3,0,0,0,,2024-08-16
,,0,0,0,0,,2024-08-16
"Guerrero
(2)","Acapulco de
Juarez",0,0,0,1,Alarma Guerrero,2024-08-16
,,1,0,0,0,,2024-08-16
,,0,0,0,0,,2024-08-16
,"Chilpancingo
de los Bravo",0,0,1,0,El Sur,2024-08-16
,,1,0,0,0,,2024-08-16
,,0,0,0,0,,2024-08-16
"Hidalgo
(1)","Tulancingo de
Bravo",0,0,1,0,El Universal,2024-08-16
,,1,0,0,0,,2024-08-16
,,0,0,0,0,,2024-08-16
"Jalisco
(1)","Tlajomulco de
Zuniga",0,1,0,0,Guardia Nocturna,2024-08-16
,,1,0,0,0,,2024-08-16
,,0,0,0,0,,2024-08-16
"Mexico
(6)",Aculco,0,0,1,0,"A Fondo Estado de
Mexico",2024-08-16
,,1,0,0,0,,2024-08-16
,,0,0,0,0,,2024-08-16
,Aculco,0,2,0,0,"A Fondo Estado de
Mexico",2024-08-16
,,2,0,0,0,,2024-08-16
,,0,0,0,0,,2024-08-16
,Huehuetoca,2,2,0,0,La Prensa,2024-08-16
,Nezahualcoyotl,1,1,0,0,La Prensa,2024-08-16
"Michoacan de
Ocampo
(1)",Uruapan,0,1,0,0,"PCM Agencia de
Noticias",2024-08-16
,,1,0,0,0,,2024-08-16
,,0,0,0,0,,2024-08-16
"Morelos
(3)",Axochiapan,1,1,0,0,La Union,2024-08-16
,Cuautla,1,1,0,0,Noti Expres,2024-08-16
,Cuernavaca,1,1,0,0,El Sol de Cuernavaca,2024-08-16
"Nayarit
(1)",Tepic,0,0,1,0,NTV,2024-08-16
,,1,0,0,0,,2024-08-16
,,0,0,0,0,,2024-08-16
"Nuevo Leon
(4)",Guadalupe,2,2,0,0,ABC Noticias,2024-08-16
,Monterrey,1,1,0,0,El Porvenir,2024-08-16
,"San Nicolas de
los Garza",0,1,0,0,Telediario,2024-08-16
,,1,0,0,0,,2024-08-16
,,0,0,0,0,,2024-08-16
"Oaxaca
(3)","Miahuatlan de
Porfirio Diaz",0,1,0,0,Entidad Oaxaca,2024-08-16
,,1,0,0,0,,2024-08-16
,,0,0,0,0,,2024-08-16
,"Miahuatlan de
Porfirio Diaz",0,1,0,0,Imparcial de Oaxaca,2024-08-16
,,1,0,0,0,,2024-08-16
,,0,0,0,0,,2024-08-16
,"Miahuatlan de
Porfirio Diaz",0,0,1,0,Imparcial de Oaxaca,2024-08-16
,,1,0,0,0,,2024-08-16
,,0,0,0,0,,2024-08-16
"Puebla
(7)",Acatzingo,1,0,0,1,Callejero,2024-08-16
,Chiautla,1,1,0,0,Municipios Puebla,2024-08-16
,Chiautla,3,3,0,0,Puebla Roja,2024-08-16
,Chignahuapan,1,1,0,0,Urbano Puebla,2024-08-16
,"San Martin
Texmelucan",0,1,0,0,Diario Cambio,2024-08-16
,,1,0,0,0,,2024-08-16
,,0,0,0,0,,2024-08-16
"Quintana Roo
(3)",Benito Juarez,1,1,0,0,DigitalMex,2024-08-16
,Benito Juarez,2,2,0,0,Noticaribe,2024-08-16
"Sinaloa
(3)",Ahome,1,0,0,1,Twitter,2024-08-16
,Culiacan,1,1,0,0,Cafe Negro Portal,2024-08-16
,Rosario,1,1,0,0,Entre Veredas,2024-08-16
"Sonora
(1)",Cajeme,0,1,0,0,Tribuna,2024-08-16
,,1,0,0,0,,2024-08-16
,,0,0,0,0,,2024-08-16
"Tabasco
(3)",Cardenas,0,0,1,0,"El Heraldo de
Tabasco",2024-08-16
,,1,0,0,0,,2024-08-16
,,0,0,0,0,,2024-08-16
,Centla,1,1,0,0,Tabasco Hoy,2024-08-16
,Comalcalco,0,1,0,0,"El Heraldo de
Tabasco",2024-08-16
,,1,0,0,0,,2024-08-16
,,0,0,0,0,,2024-08-16
"Tlaxcala
(2)",Tlaxco,0,2,0,0,Alerta Vigilante,2024-08-16
,,2,0,0,0,,2024-08-16
,,0,0,0,0,,2024-08-16
"Veracruz de
Ignacio de la
Llave
(1)","Mariano
Escobedo",0,1,0,0,La Jornada,2024-08-16
,,1,0,0,0,,2024-08-16
,,0,0,0,0,,2024-08-16
Totales:,,74,55,9,10,,2024-08-16
