Entidad,Municipio,Muertos,Hombre,Mujer,No Identificado,Fuente,Fecha
,,0,0,0,0,,2024-07-26
,,0,0,0,0,,2024-07-26
,,0,0,0,0,,2024-07-26
"Baja
California
(4)",Tijuana,1,1,0,0,La Jornada,2024-07-26
,Tijuana,1,1,0,0,Uniradio Informa,2024-07-26
,Tijuana,1,0,0,1,Uniradio Informa,2024-07-26
,Tijuana,1,1,0,0,Uniradio Informa,2024-07-26
"Chiapas
(5)",Cacahoatan,1,1,0,0,Diario del Sur,2024-07-26
,Simojovel,2,2,0,0,Diario de Chiapas,2024-07-26
,Tapachula,1,1,0,0,Diario del Sur,2024-07-26
,Tapachula,1,0,0,1,Diario del Sur,2024-07-26
"Chihuahua
(5)",Juarez,1,1,0,0,El Diario de Chihuahua,2024-07-26
,Juarez,1,1,0,0,La Opcion de Chihuahua,2024-07-26
,Juarez,3,3,0,0,Puente Libre,2024-07-26
"Ciudad de
Mexico
(1)","Gustavo A.
Madero",0,1,0,0,Milenio,2024-07-26
,,1,0,0,0,,2024-07-26
,,0,0,0,0,,2024-07-26
"Coahuila
de
Zaragoza
(1)",Arteaga,0,1,0,0,Vanguardia,2024-07-26
,,1,0,0,0,,2024-07-26
,,0,0,0,0,,2024-07-26
"Colima
(5)",Colima,2,2,0,0,Colima Noticias,2024-07-26
,Colima,1,1,0,0,Colima Noticias,2024-07-26
,"Villa de
Alvarez",0,1,0,0,Colima Noticias,2024-07-26
,,1,0,0,0,,2024-07-26
,,0,0,0,0,,2024-07-26
,"Villa de
Alvarez",0,1,0,0,Diario de Colima,2024-07-26
,,1,0,0,0,,2024-07-26
,,0,0,0,0,,2024-07-26
"Durango
(1)",Durango,0,0,1,0,El Siglo de Durango,2024-07-26
,,1,0,0,0,,2024-07-26
,,0,0,0,0,,2024-07-26
"Guanajuato
(3)",Leon,1,1,0,0,El Sol de Leon,2024-07-26
,Salvatierra,1,1,0,0,Periodico Correo,2024-07-26
,"Silao de la
Victoria",0,0,0,1,Periodico Correo,2024-07-26
,,1,0,0,0,,2024-07-26
,,0,0,0,0,,2024-07-26
"Guerrero
(3)","Acapulco de
Juarez",0,2,0,0,Sur Acapulco,2024-07-26
,,2,0,0,0,,2024-07-26
,,0,0,0,0,,2024-07-26
,Petatlan,1,1,0,0,Meganoticias,2024-07-26
"Hidalgo
(1)",Apan,0,0,0,1,Criterio Hidalgo,2024-07-26
,,1,0,0,0,,2024-07-26
,,0,0,0,0,,2024-07-26
Jalisco,Guadalajara,1,1,0,0,Guardia Nocturna,2024-07-26
(5),"San Pedro
Tlaquepaque",0,1,0,0,Guardia Nocturna,2024-07-26
,,1,0,0,0,,2024-07-26
,,0,0,0,0,,2024-07-26
,"Tlajomulco de
Zuniga",0,1,0,0,Guardia Nocturna,2024-07-26
,,1,0,0,0,,2024-07-26
,,0,0,0,0,,2024-07-26
,Zapopan,1,1,0,0,Guardia Nocturna,2024-07-26
,Zapopan,1,0,0,1,Telediario,2024-07-26
"Mexico
(4)","Ecatepec de
Morelos",0,0,1,0,La Prensa,2024-07-26
,,1,0,0,0,,2024-07-26
,,0,0,0,0,,2024-07-26
,"Ecatepec de
Morelos",0,2,0,0,La Prensa,2024-07-26
,,2,0,0,0,,2024-07-26
,,0,0,0,0,,2024-07-26
,Tepotzotlan,1,0,1,0,La Prensa,2024-07-26
"Michoacan
de
Ocampo
(1)",Uruapan,0,1,0,0,Noventa Grados,2024-07-26
,,1,0,0,0,,2024-07-26
,,0,0,0,0,,2024-07-26
"Morelos
(3)",Cuautla,1,1,0,0,La Union de Morelos,2024-07-26
,Jiutepec,1,1,0,0,Diario de Morelos,2024-07-26
,Yecapixtla,1,1,0,0,La Union de Morelos,2024-07-26
"Nuevo
Leon
(5)",Apodaca,1,1,0,0,Telediario,2024-07-26
,Garcia,1,1,0,0,Milenio,2024-07-26
,"General
Escobedo",0,1,0,0,Telediario,2024-07-26
,,1,0,0,0,,2024-07-26
,,0,0,0,0,,2024-07-26
,Juarez,1,1,0,0,Telediario,2024-07-26
,Monterrey,1,1,0,0,Milenio,2024-07-26
"Oaxaca
(5)","Juchitan de
Zaragoza",0,4,0,0,Quadratin,2024-07-26
,,4,0,0,0,,2024-07-26
,,0,0,0,0,,2024-07-26
,"Santiago
Pinotepa
Nacional",0,1,0,0,El Pinero de la Cuenca,2024-07-26
,,1,0,0,0,,2024-07-26
,,0,0,0,0,,2024-07-26
"Puebla
(3)",Chietla,1,1,0,0,Intolerencia Diario,2024-07-26
,Coronango,1,1,0,0,El Sol de Puebla,2024-07-26
,Cuautlancingo,1,0,1,0,Intolerencia Diario,2024-07-26
"Quintana
Roo
(2)",Benito Juarez,1,1,0,0,Noticaribe,2024-07-26
,Solidaridad,0,1,0,0,"Novedades de Quintana
Roo",2024-07-26
,,1,0,0,0,,2024-07-26
,,0,0,0,0,,2024-07-26
"San Luis
Potosi
(2)","San Luis
Potosi",0,2,0,0,Tribuna de San Luis,2024-07-26
,,2,0,0,0,,2024-07-26
,,0,0,0,0,,2024-07-26
"Sinaloa
(2)",Culiacan,1,1,0,0,Linea Directa,2024-07-26
,Culiacan,1,1,0,0,Noventa Grados,2024-07-26
"Sonora
(3)",Cajeme,1,1,0,0,Medios Obson,2024-07-26
,"San Luis Rio
Colorado",0,2,0,0,Entorno Informativo,2024-07-26
,,2,0,0,0,,2024-07-26
,,0,0,0,0,,2024-07-26
"Veracruz
de Ignacio
de la Llave
(4)",Atzacan,1,1,0,0,El Pinero de la Cuenca,2024-07-26
,Fortin,0,3,0,0,La Silla Rota,2024-07-26
,,3,0,0,0,,2024-07-26
,,0,0,0,0,,2024-07-26
"Zacatecas
(5)",Villanueva,0,0,0,5,Imagen Zacatecas,2024-07-26
,,5,0,0,0,,2024-07-26
,,0,0,0,0,,2024-07-26
Totales:,,73,59,4,10,,2024-07-26
