Entidad,Municipio,Muertos,Hombre,Mujer,No Identificado,Fuente,Fecha
,,0,0,0,0,,2024-08-13
,,0,0,0,0,,2024-08-13
,,0,0,0,0,,2024-08-13
"Baja California
(8)",Tijuana,1,0,1,0,AFN Tijuana,2024-08-13
,Tijuana,1,1,0,0,AFN Tijuana,2024-08-13
,Tijuana,1,1,0,0,AFN Tijuana,2024-08-13
,Tijuana,1,1,0,0,Alfredoalvarez.mx,2024-08-13
,Tijuana,1,1,0,0,Alfredoalvarez.mx,2024-08-13
,Tijuana,1,1,0,0,Alfredoalvarez.mx,2024-08-13
,Tijuana,1,1,0,0,Uniradio Informa,2024-08-13
,Tijuana,1,1,0,0,Zeta Tijuana,2024-08-13
"Chihuahua
(6)",Chihuahua,0,1,0,0,"La Opcion de
Chihuahua",2024-08-13
,,1,0,0,0,,2024-08-13
,,0,0,0,0,,2024-08-13
,Chihuahua,1,1,0,0,TV Azteca,2024-08-13
,Cuauhtemoc,1,1,0,0,El Puntero,2024-08-13
,Juarez,1,1,0,0,El Diario,2024-08-13
,Juarez,0,0,0,1,"El Diario de
Chihuahua",2024-08-13
,,1,0,0,0,,2024-08-13
,,0,0,0,0,,2024-08-13
,Juarez,0,0,0,1,"El Diario de
Chihuahua",2024-08-13
,,1,0,0,0,,2024-08-13
,,0,0,0,0,,2024-08-13
"Ciudad de
Mexico
(1)",Coyoacan,0,1,0,0,La Prensa,2024-08-13
,,1,0,0,0,,2024-08-13
,,0,0,0,0,,2024-08-13
"Colima
(1)",Colima,0,1,0,0,Colima al dia,2024-08-13
,,1,0,0,0,,2024-08-13
,,0,0,0,0,,2024-08-13
"Guanajuato
(6)",Celaya,1,1,0,0,Pagina Central,2024-08-13
,Celaya,1,1,0,0,Zona Franca,2024-08-13
,Huanimaro,1,1,0,0,AM,2024-08-13
,Leon,1,1,0,0,AM,2024-08-13
,Leon,0,1,0,0,"Noticias
Vespertinas",2024-08-13
,,1,0,0,0,,2024-08-13
,,0,0,0,0,,2024-08-13
,"Silao de la
Victoria",0,1,0,0,Periodico Correo,2024-08-13
,,1,0,0,0,,2024-08-13
,,0,0,0,0,,2024-08-13
"Guerrero
(7)","Acapulco de
Juarez",0,1,0,0,"Agencia de
Noticias Guerrero",2024-08-13
,,1,0,0,0,,2024-08-13
,,0,0,0,0,,2024-08-13
,"Acapulco de
Juarez",0,1,0,0,"El Sol de
Acapulco",2024-08-13
,,1,0,0,0,,2024-08-13
,,0,0,0,0,,2024-08-13
,"Atoyac de
Alvarez",0,0,1,0,"Agencia de
Noticias Guerrero",2024-08-13
,,1,0,0,0,,2024-08-13
,,0,0,0,0,,2024-08-13
,"Chilpancingo
de los Bravo",0,1,0,0,Sur Acapulco,2024-08-13
,,1,0,0,0,,2024-08-13
,,0,0,0,0,,2024-08-13
,"Coyuca de
Catalan",0,3,0,0,Proceso,2024-08-13
,,3,0,0,0,,2024-08-13
,,0,0,0,0,,2024-08-13
"Hidalgo
(1)","Tulancingo de
Bravo",0,1,0,0,El Vigia,2024-08-13
,,1,0,0,0,,2024-08-13
,,0,0,0,0,,2024-08-13
"Jalisco
(3)",Ameca,1,0,1,0,Milenio,2024-08-13
,Zapopan,0,2,0,0,"Guardia
Nocturna",2024-08-13
,,2,0,0,0,,2024-08-13
,,0,0,0,0,,2024-08-13
"Mexico
(3)","Almoloya de
Juarez",0,1,0,0,Quadratin,2024-08-13
,,1,0,0,0,,2024-08-13
,,0,0,0,0,,2024-08-13
,Nezahualcoyotl,2,1,1,0,El Universal,2024-08-13
"Morelos
(1)",Xoxocotla,0,1,0,0,"Noticias de
Morelos",2024-08-13
,,1,0,0,0,,2024-08-13
,,0,0,0,0,,2024-08-13
"Nuevo Leon
(3)",Guadalupe,1,1,0,0,El Porvenir,2024-08-13
,Guadalupe,1,1,0,0,Telediario,2024-08-13
,Pesqueria,1,0,1,0,El Porvenir,2024-08-13
"Oaxaca
(4)","San Juan
Juquila Mixes",0,3,0,0,ADN Sureste,2024-08-13
,,3,0,0,0,,2024-08-13
,,0,0,0,0,,2024-08-13
,"Santiago
Ayuquililla",0,1,0,0,Quadratin,2024-08-13
,,1,0,0,0,,2024-08-13
,,0,0,0,0,,2024-08-13
"Puebla
(2)","Venustiano
Carranza",0,2,0,0,Cinco Radio,2024-08-13
,,2,0,0,0,,2024-08-13
,,0,0,0,0,,2024-08-13
"Quintana Roo
(3)",Benito Juarez,1,1,0,0,Marcrix Noticias,2024-08-13
,Benito Juarez,1,0,0,1,Meganoticias,2024-08-13
,Benito Juarez,1,1,0,0,Por Esto!,2024-08-13
"Sinaloa
(1)",Culiacan,0,0,0,1,Reflectores MX,2024-08-13
,,1,0,0,0,,2024-08-13
,,0,0,0,0,,2024-08-13
"Sonora
(1)",Hermosillo,0,1,0,0,Uniradio Informa,2024-08-13
,,1,0,0,0,,2024-08-13
,,0,0,0,0,,2024-08-13
"Tabasco
(5)",Cardenas,0,1,0,0,"El Heraldo de
Tabasco",2024-08-13
,,1,0,0,0,,2024-08-13
,,0,0,0,0,,2024-08-13
,Centro,1,1,0,0,Tabasco Hoy,2024-08-13
,Comalcalco,0,1,0,0,"El Heraldo de
Tabasco",2024-08-13
,,1,0,0,0,,2024-08-13
,,0,0,0,0,,2024-08-13
,Paraiso,0,1,0,0,"El Heraldo de
Tabasco",2024-08-13
,,1,0,0,0,,2024-08-13
,,0,0,0,0,,2024-08-13
,Paraiso,0,1,0,0,"El Heraldo de
Tabasco",2024-08-13
,,1,0,0,0,,2024-08-13
,,0,0,0,0,,2024-08-13
"Tlaxcala
(2)","San Pablo del
Monte",0,0,0,1,Diario Cambio,2024-08-13
,,1,0,0,0,,2024-08-13
,,0,0,0,0,,2024-08-13
,"Tepetitla de
Lardizabal",0,1,0,0,"Municipios
Puebla",2024-08-13
,,1,0,0,0,,2024-08-13
,,0,0,0,0,,2024-08-13
"Veracruz de
Ignacio de la
Llave
(3)",Las Choapas,0,1,0,0,"Presencia
Veracruz",2024-08-13
,,1,0,0,0,,2024-08-13
,,0,0,0,0,,2024-08-13
,Paso del Macho,0,2,0,0,La Nigua,2024-08-13
,,2,0,0,0,,2024-08-13
,,0,0,0,0,,2024-08-13
"Zacatecas
(4)",Guadalupe,1,1,0,0,NTR Zacatecas,2024-08-13
,Jerez,3,3,0,0,NTR Zacatecas,2024-08-13
Totales:,,65,55,5,5,,2024-08-13
