Entidad,Municipio,Muertos,Hombre,Mujer,No Identificado,Fuente,Fecha
,,0,0,0,0,,2024-09-14
,,0,0,0,0,,2024-09-14
,,0,0,0,0,,2024-09-14
"Aguascalientes
(1)",Rincon de Romos,0,1,0,0,"Aguas
Digital",2024-09-14
,,1,0,0,0,,2024-09-14
,,0,0,0,0,,2024-09-14
"Baja California
(1)",Tijuana,0,1,0,0,PSN en Linea,2024-09-14
,,1,0,0,0,,2024-09-14
,,0,0,0,0,,2024-09-14
"Chiapas
(3)",Tapachula,2,0,0,2,Diario del Sur,2024-09-14
,Tapachula,1,1,0,0,Diario del Sur,2024-09-14
"Chihuahua
(1)",Juarez,0,1,0,0,Net Noticias,2024-09-14
,,1,0,0,0,,2024-09-14
,,0,0,0,0,,2024-09-14
"Ciudad de
Mexico
(3)",Azcapotzalco,0,1,0,0,"Jorge
Becerril",2024-09-14
,,1,0,0,0,,2024-09-14
,,0,0,0,0,,2024-09-14
,Gustavo A. Madero,0,1,0,0,"Jorge
Becerril",2024-09-14
,,1,0,0,0,,2024-09-14
,,0,0,0,0,,2024-09-14
,Iztacalco,0,1,0,0,"Reporte
Indigo",2024-09-14
,,1,0,0,0,,2024-09-14
,,0,0,0,0,,2024-09-14
"Colima
(3)",Cuauhtemoc,0,1,0,0,"Colima
Noticias",2024-09-14
,,1,0,0,0,,2024-09-14
,,0,0,0,0,,2024-09-14
,Cuauhtemoc,0,1,0,0,"Colima
Noticias",2024-09-14
,,1,0,0,0,,2024-09-14
,,0,0,0,0,,2024-09-14
,Tecoman,0,1,0,0,"Contexto
Colima",2024-09-14
,,1,0,0,0,,2024-09-14
,,0,0,0,0,,2024-09-14
"Guanajuato
(8)",Apaseo el Alto,0,1,0,0,"Periodico
Correo",2024-09-14
,,1,0,0,0,,2024-09-14
,,0,0,0,0,,2024-09-14
,Celaya,1,1,0,0,AM,2024-09-14
,Leon,1,1,0,0,AM,2024-09-14
,Leon,0,1,0,0,"Noticias
Vespertinas",2024-09-14
,,1,0,0,0,,2024-09-14
,,0,0,0,0,,2024-09-14
,Salamanca,1,1,0,0,Meganoticias,2024-09-14
,Salvatierra,0,1,1,0,"Periodico
Correo",2024-09-14
,,2,0,0,0,,2024-09-14
,,0,0,0,0,,2024-09-14
,Salvatierra,0,1,0,0,"Reporte
Directo",2024-09-14
,,1,0,0,0,,2024-09-14
,,0,0,0,0,,2024-09-14
"Guerrero
(1)","Acapulco de
Juarez",0,1,0,0,Quadratin,2024-09-14
,,1,0,0,0,,2024-09-14
,,0,0,0,0,,2024-09-14
"Jalisco
(1)","San Pedro
Tlaquepaque",0,0,1,0,"Guardia
Nocturna",2024-09-14
,,1,0,0,0,,2024-09-14
,,0,0,0,0,,2024-09-14
"Mexico
(1)","Atizapan de
Zaragoza",0,1,0,0,La Prensa,2024-09-14
,,1,0,0,0,,2024-09-14
,,0,0,0,0,,2024-09-14
"Michoacan de
Ocampo (7)",Apatzingan,1,1,0,0,Red 113,2024-09-14
,Morelia,1,1,0,0,Red 113,2024-09-14
,Morelia,2,2,0,0,Red 113,2024-09-14
,Tangancicuaro,1,1,0,0,Red 113,2024-09-14
,Zamora,0,1,0,0,"Noventa
Grados",2024-09-14
,,1,0,0,0,,2024-09-14
,,0,0,0,0,,2024-09-14
,Zamora,1,1,0,0,Red 113,2024-09-14
"Morelos
(1)",Xochitepec,0,1,0,0,TV Azteca,2024-09-14
,,1,0,0,0,,2024-09-14
,,0,0,0,0,,2024-09-14
"Nuevo Leon
(3)",Guadalupe,1,0,1,0,Milenio,2024-09-14
,Guadalupe,1,1,0,0,Milenio,2024-09-14
,"San Nicolas de los
Garza",0,1,0,0,El Porvenir,2024-09-14
,,1,0,0,0,,2024-09-14
,,0,0,0,0,,2024-09-14
"Oaxaca
(1)","Ocotlan de
Morelos",0,1,0,0,"Imparcial de
Oaxaca",2024-09-14
,,1,0,0,0,,2024-09-14
,,0,0,0,0,,2024-09-14
"Puebla
(3)",Chignahuapan,2,2,0,0,Puebla Roja,2024-09-14
,Coronango,1,1,0,0,MTP Noticias,2024-09-14
"Sinaloa
(9)",Culiacan,1,1,0,0,Linea Directa,2024-09-14
,Culiacan,0,1,0,0,"Los
Noticieristas",2024-09-14
,,1,0,0,0,,2024-09-14
,,0,0,0,0,,2024-09-14
,Culiacan,1,1,0,0,TV Azteca,2024-09-14
,Mazatlan,0,0,0,1,"El Sol de
Mazatlan",2024-09-14
,,1,0,0,0,,2024-09-14
,,0,0,0,0,,2024-09-14
,Mazatlan,0,3,0,0,"El Sol de
Mazatlan",2024-09-14
,,3,0,0,0,,2024-09-14
,,0,0,0,0,,2024-09-14
,Mazatlan,0,2,0,0,"El Sol de
Mazatlan",2024-09-14
,,2,0,0,0,,2024-09-14
,,0,0,0,0,,2024-09-14
"Sonora
(1)","San Luis Rio
Colorado",0,0,0,1,El Mexicano,2024-09-14
,,1,0,0,0,,2024-09-14
,,0,0,0,0,,2024-09-14
"Tabasco
(1)",Centro,0,1,0,0,Tabasco Hoy,2024-09-14
,,1,0,0,0,,2024-09-14
,,0,0,0,0,,2024-09-14
"Veracruz de
Ignacio de la
Llave
(1)",Banderilla,0,1,0,0,El Universal,2024-09-14
,,1,0,0,0,,2024-09-14
,,0,0,0,0,,2024-09-14
"Zacatecas
(1)",Vetagrande,0,1,0,0,"NTR
Zacatecas",2024-09-14
,,1,0,0,0,,2024-09-14
,,0,0,0,0,,2024-09-14
Totales:,,51,44,3,4,,2024-09-14
