Entidad,Municipio,Muertos,Hombre,Mujer,No Identificado,Fuente,Fecha
,,0,0,0,0,,2024-02-25
,,0,0,0,0,,2024-02-25
,,0,0,0,0,,2024-02-25
"Baja
California
(6)",Tijuana,1,1,0,0,Sintesis,2024-02-25
,Tijuana,1,1,0,0,Uniradio Informa,2024-02-25
,Tijuana,1,1,0,0,Uniradio Informa,2024-02-25
,Tijuana,1,1,0,0,Uniradio Informa,2024-02-25
,Tijuana,1,1,0,0,Uniradio Informa,2024-02-25
,Tijuana,1,1,0,0,Zeta Tijuana,2024-02-25
"Baja
California Sur
(1)",Los Cabos,0,0,0,1,Radar Tecate,2024-02-25
,,1,0,0,0,,2024-02-25
,,0,0,0,0,,2024-02-25
"Chiapas
(1)",Tapachula,0,1,0,0,Diario del Sur,2024-02-25
,,1,0,0,0,,2024-02-25
,,0,0,0,0,,2024-02-25
"Chihuahua
(2)",Juarez,0,1,0,0,"El Diario de
Chihuahua",2024-02-25
,,1,0,0,0,,2024-02-25
,,0,0,0,0,,2024-02-25
,Juarez,1,1,0,0,Net Noticias,2024-02-25
"Ciudad de
Mexico
(2)",Iztapalapa,1,1,0,0,Debate,2024-02-25
,Tlalpan,0,1,0,0,Twitter,2024-02-25
,,1,0,0,0,,2024-02-25
,,0,0,0,0,,2024-02-25
"Colima
(1)",Manzanillo,0,1,0,0,Va de Nuez,2024-02-25
,,1,0,0,0,,2024-02-25
,,0,0,0,0,,2024-02-25
"Guanajuato
(11)","Apaseo el
Grande",0,1,0,0,Periodico Correo,2024-02-25
,,1,0,0,0,,2024-02-25
,,0,0,0,0,,2024-02-25
,Irapuato,1,1,0,0,AM,2024-02-25
,Irapuato,1,1,0,0,AM,2024-02-25
,Irapuato,1,1,0,0,Periodico Correo,2024-02-25
,Leon,0,2,0,0,"Noticias
Vespertinas",2024-02-25
,,2,0,0,0,,2024-02-25
,,0,0,0,0,,2024-02-25
,Leon,0,1,0,0,"Noticias
Vespertinas",2024-02-25
,,1,0,0,0,,2024-02-25
,,0,0,0,0,,2024-02-25
,Leon,1,1,0,0,Zona Franca,2024-02-25
,Salvatierra,1,1,0,0,AM,2024-02-25
,"Silao de la
Victoria",0,1,0,0,AM,2024-02-25
,,1,0,0,0,,2024-02-25
,,0,0,0,0,,2024-02-25
,"Silao de la
Victoria",0,1,0,0,AM,2024-02-25
,,1,0,0,0,,2024-02-25
,,0,0,0,0,,2024-02-25
"Guerrero
(1)","Chilpancin
go de los
Bravo",0,1,0,0,La Prensa,2024-02-25
,,1,0,0,0,,2024-02-25
,,0,0,0,0,,2024-02-25
Jalisco,Tlajomulco,2,2,0,0,Telediario,2024-02-25
(2),de Zuniga,0,0,0,0,,2024-02-25
"Mexico
(2)",Tecamac,1,0,1,0,La Jornada,2024-02-25
,"Zinacante
pec",0,1,0,0,A Fondo Edomex,2024-02-25
,,1,0,0,0,,2024-02-25
,,0,0,0,0,,2024-02-25
"Michoacan
de Ocampo
(3)","Apatzinga
n",0,2,0,0,Mi Morelia,2024-02-25
,,2,0,0,0,,2024-02-25
,,0,0,0,0,,2024-02-25
,Uruapan,1,1,0,0,IM Noticias,2024-02-25
"Morelos
(3)",Cuautla,1,0,1,0,24 Morelos,2024-02-25
,"Cuernavac
a",0,1,0,0,Voces de Morelos,2024-02-25
,,1,0,0,0,,2024-02-25
,,0,0,0,0,,2024-02-25
,"Emiliano
Zapata",0,1,0,0,Linea Directa,2024-02-25
,,1,0,0,0,,2024-02-25
,,0,0,0,0,,2024-02-25
"Nuevo Leon
(2)",Apodaca,0,1,1,0,ABC Noticias,2024-02-25
,,2,0,0,0,,2024-02-25
,,0,0,0,0,,2024-02-25
"Oaxaca
(4)","Juchitan
de
Zaragoza",0,1,0,0,"El Pinero de la
Cuenca",2024-02-25
,,1,0,0,0,,2024-02-25
,,0,0,0,0,,2024-02-25
,"San Pedro
Pochutla",0,2,0,0,Lopez Doriga,2024-02-25
,,2,0,0,0,,2024-02-25
,,0,0,0,0,,2024-02-25
,"Zimatlan
de Alvarez",0,1,0,0,"El Pinero de la
Cuenca",2024-02-25
,,1,0,0,0,,2024-02-25
,,0,0,0,0,,2024-02-25
"Puebla
(5)","Cuautlanci
ngo",0,1,0,0,Callejero,2024-02-25
,,1,0,0,0,,2024-02-25
,,0,0,0,0,,2024-02-25
,"San Felipe
Teotlalcing
o",0,1,0,0,Intolerencia Diario,2024-02-25
,,1,0,0,0,,2024-02-25
,,0,0,0,0,,2024-02-25
,"San
Salvador el
Verde",0,3,0,0,El Universal,2024-02-25
,,3,0,0,0,,2024-02-25
,,0,0,0,0,,2024-02-25
"Sonora
(1)",Cajeme,0,1,0,0,Diario del Yaqui,2024-02-25
,,1,0,0,0,,2024-02-25
,,0,0,0,0,,2024-02-25
"Tabasco
(4)","Macuspan
a",0,1,0,0,XEVA Noticias,2024-02-25
,,1,0,0,0,,2024-02-25
,,0,0,0,0,,2024-02-25
,Paraiso,2,1,1,0,XEVA Noticias,2024-02-25
,Teapa,0,0,1,0,"El Heraldo de
Tabasco",2024-02-25
,,1,0,0,0,,2024-02-25
,,0,0,0,0,,2024-02-25
"Veracruz de
Ignacio de la
Llave
(1)",Tihuatlan,0,1,0,0,XEU Noticias,2024-02-25
,,1,0,0,0,,2024-02-25
,,0,0,0,0,,2024-02-25
Totales:,,52,46,5,1,,2024-02-25
