Entidad,Municipio,Muertos,Hombre,Mujer,No Identificado,Fuente,Fecha
,,0,0,0,0,,2024-06-19
,,0,0,0,0,,2024-06-19
,,0,0,0,0,,2024-06-19
"Baja
California
(9)",Tijuana,2,1,1,0,AFN Tijuana,2024-06-19
,Tijuana,1,1,0,0,El Sol de Tijuana,2024-06-19
,Tijuana,1,1,0,0,Uniradio Informa,2024-06-19
,Tijuana,2,2,0,0,Uniradio Informa,2024-06-19
,Tijuana,1,0,0,1,Uniradio Informa,2024-06-19
,Tijuana,1,1,0,0,Uniradio Informa,2024-06-19
,Tijuana,1,1,0,0,Uniradio Informa,2024-06-19
"Baja
California
Sur
(1)",La Paz,0,0,0,1,Peninsular Digital,2024-06-19
,,1,0,0,0,,2024-06-19
,,0,0,0,0,,2024-06-19
"Chiapas
(3)",Pantelho,1,1,0,0,Milenio,2024-06-19
,Suchiate,1,1,0,0,Diario del Sur,2024-06-19
,Tecpatan,1,0,0,1,Diario de Chiapas,2024-06-19
"Chihuahua
(5)",Cusihuiriachi,1,1,0,0,Codigo Delicias,2024-06-19
,Juarez,1,1,0,0,La Opcion de Chihuahua,2024-06-19
,Juarez,2,0,0,2,Puente Libre,2024-06-19
,Juarez,1,0,0,1,Social Morelia,2024-06-19
"Ciudad de
Mexico
(3)",Azcapotzalco,1,0,1,0,El Financiero,2024-06-19
,Cuauhtemoc,1,1,0,0,Telediario,2024-06-19
,"Venustiano
Carranza",0,1,0,0,Notas Cortas,2024-06-19
,,1,0,0,0,,2024-06-19
,,0,0,0,0,,2024-06-19
"Colima
(1)","Villa de
Alvarez",0,1,0,0,Diario de Colima,2024-06-19
,,1,0,0,0,,2024-06-19
,,0,0,0,0,,2024-06-19
"Durango
(1)",Durango,0,1,0,0,El Sol de Durango,2024-06-19
,,1,0,0,0,,2024-06-19
,,0,0,0,0,,2024-06-19
"Guanajuato
(8)",Celaya,1,1,0,0,Informativo Agora,2024-06-19
,Guanajuato,1,1,0,0,El Sol de Leon,2024-06-19
,Irapuato,1,0,1,0,Periodico Correo,2024-06-19
,Leon,1,0,1,0,El Sol de Leon,2024-06-19
,Leon,1,1,0,0,Noticias Vespertinas,2024-06-19
,Salamanca,1,1,0,0,El Sol de Salamanca,2024-06-19
,Tarimoro,2,2,0,0,Periodico Correo,2024-06-19
"Guerrero
(2)","Acapulco de
Juarez",0,1,0,0,Lo Real de Guerrero,2024-06-19
,,1,0,0,0,,2024-06-19
,,0,0,0,0,,2024-06-19
,"Chilpancingo
de los Bravo",0,1,0,0,Quadratin,2024-06-19
,,1,0,0,0,,2024-06-19
,,0,0,0,0,,2024-06-19
"Hidalgo
(2)",Ixmiquilpan,0,2,0,0,La Jornada Hidalgo,2024-06-19
,,2,0,0,0,,2024-06-19
,,0,0,0,0,,2024-06-19
"Jalisco
(11)",Ameca,2,2,0,0,Fiscalia de Jalisco,2024-06-19
,Guadalajara,2,2,0,0,El Occidental,2024-06-19
,Jocotepec,2,0,0,2,Guardia Nocturna,2024-06-19
,"San Pedro
Tlaquepaque",0,0,1,0,Guardia Nocturna,2024-06-19
,,1,0,0,0,,2024-06-19
,,0,0,0,0,,2024-06-19
,"Tlajomulco de
Zuniga",0,1,0,0,Guardia Nocturna,2024-06-19
,,1,0,0,0,,2024-06-19
,,0,0,0,0,,2024-06-19
,Tonala,1,1,0,0,Guardia Nocturna,2024-06-19
,Zapopan,1,0,0,1,Guardia Nocturna,2024-06-19
,Zapopan,1,0,0,1,Guardia Nocturna,2024-06-19
"Mexico
(1)",Ocoyoacac,0,0,0,1,A Fondo Edomex,2024-06-19
,,1,0,0,0,,2024-06-19
,,0,0,0,0,,2024-06-19
"Michoacan
de
Ocampo
(6)",Apatzingan,1,1,0,0,Noventa Grados,2024-06-19
,Apatzingan,1,1,0,0,Noventa Grados,2024-06-19
,Uruapan,1,1,0,0,Noventa Grados,2024-06-19
,Zamora,2,0,0,2,Changoonga,2024-06-19
,Zamora,1,1,0,0,RED Michoacan,2024-06-19
"Morelos
(1)",Tepoztlan,0,1,0,0,Central de Noticias,2024-06-19
,,1,0,0,0,,2024-06-19
,,0,0,0,0,,2024-06-19
"Nuevo
Leon
(1)",Juarez,0,1,0,0,Posta,2024-06-19
,,1,0,0,0,,2024-06-19
,,0,0,0,0,,2024-06-19
"Oaxaca
(2)","Ocotlan de
Morelos",0,0,0,1,Primera Linea MX,2024-06-19
,,1,0,0,0,,2024-06-19
,,0,0,0,0,,2024-06-19
,"Villa de
Zaachila",0,1,0,0,El Pinero de la Cuenca,2024-06-19
,,1,0,0,0,,2024-06-19
,,0,0,0,0,,2024-06-19
"Puebla
(6)",Cuautlancingo,1,1,0,0,Cinco Radio,2024-06-19
,Puebla,1,0,0,1,Periodico Central,2024-06-19
,Quecholac,1,1,0,0,El Sol de Puebla,2024-06-19
,Yehualtepec,3,3,0,0,Puebla en Linea,2024-06-19
"Queretaro
(1)","San Juan del
Rio",0,0,0,1,ADN Sureste,2024-06-19
,,1,0,0,0,,2024-06-19
,,0,0,0,0,,2024-06-19
"Quintana
Roo
(1)",Solidaridad,0,1,0,0,Noticaribe,2024-06-19
,,1,0,0,0,,2024-06-19
,,0,0,0,0,,2024-06-19
"San Luis
Potosi
(1)",Villa Hidalgo,0,0,1,0,Pulso San Luis Potosi,2024-06-19
,,1,0,0,0,,2024-06-19
,,0,0,0,0,,2024-06-19
"Sinaloa
(1)",Culiacan,0,1,0,0,Los Noticieristas,2024-06-19
,,1,0,0,0,,2024-06-19
,,0,0,0,0,,2024-06-19
"Tabasco
(2)","Jalpa de
Mendez",0,2,0,0,Tabasco Hoy,2024-06-19
,,2,0,0,0,,2024-06-19
,,0,0,0,0,,2024-06-19
"Veracruz
de Ignacio
de la Llave
(3)",Tuxpan,1,1,0,0,La Silla Rota,2024-06-19
,Tuxpan,0,2,0,0,La Silla Rota,2024-06-19
,,2,0,0,0,,2024-06-19
,,0,0,0,0,,2024-06-19
Totales:,,72,50,6,16,,2024-06-19
