Entidad,Municipio,Muertos,Hombre,Mujer,No Identificado,Fuente,Fecha
,,0,0,0,0,,2024-08-24
,,0,0,0,0,,2024-08-24
,,0,0,0,0,,2024-08-24
"Baja
California
(7)",Tijuana,1,0,1,0,PSN en Linea,2024-08-24
,Tijuana,1,1,0,0,PSN en Linea,2024-08-24
,Tijuana,1,1,0,0,Sintesis,2024-08-24
,Tijuana,1,1,0,0,Uniradio Informa,2024-08-24
,Tijuana,1,0,1,0,Uniradio Informa,2024-08-24
,Tijuana,1,1,0,0,Uniradio Informa,2024-08-24
,Tijuana,1,1,0,0,Uniradio Informa,2024-08-24
"Chiapas
(2)",Ocosingo,0,2,0,0,Milenio,2024-08-24
,,2,0,0,0,,2024-08-24
,,0,0,0,0,,2024-08-24
"Chihuahua
(3)",Juarez,1,1,0,0,Net Noticias,2024-08-24
,Juarez,1,1,0,0,Net Noticias,2024-08-24
,Juarez,1,1,0,0,Net Noticias,2024-08-24
"Ciudad de
Mexico
(4)",Cuauhtemoc,3,1,2,0,El Heraldo de Mexico,2024-08-24
,Iztapalapa,0,1,0,0,Reforma,2024-08-24
,,1,0,0,0,,2024-08-24
,,0,0,0,0,,2024-08-24
"Coahuila
de
Zaragoza
(1)","Piedras
Negras",0,1,0,0,Zocalo,2024-08-24
,,1,0,0,0,,2024-08-24
,,0,0,0,0,,2024-08-24
"Guanajuato
(7)",Celaya,1,1,0,0,AM,2024-08-24
,Celaya,1,1,0,0,Periodico Correo,2024-08-24
,Celaya,2,2,0,0,Periodico Correo,2024-08-24
,Cortazar,1,1,0,0,Mega noticias,2024-08-24
,San Felipe,1,1,0,0,AM,2024-08-24
,Yuriria,1,0,1,0,Periodico Correo,2024-08-24
"Guerrero
(5)","Acapulco de
Juarez",0,1,0,0,Excelsior,2024-08-24
,,1,0,0,0,,2024-08-24
,,0,0,0,0,,2024-08-24
,"Acapulco de
Juarez",0,1,0,0,Quadratin,2024-08-24
,,1,0,0,0,,2024-08-24
,,0,0,0,0,,2024-08-24
,"Acapulco de
Juarez",0,1,0,0,Quadratin,2024-08-24
,,1,0,0,0,,2024-08-24
,,0,0,0,0,,2024-08-24
,"Atoyac de
Alvarez",0,1,0,0,Sur Acapulco,2024-08-24
,,1,0,0,0,,2024-08-24
,,0,0,0,0,,2024-08-24
,"Chilpancingo
de los Bravo",0,0,1,0,Sur Acapulco,2024-08-24
,,1,0,0,0,,2024-08-24
,,0,0,0,0,,2024-08-24
"Jalisco
(1)","San Pedro
Tlaquepaque",0,1,0,0,NTR Guadalajara,2024-08-24
,,1,0,0,0,,2024-08-24
,,0,0,0,0,,2024-08-24
"Mexico
(1)",Toluca,0,0,1,0,DigitalMex,2024-08-24
,,1,0,0,0,,2024-08-24
,,0,0,0,0,,2024-08-24
"Michoacan
de
Ocampo
(5)",Morelia,1,1,0,0,Primera Plana,2024-08-24
,Morelia,1,1,0,0,Primera Plana,2024-08-24
,Morelia,2,2,0,0,Quadratin,2024-08-24
,Zamora,1,0,1,0,Red 113,2024-08-24
"Morelos
(2)",Cuernavaca,1,1,0,0,El Sol de Cuernavaca,2024-08-24
,Jiutepec,1,0,1,0,Diario de Morelos,2024-08-24
"Nuevo
Leon
(1)",Guadalupe,0,1,0,0,El Horizonte,2024-08-24
,,1,0,0,0,,2024-08-24
,,0,0,0,0,,2024-08-24
"Puebla
(1)",Yehualtepec,0,1,0,0,El Pinero de la Cuenca,2024-08-24
,,1,0,0,0,,2024-08-24
,,0,0,0,0,,2024-08-24
"Queretaro
(1)","San Juan del
Rio",0,1,0,0,Voz Imparcial,2024-08-24
,,1,0,0,0,,2024-08-24
,,0,0,0,0,,2024-08-24
"Quintana
Roo
(2)","Benito
Juarez",0,1,0,0,La Palabra del Caribe,2024-08-24
,,1,0,0,0,,2024-08-24
,,0,0,0,0,,2024-08-24
,"Benito
Juarez",0,1,0,0,Periodismo Objetivo,2024-08-24
,,1,0,0,0,,2024-08-24
,,0,0,0,0,,2024-08-24
"San Luis
Potosi
(1)","San Luis
Potosi",0,1,0,0,Pulso San Luis Potosi,2024-08-24
,,1,0,0,0,,2024-08-24
,,0,0,0,0,,2024-08-24
"Sinaloa
(1)",Guasave,0,1,0,0,Cafe Negro Portal,2024-08-24
,,1,0,0,0,,2024-08-24
,,0,0,0,0,,2024-08-24
"Sonora
(2)",Caborca,0,0,2,0,Entorno Informativo,2024-08-24
,,2,0,0,0,,2024-08-24
,,0,0,0,0,,2024-08-24
"Tabasco
(5)",Cardenas,1,1,0,0,La Nigua,2024-08-24
,Centro,2,2,0,0,XEVT,2024-08-24
,Comalcalco,1,1,0,0,El Heraldo de Tabasco,2024-08-24
,Nacajuca,1,1,0,0,XEVA Noticias,2024-08-24
"Tlaxcala
(1)","San Pablo
del Monte",0,1,0,0,Urbano Puebla,2024-08-24
,,1,0,0,0,,2024-08-24
,,0,0,0,0,,2024-08-24
"Veracruz
de Ignacio
de la Llave
(3)","Martinez de
la Torre",0,1,0,0,Golpe Politico,2024-08-24
,,1,0,0,0,,2024-08-24
,,0,0,0,0,,2024-08-24
,Nogales,1,1,0,0,El Pinero de la Cuenca,2024-08-24
,Yanga,1,1,0,0,Plumas Libres,2024-08-24
Totales:,,56,45,11,0,,2024-08-24
